dataset,key,w,h,mode,kb,corrupt,gray
VMMRdb,saturn_ion_2006/saturn_ion_2006_15.jpg,444,332,RGB,48.044921875,False,False
VMMRdb,mini_cooper_2013/mini_cooper_2013_1.jpg,336,252,RGB,33.31640625,False,False
VMMRdb,honda_accord_2007/2007 Honda Accord_01111_9jB9mzD3xmb_600x450.jpg,600,337,RGB,18.3408203125,False,False
VMMRdb,toyota_camry_1994/toyota_camry_1994_4.jpg,476,356,RGB,57.8173828125,False,False
VMMRdb,kia_sportage_2001/2001 kia sportage_00303_2kHND4MohQf_600x450.jpg,600,337,RGB,38.482421875,False,False
VMMRdb,chevrolet_corvette_2009/chevrolet_corvette_2009_0.jpg,412,308,RGB,56.5634765625,False,False
VMMRdb,chevrolet_impala_2008/2008 Chevrolet Impala_00G0G_eSkcs9uTHAc_600x450.jpg,600,337,RGB,28.109375,False,False
VMMRdb,chevrolet_tahoe_2015/2015 Chevrolet Tahoe LTZ_A1UOxTAHq6L._UY560_.png,968,560,RGB,54.92578125,False,True
VMMRdb,buick_rainier_2004/buick_rainier_2004_23.jpg,444,332,RGB,60.798828125,False,False
VMMRdb,toyota_camry_2011/toyota_camry_2011_60.jpg,332,252,RGB,35.169921875,False,False
VMMRdb,chevrolet_c-k1500_1990/chevrolet_c1500_1990_0.jpg,360,268,RGB,38.037109375,False,False
VMMRdb,ford_ranger_1999/1999 Ford Ranger_00101_Nq7ECI2r3N_600x450.jpg,337,450,RGB,29.2275390625,False,False
VMMRdb,chevrolet_aveo_2005/chevrolet_aveo_2005_45.jpg,476,356,RGB,40.8271484375,False,False
VMMRdb,mini_cooper_2006/mini_coopers_2006_4.jpg,360,268,RGB,27.095703125,False,False
VMMRdb,ford_f100_1968/1968 Ford f100_00T0T_ilsU0hyBdA6_600x450.jpg,600,337,RGB,39.630859375,False,False
VMMRdb,chevrolet_cavalier_2003/chevrolet_cavalier_2003_86.jpg,312,236,RGB,27.5859375,False,False
VMMRdb,mazda_3_hatchback_2012/mazda_3hatchback_2012_1.jpg,508,380,RGB,54.9208984375,False,False
VMMRdb,bmw_525i_1995/bmw_525i_1995_14.jpg,312,236,RGB,34.6201171875,False,False
VMMRdb,dodge_ram_3500_2007/dodge_3500_2007_2.jpg,444,332,RGB,70.5732421875,False,False
VMMRdb,chevrolet_camaro_2014/2014 Chevrolet Camaro_00b0b_aEgVP8qvkju_600x450.jpg,600,448,RGB,52.4072265625,False,False
VMMRdb,infiniti_g35_2004/infiniti_g35_2004_83.jpg,548,408,RGB,62.779296875,False,False
VMMRdb,mazda_mpv_2001/mazda_mpv_2001_61.jpg,332,252,RGB,23.572265625,False,False
VMMRdb,toyota_camry_2001/2001 Toyota Camry_00q0q_31bzzLVxtVe_600x450.jpg,600,450,RGB,40.556640625,False,False
VMMRdb,toyota_4runner_1997/00S0S_3jlBHijOFhs_600x450.jpg,600,448,RGB,45.9423828125,False,False
VMMRdb,ford_mustang_convertible_2000/2000 ford mustang convertible_00e0e_2s1OISepBmT_600x450.jpg,600,450,RGB,41.9140625,False,False
VMMRdb,cadillac_sts_2003/cadillac_sts_2003_1.jpg,332,252,RGB,32.15625,False,False
VMMRdb,mitsubishi_lancer_2010/00k0k_9I0WKcT13HJ_600x450.jpg,600,450,RGB,52.1806640625,False,False
VMMRdb,chevrolet_corvette_2005/chevrolet_corvette_2005_12.jpg,336,252,RGB,31.640625,False,False
VMMRdb,toyota_solara_2002/00101_56Lr7473NwS_600x450.jpg,600,450,RGB,46.46484375,False,False
VMMRdb,toyota_sienna_2012/2012 toyota sienna_00e0e_2LYIBszPsas_600x450.jpg,337,450,RGB,25.1416015625,False,False
VMMRdb,honda_accord_2 door_2000/2000 honda accord 2-door coupe_00S0S_1XgEPcJCyR2_600x450.jpg,337,450,RGB,24.7080078125,False,False
VMMRdb,chrysler_300_2008/chrysler_300_2008_0.jpg,476,356,RGB,55.1455078125,False,False
VMMRdb,lexus_ls430_2002/lexus_ls430_2002_10.jpg,444,332,RGB,59.7197265625,False,False
VMMRdb,chevrolet_malibu_2016/2016 Chevrolet Malibu_B1rk1si9soS._UY560_.png,1059,560,RGB,60.4384765625,False,True
VMMRdb,ford_f250_2005/2005 ford f250_00L0L_6yCmLwRc0i9_600x450.jpg,337,450,RGB,17.3701171875,False,False
VMMRdb,honda_civic_2000/2000 Honda civic sedan_01212_jbbuCJ0gnn0_600x450.jpg,336,450,RGB,15.373046875,False,False
VMMRdb,ford_focus_2004/2004 ford focus_00M0M_cELsw1HQaMQ_600x450.jpg,600,450,RGB,57.9609375,False,False
VMMRdb,toyota_prius_2014/2014 Toyto Prius_00f0f_ab8W5q0nOvR_600x450.jpg,600,428,RGB,38.8916015625,False,False
VMMRdb,ford_f150_1997/ford_f150_1997_113.jpg,360,268,RGB,34.4345703125,False,False
VMMRdb,dodge_caliber_2007/00r0r_dAFNB6M6ujS_600x450.jpg,600,450,RGB,29.5546875,False,False
VMMRdb,chevrolet_chevelle_1966/1966 Chevy Chevelle super sport_00202_hoRxiq16JP0_600x450.jpg,600,450,RGB,50.3447265625,False,False
VMMRdb,chevrolet_c-k1500_1991/1991 Chevrolet K1500_00g0g_jx2VUY19xkT_600x450.jpg,600,337,RGB,33.1591796875,False,False
VMMRdb,dodge_neon_1999/dodge_neon_1999_3.jpg,476,356,RGB,43.4697265625,False,False
VMMRdb,volkswagen_tiguan_2013/2013 Volkswagen Tiguan SEL_B1ss6h1PblS._UY560_.png,707,560,RGB,40.630859375,False,False
VMMRdb,buick_enclave_2010/2010 Buick Enclave_00404_ewGJ8Rq8CFN_600x450.jpg,600,448,RGB,34.50390625,False,False
VMMRdb,ford_f150_2000/ford_f150_2000_18.jpg,360,268,RGB,31.4033203125,False,False
VMMRdb,ford_e350_2006/2006 Ford E350_00g0g_4uTvFMC7Xt8_600x450.jpg,600,450,RGB,56.685546875,False,False
VMMRdb,jeep_grand_cherokee_2004/jeep_grandcherokee_2004_201.jpg,412,308,RGB,39.375,False,False
VMMRdb,ford_explorer_1998/00D0D_9AGKW5wUDIk_600x450.jpg,600,450,RGB,36.708984375,False,False
VMMRdb,infiniti_g35_2005/00R0R_3Rq1t4R4eHQ_600x450.jpg,356,450,RGB,17.65234375,False,False
VMMRdb,gmc_sierra_1500_2005/gmc_sierra_2005_16.jpg,412,308,RGB,49.5625,False,False
VMMRdb,lexus_ls430_2002/2002 Lexus LS 430_00303_3cE5UoiJXlq_600x450.jpg,600,450,RGB,43.9892578125,False,False
VMMRdb,dodge_stratus_2003/2003 Dodge Stratus_00L0L_4Vqi5bl66Ef_600x450.jpg,600,337,RGB,32.044921875,False,False
VMMRdb,chevrolet_c-k2500_1998/1998 Chevrolet K2500_00a0a_2FjxlOwMzTM_600x450.jpg,338,450,RGB,27.5439453125,False,False
VMMRdb,hyundai_tiburon_2005/hyundai_tiburon_2005_14.jpg,548,408,RGB,62.44921875,False,False
VMMRdb,ford_mustang_2014/2014 Ford Mustang GT_A1kWCUdXPWL._UY560_.png,929,560,RGB,43.1533203125,False,True
VMMRdb,chevrolet_cobalt_2007/2007 Chevy cobalt_00b0b_cmqgBstf3lx_600x450.jpg,600,337,RGB,36.0986328125,False,False
VMMRdb,plymouth_voyager_1999/plymouth_voyager_1999_12.jpg,476,356,RGB,44.4052734375,False,False
VMMRdb,saturn_vue_2008/2008 Saturn Vue_00l0l_jHpMhDDO3Tn_600x450.jpg,600,450,RGB,43.037109375,False,False
VMMRdb,chevrolet_cobalt_2006/chevrolet_cobalt_2006_49.jpg,312,236,RGB,30.76171875,False,False
VMMRdb,gmc_acadia_2009/gmc_acadia_2009_15.jpg,548,408,RGB,51.2900390625,False,False
VMMRdb,chrysler_300_2005/2005 chrysler 300_00H0H_iGk3YSbxExL_600x450.jpg,600,450,RGB,35.447265625,False,False
VMMRdb,ford_f150_2005/ford_f150_2005_134.jpg,388,288,RGB,32.734375,False,False
VMMRdb,mazda_cx7_2007/2007 mazda cx7_00O0O_eDEsQIp1mk5_600x450.jpg,600,337,RGB,40.134765625,False,False
VMMRdb,mercury_mountaineer_2001/mercury_mountaineer_2001_10.jpg,336,252,RGB,24.7060546875,False,False
VMMRdb,bmw_330i_2003/bmw_330i_2003_15.jpg,444,332,RGB,54.58203125,False,False
VMMRdb,isuzu_trooper_1999/isuzu_trooper_1999_13.jpg,548,408,RGB,64.2490234375,False,False
VMMRdb,honda_civic_1996/01717_fZfXsS4drgc_600x450.jpg,600,358,RGB,37.2333984375,False,False
VMMRdb,ford_mustang_convertible_2001/2001 ford mustang convertible_00V0V_aHPihR80MQa_600x450.jpg,600,450,RGB,42.5537109375,False,False
VMMRdb,chevrolet_uplander_2005/chevrolet_uplander_2005_5.jpg,248,204,RGB,20.1005859375,False,False
VMMRdb,nissan_frontier_2000/nissan_frontier_2000_13.jpg,548,408,RGB,51.06640625,False,False
VMMRdb,nissan_altima_2002/2002 nissan altima_00W0W_8GkcSwaV0L4_600x450.jpg,600,450,RGB,46.0712890625,False,False
VMMRdb,chevrolet_colorado_2008/2008 chevrolet colorado_00V0V_465vsPb0WYL_600x450.jpg,600,450,RGB,28.59765625,False,False
VMMRdb,bmw_330i_2002/2002 BMW 330i Premium_01414_8Pe2sPvft1z_600x450.jpg,600,450,RGB,56.0771484375,False,False
VMMRdb,ford_f150_1997/ford_f150_1997_36.jpg,444,332,RGB,58.3017578125,False,False
VMMRdb,mercedes benz_e320_2002/mercedes_e320_2002_12.jpg,588,440,RGB,62.62890625,False,False
VMMRdb,lincoln_towncar_1999/lincoln_towncar_1999_46.jpg,336,252,RGB,33.58984375,False,False
VMMRdb,chevrolet_equinox_2015/2015 Chevrolet Equinox_71MZUPcJzuL._UY560_.jpg,1079,560,RGB,60.740234375,False,True
VMMRdb,chevrolet_malibu_2004/chevrolet_malibu_2004_92.jpg,548,408,RGB,80.0546875,False,False
VMMRdb,ford_f150_2003/2003 Ford F 250 super duty 4x4_00s0s_bh4XnTpbx6G_600x450.jpg,600,450,RGB,44.3330078125,False,False
VMMRdb,audi_tt_2013/2013 audi tt coupe quattro_00X0X_2zOt1alV2FY_600x450.jpg,600,349,RGB,43.0966796875,False,False
VMMRdb,ford_mustang_2001/ford_mustang_2001_2.jpg,272,204,RGB,16.306640625,False,False
VMMRdb,nissan_altima_2002/nissan_altima_2002_146.jpg,476,356,RGB,43.6953125,False,False
VMMRdb,toyota_yaris_2014/2014 Toyota Yaris_A1RrlNnMcJL._UY560_.png,1234,560,RGB,68.12890625,False,False
VMMRdb,toyota_sienna_2010/2010 toyota sienna_00P0P_bJafTGWZP81_600x450.jpg,600,450,RGB,42.470703125,False,False
VMMRdb,ford_thunderbird_2005/2005 Ford Thunderbird_919jnMJZfiL._UY560_.png,1264,560,RGB,60.5693359375,False,False
VMMRdb,ford_lincoln_2006/2006 Ford Lincoln Town car signature_00K0K_4OjOSY5sjT7_600x450.jpg,600,337,RGB,25.0146484375,False,False
VMMRdb,ford_mustang_2006/2006 ford mustang_00G0G_7hHtEAFJdfn_600x450.jpg,600,337,RGB,43.1005859375,False,False
VMMRdb,saturn_vue_2008/2008 vue_00w0w_8jyHlpwfp9V_600x450.jpg,600,450,RGB,50.400390625,False,False
VMMRdb,chevrolet_el camino_1976/1976 chevrolet el camino_00f0f_2npWA3jHeJs_600x450.jpg,600,399,RGB,39.0966796875,False,False
VMMRdb,hyundai_santafe_2004/hyundai_santafe_2004_9.jpg,256,192,RGB,18.7333984375,False,False
VMMRdb,jeep_grand_cherokee_2004/jeep_grandcherokee_2004_118.jpg,312,236,RGB,27.4580078125,False,False
VMMRdb,kia_sorento_2007/kia_sorento_2007_13.jpg,548,408,RGB,64.2158203125,False,False
VMMRdb,jeep_cherokee_2001/2001 Jeep Cherokee_00I0I_ansEk2i4OX_600x450.jpg,600,450,RGB,48.234375,False,False
VMMRdb,mitsubishi_eclipse_1998/mitsubishi_eclipse_1998_26.jpg,332,252,RGB,24.84375,False,False
VMMRdb,dodge_caliber_2007/2007 dodge caliber_00l0l_6J2UauAwVeT_600x450.jpg,600,337,RGB,28.619140625,False,False
VMMRdb,dodge_stratus_2004/2004 Dodge Stratus SXT_00k0k_9ewaQckF7HP_600x450.jpg,600,450,RGB,38.1015625,False,False
VMMRdb,ford_f150_1999/ford_f150_1999_88.jpg,588,440,RGB,62.7763671875,False,False
VMMRdb,toyota_4runner_2004/toyota_4runner_2004_54.jpg,548,408,RGB,70.1142578125,False,False
VMMRdb,mercedes benz_e320_1998/mercedes_e320_1998_20.jpg,312,236,RGB,27.8447265625,False,False
VMMRdb,dodge_neon_1998/dodge_neon_1998_12.jpg,444,332,RGB,51.7646484375,False,False
VMMRdb,mercedes benz_slk320_2000/mercedes_slk320_2000_0.jpg,508,380,RGB,51.9072265625,False,False
VMMRdb,toyota_camry_2009/00q0q_7v8sYcmYvGa_600x450.jpg,600,450,RGB,28.6416015625,False,False
VMMRdb,dodge_magnum_2006/dodge_magnum_2006_49.jpg,548,376,RGB,65.513671875,False,False
VMMRdb,toyota_4runner_1996/1996 96 toyota 4runner_00Z0Z_14PZSrGmu2l_600x450.jpg,253,450,RGB,29.615234375,False,False
VMMRdb,chevrolet_impala_1964/00Q0Q_ekERJ5iOb8X_600x450.jpg,600,450,RGB,51.5498046875,False,False
VMMRdb,chevrolet_c10_1970/chevrolet_c10_1970_13.jpg,360,268,RGB,38.6640625,False,False
VMMRdb,kia_sorento_2011/2011 Kia Sorento EX_00y0y_drZST25B05V_600x450.jpg,600,450,RGB,67.1474609375,False,False
VMMRdb,saturn_aura_2007/saturn_aura_2007_27.jpg,444,332,RGB,44.7080078125,False,False
VMMRdb,ford_mustang_2000/00m0m_iUfOyItlXhc_600x450.jpg,600,450,RGB,21.62890625,False,False
VMMRdb,chevrolet_impala_1967/00j0j_bAabu1fsfIL_600x450.jpg,600,450,RGB,34.6142578125,False,False
VMMRdb,ford_escape_2006/2006 ford escape hybrid_00i0i_feb6ChTwIlq_600x450.jpg,253,450,RGB,27.3759765625,False,False
VMMRdb,toyota_corolla_1995/toyota_corolla_1995_27.jpg,548,408,RGB,69.283203125,False,False
VMMRdb,mitsubishi_outlander_2014/2014 Mitsubishi Outlander_00I0I_aH06qMADPoI_600x450.jpg,600,448,RGB,45.958984375,False,False
VMMRdb,honda_cr-v_1998/honda_crv_1998_44.jpg,548,376,RGB,73.2470703125,False,False
VMMRdb,chevrolet_impala_2001/chevrolet_impala_2001_41.jpg,476,356,RGB,54.5263671875,False,False
VMMRdb,jeep_grand_cherokee_2000/jeep_grandcherokee_2000_141.jpg,508,380,RGB,50.267578125,False,False
VMMRdb,volkswagen_gti_2002/2002 Volkswagen GTI_00K0K_5BJWrTXFAaq_600x450.jpg,600,337,RGB,28.84765625,False,False
VMMRdb,chevrolet_s10_1993/1993 S10 chevy_00R0R_eZIsl5rwBF9_600x450.jpg,600,450,RGB,62.18359375,False,False
VMMRdb,honda_civic_2008/honda_civic_2008_51.jpg,388,288,RGB,26.7548828125,False,False
VMMRdb,chevrolet_cavalier_2003/chevrolet_cavalier_2003_63.jpg,312,236,RGB,31.2275390625,False,False
VMMRdb,oldsmobile_eightyeight_1973/1973 oldsmobile delta 88_00s0s_ftJodp7DaWS_600x450.jpg,600,337,RGB,42.126953125,False,False
VMMRdb,toyota_tundra_2007/2007 Toyota tundra_00W0W_3QQYle5mG8b_600x450.jpg,600,337,RGB,22.4150390625,False,False
VMMRdb,mercedes benz_e500_2004/mercedes_e500_2004_8.jpg,508,380,RGB,40.3955078125,False,False
VMMRdb,bmw_x5_2007/2007 bmw x5 3.0si_00505_hCqC47a3p6E_600x450.jpg,600,390,RGB,35.2890625,False,False
VMMRdb,mercury_grandmarquis_2003/2003 MERCURY GRAND MARQUIS GS_00g0g_aG10YLtheiA_600x450.jpg,600,337,RGB,37.9384765625,False,False
VMMRdb,dodge_durango_2000/dodge_durango_2000_182.jpg,588,440,RGB,54.529296875,False,False
VMMRdb,ford_escape_2002/ford_escape_2002_84.jpg,476,356,RGB,43.51171875,False,False
VMMRdb,volkswagen_golf_2001/volkswagen_golf_2001_34.jpg,508,380,RGB,48.166015625,False,False
VMMRdb,mazda_mx5_miata_2016/2016 MAZDA MX-5 MIATA_00000_iLJBDJbXnks_600x450.jpg,600,337,RGB,35.8125,False,False
VMMRdb,ford_crown victoria_2002/ford_crownvictoria_2002_16.jpg,588,440,RGB,81.55078125,False,False
VMMRdb,toyota_avalon_2006/2006 Toyota avalon xls_00N0N_5280oCwTMoS_600x450.jpg,600,337,RGB,29.0927734375,False,False
VMMRdb,jeep_cherokee_1992/1992 Jeep Cherokee Laredo_00Z0Z_6rjFHzioYvY_600x450.jpg,600,450,RGB,56.1865234375,False,False
VMMRdb,ford_f250_2002/2002 Ford F250_00D0D_3NlRDvjORXU_600x450.jpg,600,450,RGB,25.2939453125,False,False
VMMRdb,jeep_grand_cherokee_1999/jeep_grandcherokee_1999_113.jpg,412,308,RGB,34.8076171875,False,False
VMMRdb,ford_focus_2009/ford_focus_2009_31.jpg,388,288,RGB,31.306640625,False,False
VMMRdb,chevrolet_impala_1965/1965 Chevy Impala_01717_gIh1KMZPwJf_600x450.jpg,600,450,RGB,47.3515625,False,False
VMMRdb,dodge_magnum_2007/dodge_magnum_2007_20.jpg,412,308,RGB,44.443359375,False,False
VMMRdb,chevrolet_cruze_2013/chevrolet_cruze_2013_17.jpg,548,408,RGB,40.021484375,False,False
VMMRdb,mitsubishi_eclipse_1996/00u0u_gcJ3oSYESlp_600x450.jpg,600,450,RGB,45.44140625,False,False
VMMRdb,chevrolet_tahoe_2009/2009 chevy tahoe_00Z0Z_dwwhF46dEn5_600x450.jpg,600,450,RGB,39.375,False,False
VMMRdb,scion_tc_2007/2007 scion tc_00K0K_e8UJsIdMQF2_600x450.jpg,337,450,RGB,28.6611328125,False,False
VMMRdb,nissan_altima_2007/00R0R_dviflBnF1WH_600x450.jpg,568,426,RGB,35.474609375,False,False
VMMRdb,toyota_4runner_1997/toyota_4runner_1997_53.jpg,412,308,RGB,58.484375,False,False
VMMRdb,volkswagen_jetta_2000/00i0i_dQATK4G4hFx_600x450.jpg,600,338,RGB,38.1279296875,False,False
VMMRdb,jaguar_s-type_2006/2006 jaguar s-type_00Q0Q_8lw35n6unhX_600x450.jpg,600,450,RGB,42.556640625,False,False
VMMRdb,toyota_corolla_2012/toyota_corolla_2012_20.jpg,548,408,RGB,56.41015625,False,False
VMMRdb,volkswagen_gti_2007/00y0y_5wcSuRTrzOP_600x450.jpg,600,450,RGB,43.6181640625,False,False
VMMRdb,ford_taurus_2009/2009 Ford Taurus_A1Ww0+sckCL._UY560_.png,1317,560,RGB,61.353515625,False,True
VMMRdb,chevrolet_silverado_2004/2004 Chevy silverado_00v0v_w65eGfxciT_600x450.jpg,253,450,RGB,32.16015625,False,False
VMMRdb,buick_rendezvous_2006/buick_rendezvous_2006_2.jpg,412,308,RGB,70.228515625,False,False
VMMRdb,lincoln_towncar_1999/lincoln_towncar_1999_54.jpg,388,288,RGB,44.1943359375,False,False
VMMRdb,toyota_corolla_2008/toyota_corolla_2008_30.jpg,508,380,RGB,59.095703125,False,False
VMMRdb,dodge_ram_1500_2005/2005 Dodge Ram 1500_00E0E_8rIYyjyMbMZ_600x450.jpg,600,337,RGB,21.5390625,False,False
VMMRdb,chevrolet_camaro_2015/2015 chevy camaro_00707_kCscwwWFvX_600x450.jpg,600,450,RGB,48.107421875,False,False
VMMRdb,mazda_tribute_2003/2003 mazda tribute_01515_9c0c6tMGjQl_600x450.jpg,600,337,RGB,23.8251953125,False,False
VMMRdb,saturn_sc2_1999/saturn_sc2_1999_1.jpg,548,408,RGB,44.71484375,False,False
VMMRdb,ford_taurus_1999/ford_taurus_1999_91.jpg,548,408,RGB,75.58203125,False,False
VMMRdb,porsche_boxster_1999/01414_8xCKBQ8Nn3C_600x450.jpg,600,450,RGB,41.7880859375,False,False
VMMRdb,suzuki_sx4_2007/2007 Suzuki SX4 AWD_00P0P_5m3be0WxoVd_600x450.jpg,600,450,RGB,33.87890625,False,False
VMMRdb,honda_civic_2002/2002 Honda Civic_00e0e_2GvHkDYfoW5_600x450.jpg,600,450,RGB,39.34765625,False,False
VMMRdb,chevrolet_c-k1500_1995/1995 chevy 1500_00J0J_gdiEkS7EbHJ_600x450.jpg,600,337,RGB,39.994140625,False,False
VMMRdb,chevrolet_suburban_2007/2007 chevrolet 1500 suburban_00G0G_7CxD7cAcLyC_600x450.jpg,600,450,RGB,27.9921875,False,False
VMMRdb,ford_expedition_2003/ford_expedition_2003_69.jpg,412,308,RGB,47.421875,False,False
VMMRdb,lexus_ls430_2001/2001 lexus ls430_01010_wfMQiwY08B_600x450.jpg,600,450,RGB,57.4462890625,False,False
VMMRdb,ford_mustang_1994/00q0q_agqs7RGk9kO_600x450.jpg,600,338,RGB,30.169921875,False,False
VMMRdb,chrysler_pacifica_2005/00909_ksoOQQFpRuz_600x450.jpg,600,450,RGB,40.654296875,False,False
VMMRdb,ford_explorer_2001/01212_31O3tS8ph2X_600x450.jpg,600,450,RGB,43.013671875,False,False
VMMRdb,ford_fairlane_1957/1957 Ford Fairlane_00G0G_iulCXIHKGPk_600x450.jpg,600,450,RGB,55.6962890625,False,False
VMMRdb,chevrolet_cavalier_2004/chevrolet_cavalier_2004_62.jpg,412,308,RGB,45.6943359375,False,False
VMMRdb,hyundai_elantra_2001/01111_eIqdBCckpxU_600x450.jpg,600,450,RGB,37.2265625,False,False
VMMRdb,ram_1500_2003/2003 Ram 1500_00w0w_78dsJG0V3uR_600x450.jpg,600,337,RGB,31.7109375,False,False
VMMRdb,mitsubishi_outlander_2013/2013 mitsubishi outlander sport_00h0h_5AcpoAPeMuW_600x450.jpg,600,450,RGB,45.5556640625,False,False
VMMRdb,buick_century_1999/1999 Buick Centuru_00u0u_l11Z4x6VYKw_600x450.jpg,600,337,RGB,27.2919921875,False,False
VMMRdb,ford_escape_2002/ford_escape_2002_26.jpg,444,332,RGB,58.109375,False,False
VMMRdb,honda_civic_1994/1994 Honda civic_00m0m_JwwObTnSYa_600x450.jpg,600,337,RGB,44.0224609375,False,False
VMMRdb,ford_bronco_1988/ford_bronco_1988_12.jpg,412,308,RGB,42.6611328125,False,False
VMMRdb,hyundai_accent_2015/2015 Hyundai Accent GLS_71MJtwr8axL._UY560_.jpg,1138,560,RGB,53.26953125,False,False
VMMRdb,ford_f150_1995/ford_f150_1995_31.jpg,332,252,RGB,37.9296875,False,False
VMMRdb,nissan_juke_2011/nissan_juke_2011_14.jpg,476,356,RGB,48.4345703125,False,False
VMMRdb,saturn_ion_2005/saturn_ion_2005_10.jpg,508,380,RGB,49.81640625,False,False
VMMRdb,mercury_milan_2006/2006 mercury milan_00l0l_1ITBzK8HLAC_600x450.jpg,600,450,RGB,38.15625,False,False
VMMRdb,nissan_murano_2009/2009 nissan murano_00x0x_dZasd6OVtpJ_600x450.jpg,253,450,RGB,19.0400390625,False,False
VMMRdb,audi_a6_2005/2005 audi a6 quattro_00F0F_8dYZvpgYsWk_600x450.jpg,600,450,RGB,47.6689453125,False,False
VMMRdb,honda_odyssey_2001/honda_odyssey_2001_53.jpg,548,408,RGB,66.73046875,False,False
VMMRdb,ford_ranger_1998/1998 Ranger_00404_dUMUQPV2qN9_600x450.jpg,600,450,RGB,47.6611328125,False,False
VMMRdb,pontiac_grandam_2002/pontiac_grandam_2002_61.jpg,508,380,RGB,64.583984375,False,False
VMMRdb,ford_expedition_1999/ford_expedition_1999_85.jpg,412,308,RGB,40.7548828125,False,False
VMMRdb,bmw_328i_1999/bmw_328i_1999_37.jpg,588,440,RGB,77.7373046875,False,False
VMMRdb,ford_ranger_2000/2000 Ford Ranger_00a0a_1xeuNQVKp57_600x450.jpg,600,337,RGB,30.3505859375,False,False
VMMRdb,jaguar_x-type_2002/2002 Jaguar x type_01717_3JAICCq5VMN_600x450.jpg,253,450,RGB,23.5849609375,False,False
VMMRdb,ford_focus_2002/00m0m_9jU7nfN2KEI_600x450.jpg,336,450,RGB,22.91015625,False,False
VMMRdb,ford_f450_2003/2003 Ford F450_01313_eeTr1gSS745_600x450.jpg,600,450,RGB,52.755859375,False,False
VMMRdb,nissan_xterra_2004/nissan_xterra_2004_24.jpg,588,440,RGB,65.4716796875,False,False
VMMRdb,dodge_stratus_2004/dodge_stratus_2004_52.jpg,508,380,RGB,50.673828125,False,False
VMMRdb,dodge_grand caravan_2010/2010 grand caravan_01717_cg4gqCmUlrA_600x450.jpg,600,450,RGB,33.2734375,False,False
VMMRdb,ford_f150_1979/1979 ford f150_01111_bTJwfk7cznS_600x450.jpg,600,271,RGB,26.1767578125,False,False
VMMRdb,honda_accord_2009/00d0d_v6La4AwAjb_600x450.jpg,600,450,RGB,37.7470703125,False,False
VMMRdb,honda_civic_hatchback_1996/1996 Honda civic_00y0y_2e6OsDZz6fN_600x450.jpg,600,337,RGB,51.060546875,False,False
VMMRdb,acura_tl_2004/acura_tl_2004_43.jpg,600,450,RGB,67.27734375,False,False
VMMRdb,honda_accord_2005/honda_accord_2005_50.jpg,476,356,RGB,48.2607421875,False,False
VMMRdb,pontiac_grandprix_2005/pontiac_grandprix_2005_13.jpg,332,252,RGB,27.9892578125,False,False
VMMRdb,honda_civic_2000/honda_civic_2000_19.jpg,312,236,RGB,32.8388671875,False,False
VMMRdb,honda_civic_coupe_1998/00n0n_aw4qVXssvto_600x450.jpg,600,337,RGB,38.6123046875,False,False
VMMRdb,pontiac_firebird_1994/1994 Pontiac firebird_00r0r_eA0581FRF9b_600x450.jpg,600,337,RGB,35.748046875,False,False
VMMRdb,toyota_rav4_2002/toyota_rav4_2002_25.jpg,360,268,RGB,43.9765625,False,False
VMMRdb,buick_century_2003/buick_century_2003_42.jpg,388,288,RGB,31.5341796875,False,False
VMMRdb,gmc_sierra_1500_2012/gmc_sierra_2012_4.jpg,548,408,RGB,74.197265625,False,False
VMMRdb,gmc_yukon_1500_1997/00O0O_aD7I13vGP71_600x450.jpg,600,450,RGB,38.7724609375,False,False
VMMRdb,mercedes benz_e320_2001/2001 Mercedes-Benz E320_A1yYM1qahML._UY560_.png,883,560,RGB,50.0380859375,False,False
VMMRdb,dodge_grand caravan_2001/dodge_caravan_2001_32.jpg,312,236,RGB,23.8515625,False,False
VMMRdb,chevrolet_impala_2004/chevrolet_impala_2004_168.jpg,444,332,RGB,59.3857421875,False,False
VMMRdb,pontiac_sunfire_1999/pontiac_sunfire_1999_16.jpg,476,356,RGB,64.3974609375,False,False
VMMRdb,dodge_challenger_2014/2014 Dodge challenger_00R0R_lK58jh14ind_600x450.jpg,600,450,RGB,33.982421875,False,False
VMMRdb,chevrolet_venture_2000/chevrolet_venture_2000_64.jpg,476,356,RGB,69.998046875,False,False
VMMRdb,mercury_sable_1998/mercury_sable_1998_15.jpg,256,192,RGB,16.2431640625,False,False
VMMRdb,volkswagen_cc_2013/2013 volkswagen cc_01010_9ib6X9Cc5G_600x450.jpg,600,399,RGB,29.0634765625,False,False
VMMRdb,dodge_caliber_2008/2008 dodge caliber_01212_1mjaLFZC5Yr_600x450.jpg,600,360,RGB,33.3369140625,False,False
VMMRdb,toyota_tacoma_2014/2014 Toyota Tacoma_A1Us7eloMfL._UY560_.png,884,560,RGB,45.80078125,False,True
VMMRdb,toyota_mr2_1988/1988 toyota mr2_00303_6n75k0UeSz0_600x450.jpg,600,337,RGB,44.2548828125,False,False
VMMRdb,audi_a6_2002/00000_k6isiO0uwg3_600x450.jpg,337,450,RGB,24.0732421875,False,False
VMMRdb,lexus_is300_2001/2001 lexus is300_00K0K_hgalXqx5Yii_600x450.jpg,600,448,RGB,30.7998046875,False,False
VMMRdb,toyota_avalon_2000/toyota_avalon_2000_7.jpg,600,450,RGB,60.63671875,False,False
VMMRdb,cadillac_escalade_2007/2007 Cadillac Escalade_00V0V_99ybVVf2C6n_600x450.jpg,600,450,RGB,45.7578125,False,False
VMMRdb,cadillac_deville_2005/2005 Cadillac Deville_00Q0Q_18GabXen1cd_600x450.jpg,600,450,RGB,44.072265625,False,False
VMMRdb,pontiac_bonneville_2002/pontiac_bonneville_2002_15.jpg,444,332,RGB,63.0263671875,False,False
VMMRdb,jeep_wrangler_1995/1995 Jeep Wrangler_01515_7oMXvesM46d_600x450.jpg,337,450,RGB,33.6279296875,False,False
VMMRdb,toyota_corolla_1995/toyota_corolla_1995_13.jpg,248,192,RGB,15.4091796875,False,False
VMMRdb,bmw_328i_2000/bmw_328i_2000_43.jpg,444,332,RGB,45.9814453125,False,False
VMMRdb,toyota_tacoma_2006/toyota_tacoma_2006_26.jpg,312,236,RGB,26.93359375,False,False
VMMRdb,acura_mdx_2005/00o0o_kzK2SpKWYjq_600x450.jpg,600,450,RGB,34.177734375,False,False
VMMRdb,mercury_mariner_2008/2008 mercury mariner_00h0h_3gr0YSukosy_600x450.jpg,600,450,RGB,51.0390625,False,False
VMMRdb,subaru_outback_2001/00I0I_8fV8qTfJlWX_600x450.jpg,600,337,RGB,22.3486328125,False,False
VMMRdb,toyota_4runner_1998/toyota_4runner_1998_23.jpg,548,408,RGB,68.9677734375,False,False
VMMRdb,chevrolet_suburban_2006/2006 chevrolet suburban_00I0I_kScjybZLsCT_600x450.jpg,600,400,RGB,30.373046875,False,False
VMMRdb,pontiac_grandprix_2006/2006 pontiac grandprix_01212_3YQBj8OZ0Um_600x450.jpg,336,450,RGB,24.005859375,False,False
VMMRdb,ford_expedition_2006/2006 ford expedition_01313_h0ge0776gck_600x450.jpg,600,337,RGB,30.9052734375,False,False
VMMRdb,mercedes benz_c240_2002/mercedes_c240_2002_3.jpg,588,440,RGB,63.5908203125,False,False
VMMRdb,honda_accord_1997/1997 Honda Accord_00h0h_lLbVyZ3Gvr_600x450.jpg,600,337,RGB,28.8671875,False,False
VMMRdb,bmw_528i_1997/bmw_528i_1997_20.jpg,312,236,RGB,26.6025390625,False,False
VMMRdb,chevrolet_tahoe_2004/2004 Chevy Tahoe_00R0R_ljDUIueB84x_600x450.jpg,600,450,RGB,39.6640625,False,False
VMMRdb,bmw_x5_2001/2001 2001 Bmw X5_00G0G_81anR5PlmQa_600x450.jpg,600,400,RGB,46.826171875,False,False
VMMRdb,mazda_b2200_1990/1990 mazda b2200_00S0S_9U3b9UoQEHT_600x450.jpg,600,337,RGB,47.326171875,False,False
VMMRdb,subaru_forester_2010/2010 subaru forester_00s0s_QOjsZbm84U_600x450.jpg,600,450,RGB,47.9482421875,False,False
VMMRdb,ford_expedition_2000/ford_expedition_2000_185.jpg,548,396,RGB,70.6171875,False,False
VMMRdb,mazda_6_2012/01111_ktGuicZGB4r_600x450.jpg,600,450,RGB,44.76953125,False,False
VMMRdb,kia_soul_2013/2013 Kia Soul_01313_5dDMx0pWbw8_600x450.jpg,600,337,RGB,17.9755859375,False,False
VMMRdb,ford_explorer_1993/ford_explorer_1993_12.jpg,312,236,RGB,28.3974609375,False,False
VMMRdb,ford_expedition_2000/ford_expedition_2000_51.jpg,588,440,RGB,67.3447265625,False,False
VMMRdb,ford_f250_2011/2011 ford f250_00U0U_kVqMaY9y0RW_600x450.jpg,600,400,RGB,36.5791015625,False,False
VMMRdb,honda_civic_coupe_2007/2007 2007 Honda Civic si_00K0K_52wjPa5lMFt_600x450.jpg,600,450,RGB,24.8076171875,False,False
VMMRdb,chevrolet_cobalt_2006/chevrolet_cobalt_2006_115.jpg,292,220,RGB,24.873046875,False,False
VMMRdb,ford_f450_1999/1999 Ford F450_00l0l_bM2Rnth9RfW_600x450.jpg,600,337,RGB,40.564453125,False,False
VMMRdb,jeep_grand_cherokee_1998/jeep_grandcherokee_1998_139.jpg,476,356,RGB,49.1337890625,False,False
VMMRdb,chevrolet_corvette_1993/1993 chevrolet corvette_00B0B_glf6Mrk54vh_600x450.jpg,600,450,RGB,54.3447265625,False,False
VMMRdb,mercury_mountaineer_2004/mercury_mountaineer_2004_64.jpg,548,408,RGB,68.001953125,False,False
VMMRdb,subaru_forester_2004/2004 subaru forester_00a0a_3x1Vt6WWX6Y_600x450.jpg,600,450,RGB,38.9853515625,False,False
VMMRdb,nissan_pathfinder_1996/00202_eq4dbqSDSc6_600x450.jpg,600,450,RGB,40.892578125,False,False
VMMRdb,chrysler_300_2011/2011 Chrysler 300_A1z1XZ13XBL._UY560_.png,1546,560,RGB,90.0859375,False,False
VMMRdb,pontiac_grandprix_2001/pontiac_grandprix_2001_25.jpg,588,440,RGB,65.2138671875,False,False
VMMRdb,chevrolet_tahoe_1998/chevrolet_tahoe_1998_3.jpg,548,408,RGB,59.9091796875,False,False
VMMRdb,nissan_sentra_2005/nissan_sentra_2005_105.jpg,312,236,RGB,29.0234375,False,False
VMMRdb,toyota_camry_2005/toyota_camry_2005_50.jpg,508,380,RGB,44.3955078125,False,False
VMMRdb,honda_civic_hatchback_1996/1996 Honda Civic Hatchback_00q0q_33qG7WwFVxm_600x450.jpg,600,337,RGB,38.1865234375,False,False
VMMRdb,chevrolet_corvette_2004/2004 Chevrolet Corvette_01010_iZIGp8kCfdc_600x450.jpg,600,450,RGB,40.888671875,False,False
VMMRdb,toyota_corolla_2005/toyota_corolla_2005_109.jpg,412,308,RGB,34.0634765625,False,False
VMMRdb,honda_civic_2000/2000 Honda Civic_00e0e_czPu0xrAYJz_600x450.jpg,600,337,RGB,32.5263671875,False,False
VMMRdb,buick_lacrosse_2006/buick_lacrosse_2006_7.jpg,272,204,RGB,20.1826171875,False,False
VMMRdb,toyota_avalon_2006/toyota_avalon_2006_21.jpg,508,380,RGB,50.71484375,False,False
VMMRdb,ford_ranger_1999/1999 ford ranger_00D0D_kIBq2BsEuAH_600x450.jpg,600,400,RGB,56.7734375,False,False
VMMRdb,toyota_rav4_2002/toyota_rav4_2002_1.jpg,600,450,RGB,95.998046875,False,False
VMMRdb,nissan_versa_2015/2015 versa_00H0H_gCvxUorGNtw_600x450.jpg,600,450,RGB,27.8642578125,False,False
VMMRdb,chevrolet_tahoe_2007/2007 Chevy Tahoe_00z0z_ekkPzgQGf6x_600x450.jpg,600,450,RGB,40.5107421875,False,False
VMMRdb,nissan_maxima_2000/01313_5CXUwKlNqlA_600x450.jpg,600,450,RGB,49.1962890625,False,False
VMMRdb,chevrolet_venture_2002/chevrolet_venture_2002_78.jpg,588,440,RGB,98.3330078125,False,False
VMMRdb,honda_cr-v_2005/honda_crv_2005_23.jpg,412,308,RGB,46.5322265625,False,False
VMMRdb,gmc_envoy_2003/2003 2003 GMC Envoy_00K0K_l52Rqbuf4zs_600x450.jpg,600,450,RGB,26.48828125,False,False
VMMRdb,toyota_corolla_2002/toyota_corolla_2002_6.jpg,444,332,RGB,57.7666015625,False,False
VMMRdb,lincoln_mkx_2007/2007 Lincoln MKX_00T0T_3PB5hHl6zIm_600x450.jpg,600,450,RGB,40.126953125,False,False
VMMRdb,volvo_s40_2004/volvo_s40_2004_23.jpg,508,380,RGB,60.4521484375,False,False
VMMRdb,jeep_grand_cherokee_1996/jeep_grandcherokee_1996_88.jpg,508,380,RGB,60.5546875,False,False
VMMRdb,honda_accord_2007/honda_accord_2007_104.jpg,412,308,RGB,43.234375,False,False
VMMRdb,gmc_suburban_1500_1969/gmc_suburban_1969_0.jpg,588,372,RGB,53.5087890625,False,False
VMMRdb,cadillac_escalade_2006/cadillac_escalade_2006_16.jpg,548,408,RGB,64.6435546875,False,False
VMMRdb,ford_ranger_1995/1995 Ford Ranger_00u0u_l8kvEhB2nFo_600x450.jpg,600,400,RGB,40.4951171875,False,False
VMMRdb,buick_lesabre_1997/1997 Buick lesabre_00t0t_7GUUoYlF0g_600x450.jpg,600,337,RGB,40.7548828125,False,False
VMMRdb,saturn_vue_2003/saturn_vue_2003_54.jpg,312,236,RGB,32.8193359375,False,False
VMMRdb,chevrolet_corvette_1979/00F0F_lW2Hp0HBVSf_600x450.jpg,600,450,RGB,37.3720703125,False,False
VMMRdb,nissan_350z_2006/2006 nissan 350z roadster_01313_kDHQ4cgxjCe_600x450.jpg,600,450,RGB,35.8828125,False,False
VMMRdb,jeep_wrangler_2000/2000 Jeep wrangler_01414_7OJ13CaeoQB_600x450.jpg,600,337,RGB,26.2265625,False,False
VMMRdb,ford_expedition_2005/00r0r_hv8lEBRbNcc_600x450.jpg,600,450,RGB,40.9150390625,False,False
VMMRdb,hyundai_elantra_2003/00a0a_hWEUJ2TEeiN_600x450.jpg,481,360,RGB,29.970703125,False,False
VMMRdb,mazda_tribute_2002/2002 mazda tribute 4x4_00p0p_fduABHOmkYJ_600x450.jpg,600,337,RGB,40.513671875,False,False
VMMRdb,dodge_caliber_2009/2009 Dodge Caliber_01313_eRBEOrJS6i_600x450.jpg,600,450,RGB,64.318359375,False,False
VMMRdb,lexus_sc400_1995/lexus_sc400_1995_7.jpg,360,268,RGB,34.49609375,False,False
VMMRdb,volkswagen_jetta_2012/volkswagen_jetta_2012_38.jpg,548,408,RGB,71.1611328125,False,False
VMMRdb,honda_cr-v_1998/honda_crv_1998_64.jpg,588,440,RGB,89.3818359375,False,False
VMMRdb,kia_sorento_2011/kia_sorento_2011_24.jpg,412,308,RGB,41.666015625,False,False
VMMRdb,pontiac_g5_2009/2009 Pontiac G5_00J0J_liXDXh6mLzE_600x450.jpg,600,450,RGB,44.302734375,False,False
VMMRdb,chevrolet_impala_2005/chevrolet_impala_2005_106.jpg,332,252,RGB,28.041015625,False,False
VMMRdb,ford_explorer_2003/00O0O_EPNAAxMaSd_600x450.jpg,600,450,RGB,46.4228515625,False,False
VMMRdb,buick_lesabre_2004/2004 buick lesabre_01212_aV01bUiRGsm_600x450.jpg,600,337,RGB,35.25390625,False,False
VMMRdb,toyota_avalon_2000/toyota_avalon_2000_3.jpg,600,450,RGB,70.751953125,False,False
VMMRdb,chevrolet_silverado_2002/2002 Chevrolet Silverado 2500HD_00T0T_bIR0ohGwLbt_600x450.jpg,600,450,RGB,29.2177734375,False,False
VMMRdb,ford_escape_2002/ford_escape_2002_112.jpg,548,408,RGB,58.392578125,False,False
VMMRdb,oldsmobile_eightyeight_1998/1998 Oldsmobile eighty eight_00m0m_eu4pUH4POlh_600x450.jpg,600,389,RGB,28.994140625,False,False
VMMRdb,saturn_vue_2005/saturn_vue_2005_2.jpg,412,308,RGB,33.2451171875,False,False
VMMRdb,honda_civic_1995/honda_civic_1995_58.jpg,412,308,RGB,41.7744140625,False,False
VMMRdb,toyota_camry_2009/toyota_camry_2009_96.jpg,312,236,RGB,31.1708984375,False,False
VMMRdb,bmw_530i_2001/2001 BMW 530i_01717_1mdapMKu3tF_600x450.jpg,600,337,RGB,33.189453125,False,False
VMMRdb,cadillac_srx_2004/cadillac_srx_2004_27.jpg,548,408,RGB,76.3525390625,False,False
VMMRdb,bmw_x5_2005/bmw_x5_2005_0.jpg,600,450,RGB,52.6591796875,False,False
VMMRdb,honda_odyssey_1999/honda_odyssey_1999_58.jpg,508,380,RGB,55.345703125,False,False
VMMRdb,ford_explorer_2001/2001 Ford Explorer_01414_3ArHkga3PK3_600x450.jpg,600,337,RGB,35.0634765625,False,False
VMMRdb,chevrolet_210_1956/1956 chevrolet 210_00G0G_aO4IKgFTKjQ_600x450.jpg,600,450,RGB,53.15234375,False,False
VMMRdb,chevrolet_suburban_2002/2002 chevrolet 1500 suburban LT_00Q0Q_88OoyaDJTPu_600x450.jpg,600,337,RGB,28.9375,False,False
VMMRdb,bmw_330i_2001/2001 BMW 330i_00l0l_7GtBBrOr2GF_600x450.jpg,600,450,RGB,44.5830078125,False,False
VMMRdb,ford_windstar_2003/2003 ford windstar van_00a0a_j5qCEmJF0Wq_600x450.jpg,600,450,RGB,64.1337890625,False,False
VMMRdb,bmw_545i_2004/bmw_545i_2004_14.jpg,508,380,RGB,41.630859375,False,False
VMMRdb,bmw_540i_1997/bmw_540i_1997_7.jpg,548,408,RGB,54.62109375,False,False
VMMRdb,ford_expedition_2005/ford_expedition_2005_35.jpg,332,252,RGB,30.3095703125,False,False
VMMRdb,honda_accord_1991/honda_accord_1991_26.jpg,476,356,RGB,48.7060546875,False,False
VMMRdb,ford_excursion_2000/ford_excursion_2000_18.jpg,508,380,RGB,59.9921875,False,False
VMMRdb,dodge_neon_2001/dodge_neon_2001_74.jpg,444,332,RGB,55.158203125,False,False
VMMRdb,ford_f250_2004/ford_f250_2004_40.jpg,332,252,RGB,23.3837890625,False,False
VMMRdb,chevrolet_aveo_2004/2004 Chevrolet Aveo_91XwwTyZOtL._UY560_.png,806,560,RGB,46.1640625,False,False
VMMRdb,chevrolet_corvette_1967/00E0E_2bLtDVAxtKv_600x450.jpg,600,450,RGB,46.2939453125,False,False
VMMRdb,dodge_ram_2500_2004/dodge_2500_2004_0.jpg,548,408,RGB,72.6259765625,False,False
VMMRdb,audi_a6_2004/00v0v_3fcmVnBhZQS_600x450.jpg,600,450,RGB,50.8525390625,False,False
VMMRdb,cadillac_deville_2000/cadillac_deville_2000_19.jpg,312,236,RGB,27.9248046875,False,False
VMMRdb,chevrolet_tahoe_2002/00z0z_iSqm96OCk8W_600x450.jpg,600,450,RGB,42.068359375,False,False
VMMRdb,kia_sorento_2008/2008 Kia Sorento_00y0y_1lHr0DVwgaB_600x450.jpg,337,450,RGB,23.8837890625,False,False
VMMRdb,mazda_626_2002/mazda_626_2002_44.jpg,508,380,RGB,59.0712890625,False,False
VMMRdb,ford_mustang_convertible_2001/2001 ford mustang convertible_01313_1XMYyBR0WQ0_600x450.jpg,600,448,RGB,29.6298828125,False,False
VMMRdb,volvo_s40_2004/volvo_s40_2004_2.jpg,548,408,RGB,54.0244140625,False,False
VMMRdb,toyota_sequoia_2003/2003 toyota sequoia_01010_gwwXk6oAQB4_600x450.jpg,253,450,RGB,16.06640625,False,False
VMMRdb,toyota_rav4_2010/01717_9xh1paufvLv_600x450.jpg,600,450,RGB,46.2158203125,False,False
VMMRdb,scion_tc_2008/scion_tc_2008_12.jpg,600,450,RGB,74.7861328125,False,False
VMMRdb,toyota_avalon_2009/2009 Toyota Avalon Limited_00b0b_c0H3vDLydkI_600x450.jpg,254,450,RGB,17.9619140625,False,False
VMMRdb,acura_mdx_2001/acura_mdx_2001_35.jpg,332,252,RGB,32.2109375,False,False
VMMRdb,ford_mustang_1994/ford_mustang_1994_5.jpg,508,380,RGB,57.4140625,False,False
VMMRdb,ford_escape_2001/ford_escape_2001_21.jpg,332,252,RGB,27.2451171875,False,False
VMMRdb,volkswagen_cabrio_1996/1996 Volkswagen Cabrio_00s0s_15ULKnOaFOb_600x450.jpg,600,450,RGB,54.6943359375,False,False
VMMRdb,saturn_sl1_2002/saturn_sl1_2002_2.jpg,588,440,RGB,65.83984375,False,False
VMMRdb,chevrolet_trailblazer_2005/2005 Chevy trailblazer_01010_6WzEAjMV33y_600x450.jpg,600,450,RGB,41.8193359375,False,False
VMMRdb,chevrolet_silverado_2012/2012 Chevrolet Silverado_00X0X_3HgRorVAP2G_600x450.jpg,600,450,RGB,39.056640625,False,False
VMMRdb,chevrolet_camaro_1999/chevrolet_camaro_1999_23.jpg,548,408,RGB,71.7216796875,False,False
VMMRdb,chevrolet_s10_1999/1999 chevrolet s10_00Y0Y_ljRivZhMGy2_600x450.jpg,363,450,RGB,42.595703125,False,False
VMMRdb,pontiac_g6_2008/2008 pontiac G6_00I0I_eCtHUI3O56f_600x450.jpg,600,450,RGB,51.484375,False,False
VMMRdb,dodge_grand caravan_2004/dodge_caravan_2004_4.jpg,588,440,RGB,71.2060546875,False,False
VMMRdb,honda_civic_2001/honda_civic_2001_276.jpg,312,236,RGB,24.173828125,False,False
VMMRdb,pontiac_g6_2009/pontiac_g6_2009_12.jpg,476,356,RGB,53.80859375,False,False
VMMRdb,ford_f100_1962/1962 Ford F 100_00909_8bzLfWxIhvr_600x450.jpg,600,448,RGB,37.783203125,False,False
VMMRdb,honda_odyssey_2004/2004 honda odyssey_00K0K_5asuLU9WzuE_600x450.jpg,337,450,RGB,18.2958984375,False,False
VMMRdb,jeep_grand_cherokee_1998/jeep_grandcherokee_1998_99.jpg,588,440,RGB,51.2138671875,False,False
VMMRdb,toyota_rav4_2014/2014 Toyota Rav 4_00m0m_3wlRGI3McLc_600x450.jpg,600,399,RGB,38.0302734375,False,False
VMMRdb,chevrolet_c10_1970/1970 Chevy C10_00J0J_5mijhzpHj28_600x450.jpg,600,450,RGB,35.40625,False,False
VMMRdb,nissan_altima_2001/00x0x_6ZsoNwai88b_600x450.jpg,600,448,RGB,57.4736328125,False,False
VMMRdb,lexus_lx570_2013/2013 Lexus LX570_B1Okb9ijYWS._UY560_.png,945,560,RGB,55.1591796875,False,False
VMMRdb,bmw_335i_2007/2007 BMW 335i_00a0a_aRGwLK0uZua_600x450.jpg,600,450,RGB,62.8388671875,False,False
VMMRdb,toyota_solara_2007/toyota_solara_2007_1.jpg,548,408,RGB,55.708984375,False,False
VMMRdb,pontiac_transam_1999/1999 pontiac trans am_00X0X_9r5IaFL0xvW_600x450.jpg,600,337,RGB,33.7646484375,False,False
VMMRdb,honda_pilot_2003/honda_pilot_2003_14.jpg,388,288,RGB,27.5478515625,False,False
VMMRdb,toyota_corolla_2008/toyota_corolla_2008_24.jpg,548,408,RGB,76.6025390625,False,False
VMMRdb,nissan_sentra_2001/2001 nissan sentra_00z0z_9P5dkxs6OQK_600x450.jpg,600,450,RGB,38.77734375,False,False
VMMRdb,chevrolet_chevelle_1972/1972 Chevelle_00H0H_8LKn1t4xEQG_600x450.jpg,600,450,RGB,55.8671875,False,False
VMMRdb,bmw_325i_1989/1989 bmw 325i_00505_ga4EIxH0Wlh_600x450.jpg,600,450,RGB,35.8486328125,False,False
VMMRdb,subaru_forester_2002/subaru_forester_2002_2.jpg,312,236,RGB,30.8662109375,False,False
VMMRdb,subaru_legacy_1995/1995 Subaru Legacy_00101_38YjmHHOOI6_600x450.jpg,337,450,RGB,26.5107421875,False,False
VMMRdb,chevrolet_malibu_2009/chevrolet_malibu_2009_41.jpg,312,236,RGB,22.974609375,False,False
VMMRdb,honda_civic_2013/honda_civic_2013_30.jpg,312,236,RGB,32.025390625,False,False
VMMRdb,chrysler_sebring_2004/2004 Chrysler Sebring_00v0v_cR3v5B8gpq1_600x450.jpg,600,450,RGB,27.3876953125,False,False
VMMRdb,lexus_es330_2006/lexus_es330_2006_8.jpg,548,408,RGB,65.7841796875,False,False
VMMRdb,honda_accord_2012/honda_accord_2012_17.jpg,272,204,RGB,23.1640625,False,False
VMMRdb,mazda_rx8_2007/mazda_rx8_2007_4.jpg,548,408,RGB,60.2470703125,False,False
VMMRdb,chevrolet_silverado_2008/2008 chevy silverado_00k0k_kYUI357hxnJ_600x450.jpg,337,450,RGB,39.650390625,False,False
VMMRdb,toyota_avalon_1998/toyota_avalon_1998_37.jpg,360,268,RGB,26.7890625,False,False
VMMRdb,honda_pilot_2006/honda_pilot_2006_32.jpg,548,408,RGB,80.81640625,False,False
VMMRdb,honda_odyssey_2003/01616_2rbVCJjNj2M_600x450.jpg,600,450,RGB,40.74609375,False,False
VMMRdb,chrysler_300_2006/2006 chrysler 300c_00R0R_gb0vnk0Zjsh_600x450.jpg,450,450,RGB,30.0751953125,False,False
VMMRdb,lincoln_navigator_2003/lincoln_navigator_2003_32.jpg,588,440,RGB,91.228515625,False,False
VMMRdb,dodge_grand caravan_2001/dodge_grandcaravan_2001_29.jpg,508,380,RGB,51.59375,False,False
VMMRdb,toyota_camry_1995/00Q0Q_iRcH93TiPSN_600x450.jpg,600,450,RGB,40.9013671875,False,False
VMMRdb,ford_focus_2000/2000 Ford Focus_00A0A_gRjNY3VrD6S_600x450.jpg,600,450,RGB,56.1533203125,False,False
VMMRdb,volkswagen_newbeetle_1999/1999 VW New Beetle_00l0l_iQSeIDb5Lw2_600x450.jpg,600,450,RGB,38.447265625,False,False
VMMRdb,chevrolet_malibu_2010/2010 Chevrolet Malibu LT_00n0n_KYhxaUrW9l_600x450.jpg,552,450,RGB,38.603515625,False,False
VMMRdb,cadillac_deville_1994/1994 cadillac deville concours_00c0c_hCY20SfQAcu_600x450.jpg,600,337,RGB,37.51953125,False,False
VMMRdb,ford_taurus_2003/ford_taurus_2003_34.jpg,412,308,RGB,47.8310546875,False,False
VMMRdb,toyota_4runner_2003/2003 Toyota 4runner Sr5_00e0e_5wdEIYPPqIs_600x450.jpg,600,450,RGB,47.37109375,False,False
VMMRdb,jeep_grand_cherokee_2002/jeep_grandcherokee_2002_42.jpg,588,440,RGB,70.1865234375,False,False
VMMRdb,dodge_magnum_2005/dodge_magnum_2005_35.jpg,548,408,RGB,63.0263671875,False,False
VMMRdb,nissan_altima_2000/nissan_altima_2000_81.jpg,412,308,RGB,45.939453125,False,False
VMMRdb,pontiac_starchief_1954/1954 Pontiac Star Chief_01212_g8hZFjC0qHO_600x450.jpg,600,400,RGB,40.646484375,False,False
VMMRdb,saturn_vue_2008/saturn_vue_2008_27.jpg,272,204,RGB,23.3759765625,False,False
VMMRdb,nissan_xterra_2003/nissan_xterra_2003_17.jpg,600,450,RGB,83.443359375,False,False
VMMRdb,chevrolet_hhr_2009/2009 Chevy HHR LT_00h0h_4xvEV48oZ46_600x450.jpg,600,450,RGB,37.3759765625,False,False
VMMRdb,honda_accord_1989/00J0J_hyTcoFmMcqC_600x450.jpg,600,450,RGB,45.5458984375,False,False
VMMRdb,honda_cr-v_2008/2008 honda crv_00Z0Z_8DTEqW1YRcr_600x450.jpg,600,337,RGB,36.6396484375,False,False
VMMRdb,toyota_camry_2004/2004 toyota camry_00W0W_aFraE7oGoYH_600x450.jpg,600,450,RGB,60.0283203125,False,False
VMMRdb,toyota_camry_1999/1999 toyota camry_01414_651Lt7AsaLX_600x450.jpg,337,450,RGB,26.951171875,False,False
VMMRdb,honda_civic_2002/honda_civic_2002_273.jpg,336,252,RGB,27.5986328125,False,False
VMMRdb,volvo_v40_2001/volvo_v40_2001_8.jpg,444,332,RGB,62.5458984375,False,False
VMMRdb,ford_taurus_1996/1996 Ford Taurus  sho_00g0g_19HhTnHpcNk_600x450.jpg,600,450,RGB,47.2705078125,False,False
VMMRdb,ford_escape_2004/2004 Ford Escape XLT_00L0L_cRzowufWAeL_600x450.jpg,600,337,RGB,34.0908203125,False,False
VMMRdb,infiniti_fx45_2004/2004 infiniti fx45_00R0R_4s6b6Y0t8GQ_600x450.jpg,600,337,RGB,34.5,False,False
VMMRdb,ford_edge_2008/2008 Ford Edge_00909_5yFO4Pf4SPG_600x450.jpg,600,337,RGB,24.5791015625,False,False
VMMRdb,mitsubishi_eclipse_2011/2011 Mitsubishi Eclipse_00404_4NJp6qMbKoQ_600x450.jpg,600,337,RGB,38.453125,False,False
VMMRdb,honda_civic_2004/honda_civic_2004_109.jpg,292,220,RGB,20.4658203125,False,False
VMMRdb,chevrolet_montecarlo_1973/1973 chev monty carlo_00b0b_kYVz2wL5vX0_600x450.jpg,600,450,RGB,29.7763671875,False,False
VMMRdb,chevrolet_avalanche_2002/chevrolet_avalanche_2002_39.jpg,588,440,RGB,85.91796875,False,False
VMMRdb,chevrolet_blazer_1983/chevrolet_blazer_1983_4.jpg,476,356,RGB,41.9501953125,False,False
VMMRdb,buick_century_2004/buick_century_2004_6.jpg,412,308,RGB,41.779296875,False,False
VMMRdb,toyota_sequoia_2001/00z0z_h5jYTN19ZS2_600x450.jpg,600,450,RGB,49.4541015625,False,False
VMMRdb,volkswagen_rabbit_2008/00000_j6BKxcAkPK9_600x450.jpg,600,450,RGB,42.10546875,False,False
VMMRdb,toyota_highlander_2001/00L0L_l0KJ9RZqD7w_600x450.jpg,600,400,RGB,48.1474609375,False,False
VMMRdb,lexus_ls400_2000/2000 Lexus LS400_31oQt5Our-L.jpg,400,200,RGB,12.63671875,False,False
VMMRdb,dodge_ram_2500_2004/2004 Dodge 2500_00404_eEI2y6AqS0J_600x450.jpg,600,450,RGB,38.1513671875,False,False
VMMRdb,kia_optima_2015/2015 Kia Optima_00v0v_kyt9VetsY2d_600x450.jpg,450,450,RGB,32.640625,False,False
VMMRdb,chrysler_300_2006/2006 Chrysler 300c SRT8_00505_90s63zWPtw7_600x450.jpg,600,337,RGB,29.2626953125,False,False
VMMRdb,ford_focus_2002/ford_focus_2002_58.jpg,444,332,RGB,61.73828125,False,False
VMMRdb,chevrolet_impala_2005/chevrolet_impala_2005_166.jpg,292,220,RGB,29.6376953125,False,False
VMMRdb,mazda_929_1994/1994 mazda 929_00W0W_7rNeUvZ6Yl_600x450.jpg,512,288,RGB,31.2919921875,False,False
VMMRdb,ford_explorer_2008/ford_explorer_2008_27.jpg,548,408,RGB,65.5283203125,False,False
VMMRdb,ford_escape_2011/ford_escape_2011_24.jpg,548,408,RGB,59.2373046875,False,False
VMMRdb,ford_thunderbird_1971/1971 Ford Thunderbird_00y0y_lvc1CiOubqI_600x450.jpg,600,450,RGB,43.2373046875,False,False
VMMRdb,jeep_grand_cherokee_1995/jeep_grandcherokee_1995_93.jpg,508,380,RGB,48.8251953125,False,False
VMMRdb,nissan_altima_2005/nissan_altima_2005_344.jpg,444,332,RGB,44.0341796875,False,False
VMMRdb,chevrolet_s10_2003/chevrolet_s10_2003_24.jpg,476,356,RGB,67.7724609375,False,False
VMMRdb,toyota_camry_2002/00909_hIRNQHTfqI0_600x450.jpg,600,450,RGB,30.23828125,False,False
VMMRdb,ford_mustang_1980/ford_mustang_1980_2.jpg,476,356,RGB,49.45703125,False,False
VMMRdb,honda_delsol_1995/honda_delsol_1995_12.jpg,388,288,RGB,26.51171875,False,False
VMMRdb,honda_civic_coupe_1998/honda_civiccoupe_1998_39.jpg,312,236,RGB,28.8671875,False,False
VMMRdb,chevrolet_cobalt_2005/chevrolet_cobalt_2005_88.jpg,312,236,RGB,33.95703125,False,False
VMMRdb,studebaker_lark_1963/1963 Studebaker Lark_00Y0Y_xE9VHAgyGD_600x450.jpg,337,450,RGB,32.8466796875,False,False
VMMRdb,toyota_celica_2001/toyota_celica_2001_26.jpg,312,236,RGB,30.3291015625,False,False
VMMRdb,ford_bronco_1987/1987 ford bronco_00U0U_1tw59LTGiRq_600x450.jpg,337,450,RGB,25.3291015625,False,False
VMMRdb,saab_9-3_2006/2006 Saab 9-3 2.0T_00O0O_1XVuJmOzgJQ_600x450.jpg,520,450,RGB,32.37109375,False,False
VMMRdb,nissan_altima_2006/nissan_altima_2006_62.jpg,444,332,RGB,49.2421875,False,False
VMMRdb,acura_mdx_2008/acura_mdx_2008_1.jpg,444,332,RGB,61.5986328125,False,False
VMMRdb,plymouth_voyager_2003/plymouth_voyager_2003_1.jpg,444,332,RGB,66.8720703125,False,False
VMMRdb,ford_focus_2009/2009 Ford Focus_00Q0Q_e7L2vweYCdK_600x450.jpg,600,450,RGB,34.9208984375,False,False
VMMRdb,nissan_altima_2013/2013 Nissan Altima_00B0B_5gGytfplQnt_600x450.jpg,600,337,RGB,31.6181640625,False,False
VMMRdb,dodge_charger_2012/2012 dodge charger_01515_7WLoMGwItW1_600x450.jpg,600,444,RGB,46.9755859375,False,False
VMMRdb,dodge_challenger_2013/2013 Dodge challenger_00n0n_cBzWcTtll8s_600x450.jpg,600,337,RGB,21.736328125,False,False
VMMRdb,hummer_h2_2006/00t0t_4a9XXxybstw_600x450.jpg,600,450,RGB,49.009765625,False,False
VMMRdb,ford_f350_2008/2008 Ford F350_00H0H_bTazEQlGe1Z_600x450.jpg,600,450,RGB,57.1708984375,False,False
VMMRdb,honda_civic_coupe_1998/honda_civiccoupe_1998_2.jpg,444,332,RGB,54.3037109375,False,False
VMMRdb,chevrolet_tahoe_2002/2002 Chevy Tahoe_00A0A_61JTIepmvVY_600x450.jpg,600,450,RGB,31.5703125,False,False
VMMRdb,honda_accord_1998/honda_accord_1998_109.jpg,332,252,RGB,28.59765625,False,False
VMMRdb,mazda_6_2006/2006 mazda 6_00e0e_4hIMfRfg6F3_600x450_1.jpg,320,240,L,14.244140625,False,True
VMMRdb,ford_expedition_2002/ford_expedition_2002_31.jpg,548,376,RGB,46.21875,False,False
VMMRdb,infiniti_g35_coupe_2005/infiniti_g35coupe_2005_38.jpg,508,380,RGB,39.8623046875,False,False
VMMRdb,chevrolet_corvette_2008/2008 chevrolet corvette Z06_00r0r_eNc9TVo3YqO_600x450.jpg,600,450,RGB,36.33984375,False,False
VMMRdb,dodge_caliber_2007/dodge_caliber_2007_106.jpg,444,332,RGB,75.529296875,False,False
VMMRdb,mercedes benz_c240_2003/2003 Mercedes Benz C240_00l0l_7BJbtuZoa4N_600x450.jpg,600,450,RGB,54.1806640625,False,False
VMMRdb,cadillac_cts_2009/2009 Cadillac CTS4_00Z0Z_aajyGSS7kbY_600x450.jpg,600,337,RGB,22.279296875,False,False
VMMRdb,amc_javelin_1968/1968 Amc javelin_00A0A_bltsVst7ClT_600x450.jpg,600,290,RGB,30.6845703125,False,False
VMMRdb,chevrolet_hhr_2009/2009 Chevy hhr_00f0f_8kqKPvGzcQz_600x450.jpg,600,450,RGB,39.6728515625,False,False
VMMRdb,chevrolet_cobalt_2005/chevrolet_cobalt_2005_76.jpg,412,308,RGB,40.669921875,False,False
VMMRdb,toyota_tercel_1993/toyota_tercel_1993_2.jpg,388,288,RGB,21.4501953125,False,False
VMMRdb,dodge_durango_1998/1998 dodge durango_00D0D_3MxWPA6rchM_600x450.jpg,600,450,RGB,49.7099609375,False,False
VMMRdb,ford_taurus_2005/ford_taurus_2005_87.jpg,508,380,RGB,52.84375,False,False
VMMRdb,bmw_x3_2010/2010 BMW X3 xDrive28i_00404_8iZ1dYAUAZ6_600x450.jpg,600,386,RGB,49.8515625,False,False
VMMRdb,subaru_outback_2009/2009 Subaru Outback_B1Zf6yuk+DS._UY560_.png,747,560,RGB,37.59765625,False,True
VMMRdb,chevrolet_colorado_2004/chevrolet_colorado_2004_5.jpg,548,408,RGB,80.9306640625,False,False
VMMRdb,mercury_grandmarquis_1997/1997 mercury grand marquis_00F0F_cAeLEnBUhbP_600x450.jpg,600,450,RGB,43.22265625,False,False
VMMRdb,ford_tempo_1988/1988 FORD TEMPO LX_00a0a_f9KPBOODHsI_600x450.jpg,600,450,RGB,44.3662109375,False,False
VMMRdb,volkswagen_cabrio_1998/1998 Volkswagen Cabrio_00303_lgyyFarbwqd_600x450.jpg,600,450,RGB,46.4169921875,False,False
VMMRdb,kia_sportage_2009/kia_sportage_2009_1.jpg,444,332,RGB,51.341796875,False,False
VMMRdb,chevrolet_corvette_1993/1993 Chevy Corvette_01515_e5SqtXL0Vrh_600x450.jpg,600,450,RGB,36.63671875,False,False
VMMRdb,ford_explorer_2004/2004 ford explorer_00Y0Y_zGNCg8rt8H_600x450.jpg,600,450,RGB,47.94140625,False,False
VMMRdb,suzuki_forenza_2007/00I0I_OzQ1FZreMG_600x450.jpg,600,450,RGB,39.2470703125,False,False
VMMRdb,gmc_yukon_1500_2000/00n0n_jGWqKXJZGHF_600x450.jpg,600,450,RGB,28.8955078125,False,False
VMMRdb,hyundai_genesis_2009/2009 2009 Hyundai Genesis_00S0S_98R69NoE9cb_600x450.jpg,600,337,RGB,38.63671875,False,False
VMMRdb,toyota_4runner_1989/1989 toyota 4runner_00R0R_7D8p0piesWS_600x450.jpg,600,337,RGB,38.5947265625,False,False
VMMRdb,nissan_altima_2009/nissan_altima_2009_8.jpg,548,408,RGB,41.208984375,False,False
VMMRdb,plymouth_belvedere_1966/1966 plymouth belvedere_00L0L_2iVNLLnqUDW_600x450.jpg,600,450,RGB,71.0009765625,False,False
VMMRdb,volkswagen_passat_2002/volkswagen_passat_2002_26.jpg,412,308,RGB,42.8544921875,False,False
VMMRdb,honda_odyssey_2005/honda_odyssey_2005_50.jpg,548,408,RGB,58.873046875,False,False
VMMRdb,nissan_versa_2016/2016 nissan versa_00T0T_gQvXDYuu1NB_600x450.jpg,600,450,RGB,26.8408203125,False,False
VMMRdb,bmw_325i_2007/2007 BMW 325i_00K0K_eS0AkpEh4H4_600x450.jpg,600,337,RGB,23.7333984375,False,False
VMMRdb,chevrolet_equinox_2013/2013 Chevrolet Equinox LTZ_01313_hrevNc5Hc3p_600x450.jpg,600,450,RGB,43.26953125,False,False
VMMRdb,subaru_forester_1999/00t0t_eh2CYKcWfs_600x450.jpg,240,320,RGB,11.9140625,False,False
VMMRdb,honda_insight_2014/2014 Honda Insight EX_71muTfxiy6L._UY560_.jpg,1493,560,RGB,70.7255859375,False,False
VMMRdb,jeep_patriot_2008/2008 jeep patriot_00909_5J57UM0w5y5_600x450.jpg,600,337,RGB,42.25390625,False,False
VMMRdb,chrysler_town&country_2006/chrysler_towncountry_2006_42.jpg,588,440,RGB,78.9833984375,False,False
VMMRdb,lincoln_continental_2002/2002 lincoln continental_00u0u_5BhYBbfnk4S_600x450.jpg,600,337,RGB,23.755859375,False,False
VMMRdb,chevrolet_malibu_2005/2005 chevrolet malibu_00a0a_4nh6zHqH7BR_600x450.jpg,253,450,RGB,19.306640625,False,False
VMMRdb,ford_mustang_1990/1990 Ford Mustang_00B0B_1vAIjoaasGB_600x450.jpg,320,240,RGB,15.2763671875,False,False
VMMRdb,honda_civic_coupe_2008/2008 honda civic coupe_00y0y_6wziBLgeYsr_600x450.jpg,600,400,RGB,72.13671875,False,False
VMMRdb,toyota_tundra_2013/2013 Toyota Tundra_71AYUylHCtL._UY560_.jpg,1145,560,RGB,58.7177734375,False,True
VMMRdb,mitsubishi_eclipse_2002/00h0h_8vPFtjv7Fgg_600x450.jpg,600,450,RGB,43.8447265625,False,False
VMMRdb,infiniti_fx35_2012/infiniti_fx35_2012_0.jpg,412,308,RGB,44.046875,False,False
VMMRdb,nissan_altima_2005/nissan_altima_2005_364.jpg,440,332,RGB,38.169921875,False,False
VMMRdb,pontiac_g5_2009/pontiac_g5_2009_3.jpg,548,408,RGB,51.3994140625,False,False
VMMRdb,toyota_matrix_2005/toyota_matrix_2005_12.jpg,476,356,RGB,59.2861328125,False,False
VMMRdb,honda_cr-v_2001/honda_crv_2001_32.jpg,548,408,RGB,67.2236328125,False,False
VMMRdb,cadillac_cts_2010/2010 cadillac cts_01313_lzfuukbnTqr_600x450.jpg,337,450,RGB,23.5556640625,False,False
VMMRdb,nissan_sentra_2007/nissan_sentra_2007_4.jpg,588,440,RGB,59.5751953125,False,False
VMMRdb,mitsubishi_galant_2002/00r0r_5L1vpawBpja_600x450.jpg,600,450,RGB,31.9814453125,False,False
VMMRdb,mercedes benz_s500_2001/mercedes_s500_2001_10.jpg,476,356,RGB,43.64453125,False,False
VMMRdb,dodge_cummins_2000/dodge_cummins_2000_0.jpg,508,380,RGB,51.103515625,False,False
VMMRdb,toyota_camry_1998/toyota_camry_1998_12.jpg,444,332,RGB,42.9453125,False,False
VMMRdb,nissan_maxima_1999/1999 nissan maxima_00t0t_fgKTZwP6lRE_600x450.jpg,600,450,RGB,34.154296875,False,False
VMMRdb,chrysler_town&country_2001/chrysler_towncountry_2001_60.jpg,508,380,RGB,57.017578125,False,False
VMMRdb,chevrolet_silverado_2007/chevrolet_silverado_2007_68.jpg,476,356,RGB,66.67578125,False,False
VMMRdb,chevrolet_suburban_1996/1996 Chevrolet Suburban_00l0l_6tYOgQYGRkh_600x450.jpg,600,450,RGB,26.5068359375,False,False
VMMRdb,pontiac_grandam_1997/pontiac_grandam_1997_10.jpg,548,408,RGB,52.94140625,False,False
VMMRdb,ford_mustang_convertible_2001/2001 ford mustang convertible_00M0M_e1IHy4ZtJqB_600x450.jpg,600,448,RGB,33.9482421875,False,False
VMMRdb,ford_f150_2006/2006 Ford F-150_00K0K_a3ZO4sF9VOt_600x450.jpg,600,450,RGB,57.5498046875,False,False
VMMRdb,chevrolet_avalanche_2003/2003 chevrolet avalanche_00H0H_IwDM2Y98qd_600x450.jpg,600,337,RGB,30.453125,False,False
VMMRdb,chevrolet_malibu_2005/chevrolet_malibu_2005_145.jpg,444,332,RGB,61.3046875,False,False
VMMRdb,mercury_sable_2001/mercury_sable_2001_13.jpg,312,236,RGB,26.228515625,False,False
VMMRdb,hyundai_accent_2003/hyundai_accent_2003_12.jpg,548,408,RGB,61.732421875,False,False
VMMRdb,ford_escape_2002/2002 Ford Escape_00h0h_a9BkpcHTy1h_600x450.jpg,600,450,RGB,48.8056640625,False,False
VMMRdb,ford_taurus_2004/ford_taurus_2004_46.jpg,312,236,RGB,25.4677734375,False,False
VMMRdb,chevrolet_s10_1997/1997 Chevy S-10_00W0W_7XnLYTGsaw7_600x450.jpg,600,450,RGB,47.36328125,False,False
VMMRdb,ford_focus_2006/00K0K_h1Qw0Xu9A5d_600x450.jpg,600,450,RGB,34.419921875,False,False
VMMRdb,dodge_durango_2004/dodge_durango_2004_60.jpg,588,440,RGB,63.5498046875,False,False
VMMRdb,infiniti_qx50_2010/2010 2010 Infiniti EX35_00B0B_txgkZ68XJI_600x450.jpg,600,337,RGB,34.4716796875,False,False
VMMRdb,buick_rainier_2004/buick_rainier_2004_2.jpg,588,440,RGB,52.3193359375,False,False
VMMRdb,kia_rio_2004/kia_rio_2004_23.jpg,508,380,RGB,50.53125,False,False
VMMRdb,chevrolet_astro_1999/chevrolet_astro_1999_8.jpg,548,408,RGB,56.0986328125,False,False
VMMRdb,ford_f150_2002/2002 ford f150_01212_9ui1bsH8wwK_600x450.jpg,337,450,RGB,37.6474609375,False,False
VMMRdb,dodge_grand caravan_1999/dodge_grandcaravan_1999_37.jpg,548,376,RGB,69.685546875,False,False
VMMRdb,gmc_yukon_1500_2001/gmc_yukon_2001_14.jpg,412,308,RGB,50.9736328125,False,False
VMMRdb,honda_odyssey_2008/00000_828rk1ich0U_600x450.jpg,600,450,RGB,52.2509765625,False,False
VMMRdb,honda_odyssey_2006/honda_odyssey_2006_56.jpg,600,450,RGB,59.3564453125,False,False
VMMRdb,dodge_charger_2006/2006 dodge charger_00S0S_gU2ZjuedJEQ_600x450.jpg,600,450,RGB,46.1201171875,False,False
VMMRdb,toyota_sienna_2005/00v0v_brWzl4YaZ1F_600x450.jpg,600,450,RGB,37.4970703125,False,False
VMMRdb,ford_mustang_2008/2008 Ford Mustang_00505_gBSC9sabCsO_600x450.jpg,600,337,RGB,45.7978515625,False,False
VMMRdb,subaru_impreza_2000/2000 subaru impreza_01717_bomcHWBxnlp_600x450.jpg,600,337,RGB,44.3486328125,False,False
VMMRdb,honda_civic_1993/1993 honda civic del sol_00f0f_95zWZVQlfaG_600x450.jpg,253,450,RGB,13.943359375,False,False
VMMRdb,honda_odyssey_2008/01616_6mTO40zKp3_600x450.jpg,600,450,RGB,30.4033203125,False,False
VMMRdb,volkswagen_passat_1999/1999 volkswagen passat_00v0v_9DGD20l0B1S_600x450.jpg,600,450,RGB,59.892578125,False,False
VMMRdb,oldsmobile_ninetyeight_1990/1990 Old mobile 98_00606_azYNdc2BMzA_600x450.jpg,600,450,RGB,47.4892578125,False,False
VMMRdb,ford_ranger_1995/1995 Ford Ranger_00h0h_h7BmqpIKQ4a_600x450.jpg,600,337,RGB,38.68359375,False,False
VMMRdb,kia_sorento_2008/2008 Kia Sorento_00Y0Y_94Wc1hgemlD_600x450.jpg,337,450,RGB,25.0693359375,False,False
VMMRdb,mitsubishi_3000gt_1993/mitsubishi_3000gt_1993_7.jpg,388,288,RGB,31.53515625,False,False
VMMRdb,mitsubishi_eclipse_1999/01414_hcfRnW42CAI_600x450.jpg,568,426,RGB,45.158203125,False,False
VMMRdb,ford_mustang_2002/ford_mustang_2002_74.jpg,476,356,RGB,35.1845703125,False,False
VMMRdb,nissan_maxima_1999/1999 nissan maxima_00l0l_8JeU8vSBPNg_600x450.jpg,600,450,RGB,39.234375,False,False
VMMRdb,toyota_fj40_1972/1972 Toyota FJ 40 Landcruiser_00y0y_fVxsRd8wtP6_600x450.jpg,600,337,RGB,24.8359375,False,False
VMMRdb,honda_civic_2007/honda_civic_2007_91.jpg,444,332,RGB,52.751953125,False,False
VMMRdb,ford_bronco_1987/1987 ford bronco_00b0b_62Mrv2BnpOo_600x450.jpg,337,450,RGB,18.1201171875,False,False
VMMRdb,dodge_stratus_1998/dodge_stratus_1998_9.jpg,256,192,RGB,21.826171875,False,False
VMMRdb,chevrolet_caprice_1984/1984 Chevrolet Caprice_00X0X_8YN4CdGuu5A_600x450.jpg,600,337,RGB,46.046875,False,False
VMMRdb,subaru_outback_2000/subaru_outbackwagon_2000_9.jpg,548,408,RGB,67.6943359375,False,False
VMMRdb,honda_civic_1998/honda_civic_1998_137.jpg,444,332,RGB,50.6435546875,False,False
VMMRdb,jeep_wrangler_1995/1995 Jeep Wrangler_00I0I_EwUP1DfbaL_600x450.jpg,600,450,RGB,53.8984375,False,False
VMMRdb,hyundai_tiburon_2004/00S0S_4QZWpIJEQNA_600x450.jpg,600,450,RGB,40.6318359375,False,False
VMMRdb,chevrolet_c20_1966/1966 Chevrolet c20_01616_3Nz2HxEktFE_600x450.jpg,600,337,RGB,26.3623046875,False,False
VMMRdb,volvo_s40_2006/volvo_s40_2006_2.jpg,548,376,RGB,73.5380859375,False,False
VMMRdb,jeep_wrangler_2003/2003 Jeep Wrangler Sport_00t0t_fyZQPzcX6DN_600x450.jpg,600,337,RGB,40.728515625,False,False
VMMRdb,chevrolet_trailblazer_2003/00Y0Y_1Z4Cp008AZY_600x450.jpg,600,450,RGB,42.115234375,False,False
VMMRdb,chevrolet_malibu_2002/2002 CHEVY MALIBU_00D0D_ltMllRQO5QG_600x450.jpg,337,450,RGB,24.7119140625,False,False
VMMRdb,volkswagen_cabrio_1996/1996 Volkswagen Cabrio_00E0E_3e7IVHiGTpG_600x450.jpg,600,450,RGB,53.705078125,False,False
VMMRdb,nissan_altima_1998/nissan_altima_1998_32.jpg,508,380,RGB,51.1298828125,False,False
VMMRdb,ford_f150_1999/1999 Ford F150_00r0r_8Tm9IyvtIP0_600x450.jpg,337,450,RGB,20.30078125,False,False
VMMRdb,lexus_rx300_2000/lexus_rx300_2000_9.jpg,292,220,RGB,22.2548828125,False,False
VMMRdb,jeep_grand_cherokee_1999/jeep_grandcherokee_1999_127.jpg,332,252,RGB,29.904296875,False,False
VMMRdb,ford_explorer_2009/2009 Ford Explorer_00J0J_4MS3Kvq1n4H_600x450.jpg,600,450,RGB,28.3076171875,False,False
VMMRdb,ford_f150_2001/2001 ford f150_00707_lgqSA6bZ98s_600x450.jpg,580,435,RGB,35.6455078125,False,False
VMMRdb,chevrolet_colorado_2008/chevrolet_colorado_2008_2.jpg,312,236,RGB,29.2275390625,False,False
VMMRdb,honda_civic_1996/honda_civic_1996_152.jpg,412,308,RGB,51.892578125,False,False
VMMRdb,volkswagen_passat_wagon_2007/volkswagen_passatwagon_2007_8.jpg,588,440,RGB,77.453125,False,False
VMMRdb,chevrolet_tahoe_2002/00o0o_9FZV2LRoFvx_600x450.jpg,600,450,RGB,43.34375,False,False
VMMRdb,nissan_quest_2004/01111_husaT5JHy9d_600x450.jpg,600,450,RGB,40.234375,False,False
VMMRdb,ford_mustang_2001/2001 FORD MUSTANG_00H0H_1BZDXR8IVww_600x450.jpg,600,338,RGB,34.572265625,False,False
VMMRdb,jeep_grand_cherokee_1998/jeep_grandcherokee_1998_18.jpg,360,268,RGB,39.8046875,False,False
VMMRdb,gmc_sierra_1500_1996/gmc_sierra_1996_6.jpg,412,308,RGB,50.1357421875,False,False
VMMRdb,honda_accord_2007/honda_accord_2007_83.jpg,444,332,RGB,53.8564453125,False,False
VMMRdb,mazda_b2600_1987/mazda_b2600_1987_1.jpg,548,408,RGB,64.3642578125,False,False
VMMRdb,nissan_altima_2002/nissan_altima_2002_27.jpg,600,450,RGB,69.587890625,False,False
VMMRdb,gmc_yukon_1500_2002/2002 GMC 1500 yukon Xl_00t0t_6d0JWjzlsJP_600x450.jpg,600,400,RGB,23.5927734375,False,False
VMMRdb,ford_fusion_2007/2007 ford fusion_01414_2ofPmdOLC8H_600x450.jpg,600,450,RGB,49.0576171875,False,False
VMMRdb,honda_accord_1999/honda_accord_1999_6.jpg,312,236,RGB,26.033203125,False,False
VMMRdb,chevrolet_cavalier_1998/chevrolet_cavalier_1998_49.jpg,332,252,RGB,25.66796875,False,False
VMMRdb,nissan_altima_2008/00c0c_lemrxE4q4MR_600x450.jpg,600,450,RGB,43.5771484375,False,False
VMMRdb,chevrolet_equinox_2006/00X0X_gZLfn0pPhVH_600x450.jpg,600,450,RGB,36.2421875,False,False
VMMRdb,chevrolet_traverse_2011/2011 chevrolet traverse_00202_jxAc6j8Plbc_600x450.jpg,600,337,RGB,37.70703125,False,False
VMMRdb,volkswagen_jetta_2002/2002 Volkswagen Jetta_00f0f_87ShfS3Xd4r_600x450.jpg,600,450,RGB,55.4296875,False,False
VMMRdb,jeep_grand_cherokee_2003/jeep_grandcherokee_2003_10.jpg,476,356,RGB,67.89453125,False,False
VMMRdb,dodge_neon_2003/dodge_neon_2003_48.jpg,548,408,RGB,60.869140625,False,False
VMMRdb,mercedes benz_sl500_2003/2003 Mercedes Benz SL500_00e0e_jKmTpenyixQ_600x450.jpg,600,450,RGB,41.5859375,False,False
VMMRdb,chevrolet_blazer_2001/chevrolet_blazer_2001_24.jpg,476,332,RGB,41.27734375,False,False
VMMRdb,lincoln_navigator_2003/lincoln_navigator_2003_21.jpg,444,332,RGB,41.7646484375,False,False
VMMRdb,ford_mustang_2001/2001 FORD MUSTANG_00F0F_3Alq6Mt5dg0_600x450.jpg,450,450,RGB,49.0048828125,False,False
VMMRdb,ford_f150_2005/ford_f150_2005_152.jpg,272,204,RGB,22.8525390625,False,False
VMMRdb,volkswagen_passat_2006/2006 volkswagen passat_00202_j35lqj1OXHj_600x450.jpg,600,450,RGB,26.2412109375,False,False
VMMRdb,ford_expedition_2005/ford_expedition_2005_42.jpg,508,380,RGB,56.4033203125,False,False
VMMRdb,ford_bronco_1986/1986 ford bronco_00M0M_4BRMhjmPlMK_600x450.jpg,600,337,RGB,36.4912109375,False,False
VMMRdb,honda_civic_1995/honda_civic_1995_24.jpg,332,252,RGB,39.5888671875,False,False
VMMRdb,acura_tl_2006/acura_tl_2006_54.jpg,508,380,RGB,58.4423828125,False,False
VMMRdb,honda_cr-v_2001/honda_crv_2001_43.jpg,548,376,RGB,89.673828125,False,False
VMMRdb,honda_civic_2002/00p0p_knvNQTSFtg5_600x450.jpg,600,315,RGB,25.912109375,False,False
VMMRdb,chevrolet_blazer_2002/chevrolet_blazer_2002_0.jpg,548,408,RGB,58.2802734375,False,False
VMMRdb,honda_odyssey_2003/honda_odyssey_2003_79.jpg,296,236,RGB,19.3759765625,False,False
VMMRdb,bmw_540i_2001/bmw_540i_2001_8.jpg,312,236,RGB,24.3046875,False,False
VMMRdb,jeep_liberty_2002/jeep_liberty_2002_54.jpg,332,252,RGB,32.1142578125,False,False
VMMRdb,mitsubishi_mirage_2014/2014 mitsubishi mirage_00o0o_9qIz5RfUg7K_600x450.jpg,600,450,RGB,39.353515625,False,False
VMMRdb,pontiac_firebird_1981/1981 Pontiac Firebird_00C0C_lyh6Vmc2lN7_600x450.jpg,337,450,RGB,29.302734375,False,False
VMMRdb,audi_a8_2001/2001 audi a8_00h0h_1GkVxTpKfhi_600x450.jpg,600,450,RGB,39.861328125,False,False
VMMRdb,porsche_924_1979/porsche_924_1979_0.jpg,312,236,RGB,29.201171875,False,False
VMMRdb,audi_a6_quattro_1999/00M0M_8VCy792F9CA_600x450.jpg,600,450,RGB,37.9404296875,False,False
VMMRdb,acura_mdx_2001/acura_mdx_2001_59.jpg,508,380,RGB,50.328125,False,False
VMMRdb,honda_accord_1999/1999 Honda Accord_00w0w_54XeUQ0sPGF_600x450.jpg,337,450,RGB,22.572265625,False,False
VMMRdb,chevrolet_cobalt_2009/chevrolet_cobalt_2009_15.jpg,332,252,RGB,28.9619140625,False,False
VMMRdb,honda_civic_1998/1998 honda civic_01111_5Fbh1JtlCHz_600x450.jpg,600,337,RGB,28.8037109375,False,False
VMMRdb,datsun_nissan_1982/1982 Datsun Nissan_280zx_01111_50nHyLb7Fe5_600x450.jpg,600,428,RGB,30.8701171875,False,False
VMMRdb,dodge_ram_2500_2007/dodge_2500_2007_19.jpg,272,204,RGB,27.876953125,False,False
VMMRdb,chevrolet_deluxe_1936/1936 CHEVY DELUXE_00I0I_8x0HDSzcU5R_600x450.jpg,600,405,RGB,33.9990234375,False,False
VMMRdb,chrysler_300_2005/2005 chrysler 300c_00z0z_eH3ikivFHa0_600x450.jpg,600,337,RGB,34.2001953125,False,False
VMMRdb,toyota_landcruiser_1996/toyota_landcruiser_1996_1.jpg,588,440,RGB,86.5322265625,False,False
VMMRdb,hummer_h2_2005/hummer_h2_2005_0.jpg,548,408,RGB,67.8857421875,False,False
VMMRdb,chevrolet_cavalier_2001/chevrolet_cavalier_2001_14.jpg,272,204,RGB,12.94921875,False,False
VMMRdb,lincoln_towncar_2006/2006 lincoln town car_00z0z_4dvd0gsU0e7_600x450.jpg,600,337,RGB,38.458984375,False,False
VMMRdb,jeep_grand_cherokee_1998/jeep_grandcherokee_1998_151.jpg,312,236,RGB,28.1875,False,False
VMMRdb,ford_mustang_1988/00G0G_2adcLF8dvPG_600x450.jpg,600,450,RGB,54.646484375,False,False
VMMRdb,buick_lesabre_2002/2002 buick lesabre_00w0w_3uNe97CNwi5_600x450.jpg,600,337,RGB,29.5419921875,False,False
VMMRdb,bmw_x5_2005/00Z0Z_c5bcmt9Fgce_600x450.jpg,600,450,RGB,42.1376953125,False,False
VMMRdb,nissan_rogue_2012/Nissan_Rogue_2012_26.jpg,600,450,RGB,81.369140625,False,False
VMMRdb,saturn_ion_2006/2006 saturn ion_00K0K_9JAK3i4tCPz_600x450.jpg,528,450,RGB,23.92578125,False,False
VMMRdb,honda_odyssey_2010/2010 honda odyssey_00G0G_heJkEW8OqjP_600x450.jpg,600,450,RGB,47.6201171875,False,False
VMMRdb,mercury_sable_1998/mercury_sable_1998_6.jpg,332,252,RGB,23.5673828125,False,False
VMMRdb,dodge_neon_2004/dodge_neon_2004_86.jpg,548,408,RGB,69.318359375,False,False
VMMRdb,chevrolet_c20_1970/1970 chevrolet c-20_00u0u_gEyj90ofMgg_600x450.jpg,361,450,RGB,33.78515625,False,False
VMMRdb,acura_rl_2002/acura_rl_2002_4.jpg,388,288,RGB,32.6171875,False,False
VMMRdb,chevrolet_camaro_2014/chevrolet_camaro_2014_4.jpg,292,220,RGB,23.9716796875,False,False
VMMRdb,jeep_grand_cherokee_2000/jeep_grandcherokee_2000_234.jpg,476,356,RGB,61.3212890625,False,False
VMMRdb,toyota_celica_1978/1978 Toyota Celica_00o0o_geBF7pmbMiS_600x450.jpg,600,338,RGB,20.6064453125,False,False
VMMRdb,toyota_tacoma_2016/2016 TOYOTA TACOMA TRD_00b0b_4JBypqj9E0o_600x450.jpg,600,337,RGB,48.720703125,False,False
VMMRdb,buick_regal_1977/buick_regal_1977_1.jpg,444,332,RGB,64.767578125,False,False
VMMRdb,honda_accord_2011/2011 Honda Accord_00H0H_b5Uk1vaUhhn_600x450.jpg,600,450,RGB,66.9443359375,False,False
VMMRdb,mazda_rx7_1981/mazda_rx7_1981_1.jpg,548,408,RGB,56.3251953125,False,False
VMMRdb,ford_mustang_2015/2015 Ford Mustang_A1PWwYCTuVL._UY560_.png,1063,560,RGB,62.7021484375,False,False
VMMRdb,gmc_sonoma_1996/gmc_sonoma_1996_2.jpg,588,440,RGB,53.9169921875,False,False
VMMRdb,volkswagen_newbeetle_2004/2004 Volkswagen New Beetle_00U0U_eFm8346nfMh_600x450.jpg,600,444,RGB,44.2763671875,False,False
VMMRdb,kia_optima_2005/kia_optima_2005_15.jpg,548,408,RGB,87.1083984375,False,False
VMMRdb,cadillac_ats_2013/2013 cadillac ats_00p0p_9hhoSsveAfK_600x450.jpg,600,450,RGB,49.46484375,False,False
VMMRdb,ford_f350_1980/ford_f350_1980_2.jpg,548,408,RGB,83.615234375,False,False
VMMRdb,volkswagen_passat_2002/volkswagen_passat_2002_2.jpg,548,408,RGB,69.4853515625,False,False
VMMRdb,toyota_camry_2005/toyota_camry_2005_31.jpg,548,408,RGB,78.5078125,False,False
VMMRdb,dodge_ram_1500_2006/2006 dodge ram 1500_01616_7EaS4AQSxon_600x450.jpg,600,400,RGB,33.2685546875,False,False
VMMRdb,honda_ridgeline_2006/2006 Honda Ridgeline_00W0W_azpgWsDPk2J_600x450.jpg,600,450,RGB,37.8876953125,False,False
VMMRdb,chevrolet_tahoe_1998/01616_hyEzwD32Y51_600x450.jpg,600,450,RGB,37.6630859375,False,False
VMMRdb,pontiac_transam_1986/1986 Pontiac Trans-Am_00E0E_jdgMqoiJ4sq_600x450.jpg,600,450,RGB,52.16796875,False,False
VMMRdb,mitsubishi_galant_2007/mitsubishi_galant_2007_11.jpg,360,268,RGB,39.201171875,False,False
VMMRdb,toyota_tacoma_2003/toyota_tacoma_2003_25.jpg,548,396,RGB,54.798828125,False,False
VMMRdb,hyundai_elantra_2005/2005 Hyundai Elantra GT_00d0d_i5WYn19SNFz_600x450.jpg,597,450,RGB,47.279296875,False,False
VMMRdb,cadillac_deville_1950/1950 Cadillac Coupe Da Ville_00z0z_h7IvJwG1WFR_600x450.jpg,600,450,RGB,48.0830078125,False,False
VMMRdb,mitsubishi_eclipse_2003/2003 Mitsubishi Eclipse_00909_67Zg0fIQ935_600x450.jpg,600,450,RGB,60.357421875,False,False
VMMRdb,toyota_camry_1995/toyota_camry_1995_64.jpg,548,408,RGB,64.8662109375,False,False
VMMRdb,honda_prelude_1993/honda_prelude_1993_19.jpg,508,380,RGB,43.234375,False,False
VMMRdb,kia_optima_2005/kia_optima_2005_54.jpg,360,268,RGB,32.9296875,False,False
VMMRdb,acura_integra_1998/acura_integra_1998_24.jpg,588,440,RGB,83.068359375,False,False
VMMRdb,pontiac_g6_2007/2007 pontiac g6_00y0y_dUwjwnjvmKh_600x450.jpg,600,337,RGB,29.9775390625,False,False
VMMRdb,ford_taurus_2005/2005 Ford Taurus SEL_00606_i1nNiE7LOZi_600x450.jpg,600,450,RGB,47.6708984375,False,False
VMMRdb,ford_escape_2002/00Q0Q_hIXNIDdTrGx_600x450.jpg,337,450,RGB,16.91015625,False,False
VMMRdb,gmc_sierra_2500_1998/gmc_2500_1998_0.jpg,548,408,RGB,95.04296875,False,False
VMMRdb,nissan_altima_2006/00x0x_kzGr24tRWHA_600x450.jpg,600,450,RGB,38.4853515625,False,False
VMMRdb,dodge_ram_3500_2010/2010 Dodge ram 3500_00K0K_9jdS1mBre5D_600x450.jpg,569,450,RGB,28.5595703125,False,False
VMMRdb,nissan_altima_2015/2015 nissan altima_00707_1A1kUPzFyEb_600x450.jpg,600,450,RGB,40.2421875,False,False
VMMRdb,hyundai_tiburon_1998/1998 Hyundai Tiburon_415t95GBinL.jpg,400,200,RGB,19.3046875,False,False
VMMRdb,chrysler_town&country_2006/chrysler_towncountry_2006_54.jpg,412,308,RGB,40.24609375,False,False
VMMRdb,mercedes benz_s550_2010/mercedes_s550_2010_0.jpg,508,380,RGB,54.265625,False,False
VMMRdb,ford_f150_1997/ford_f150_1997_137.jpg,272,204,RGB,18.4326171875,False,False
VMMRdb,ford_focus_2000/ford_focus_2000_59.jpg,548,408,RGB,63.1669921875,False,False
VMMRdb,ford_expedition_1998/1998 Ford expedition_00H0H_dAYSVjUiIZr_600x450.jpg,600,450,RGB,40.03515625,False,False
VMMRdb,honda_civic_2015/2015 Honda Civic SE_00Z0Z_7XC4IypK5aG_600x450.jpg,480,360,RGB,29.5810546875,False,False
VMMRdb,pontiac_grandam_1999/pontiac_grandam_1999_70.jpg,272,204,RGB,24.115234375,False,False
VMMRdb,ford_ranchero_1962/1962 ford ranchero_00D0D_2pWWecI325S_600x450.jpg,600,450,RGB,37.4951171875,False,False
VMMRdb,honda_accord_2012/honda_accord_2012_14.jpg,548,408,RGB,67.7900390625,False,False
VMMRdb,lexus_gs400_2000/lexus_gs400_2000_10.jpg,548,408,RGB,63.5791015625,False,False
VMMRdb,mazda_6_2003/mazda_6_2003_80.jpg,272,204,RGB,19.619140625,False,False
VMMRdb,hyundai_sonata_2016/2016 Hyundai Sonata_71q3E2iNIAL._UY560_.jpg,1232,560,RGB,71.4814453125,False,False
VMMRdb,ford_focus_2002/ford_focus_2002_15.jpg,444,332,RGB,56.4990234375,False,False
VMMRdb,volkswagen_jetta_wagon_2006/2006 Volkswagen Jetta  TDI_00J0J_jFXMLr4HROo_600x450.jpg,600,450,RGB,47.3173828125,False,False
VMMRdb,hummer_h3_2008/2008 hummer h3_00909_ezjcAayT6u9_600x450.jpg,600,425,RGB,42.01171875,False,False
VMMRdb,ford_taurus_2000/ford_taurus_2000_79.jpg,332,252,RGB,30.6904296875,False,False
VMMRdb,lexus_gs300_1998/lexus_gs300_1998_8.jpg,388,288,RGB,27.705078125,False,False
VMMRdb,chevrolet_impala_2002/2002 Chevy impala_00T0T_bCkeRmTqhaF_600x450.jpg,600,450,RGB,56.8291015625,False,False
VMMRdb,subaru_outback_2001/2001 2001 Subaru Outback Limited_00L0L_g5xEqxcLJoa_600x450.jpg,600,450,RGB,41.546875,False,False
VMMRdb,toyota_highlander_2002/toyota_highlander_2002_28.jpg,412,308,RGB,52.8916015625,False,False
VMMRdb,oldsmobile_alero_2002/2002 Oldsmobile alero_00m0m_emdutWh3vNK_600x450.jpg,600,360,RGB,38.0078125,False,False
VMMRdb,hyundai_sonata_2000/hyundai_sonata_2000_15.jpg,588,440,RGB,98.2431640625,False,False
VMMRdb,hyundai_santafe_2001/hyundai_santafe_2001_14.jpg,588,440,RGB,80.5693359375,False,False
VMMRdb,infiniti_i35_2002/2002 infiniti I35_00d0d_cbobHnb1aZg_600x450.jpg,600,337,RGB,39.1337890625,False,False
VMMRdb,audi_s4_2000/audi_s4_2000_12.jpg,548,408,RGB,58.9921875,False,False
VMMRdb,isuzu_trooper_2001/isuzu_trooper_2001_16.jpg,508,380,RGB,43.259765625,False,False
VMMRdb,mini_cooper_2004/mini_cooper_2004_25.jpg,412,308,RGB,38.7236328125,False,False
VMMRdb,bmw_745i_2002/2002 BMW 745li_00N0N_64kmX3qrmIl_600x450.jpg,600,450,RGB,63.134765625,False,False
VMMRdb,acura_legend_1991/1991 Acura Legend_00303_ecsnciQbUF1_600x450.jpg,600,339,RGB,34.810546875,False,False
VMMRdb,subaru_outback_2000/00O0O_lH3ZFkp1Tkm_600x450.jpg,600,337,RGB,32.4775390625,False,False
VMMRdb,nissan_altima_2005/nissan_altima_2005_256.jpg,332,252,RGB,31.4443359375,False,False
VMMRdb,nissan_maxima_2007/00C0C_3Je2JMhScCF_600x450.jpg,600,446,RGB,49.6875,False,False
VMMRdb,chevrolet_cruze_2012/chevrolet_cruze_2012_20.jpg,332,252,RGB,34.2548828125,False,False
VMMRdb,ford_f250_2001/2001 Ford F250_00L0L_3mEKWXkq7kg_600x450.jpg,600,450,RGB,31.6376953125,False,False
VMMRdb,chevrolet_silverado_2004/2004 chevrolet 2500_00T0T_3XvBQhIfYSh_600x450.jpg,600,396,RGB,26.90625,False,False
VMMRdb,jeep_cj7_1977/jeep_cj7_1977_3.jpg,256,192,RGB,17.966796875,False,False
VMMRdb,infiniti_m35_2006/infiniti_m35_2006_4.jpg,412,308,RGB,46.1708984375,False,False
VMMRdb,toyota_rav4_2011/2011 toyota rav4_01717_gyxBtZ5umNH_600x450.jpg,600,450,RGB,45.2080078125,False,False
VMMRdb,chevrolet_tahoe_2007/00A0A_66m3Blzv3Gg_600x450.jpg,337,450,RGB,20.521484375,False,False
VMMRdb,jaguar_s-type_2002/jaguar_stype_2002_9.jpg,444,332,RGB,59.65625,False,False
VMMRdb,chevrolet_silverado_1996/chevrolet_1500_1996_20.jpg,336,252,RGB,34.212890625,False,False
VMMRdb,mercedes benz_c240_2005/2005 mercedes-benz c240_00i0i_5qbnYVkX6LG_600x450.jpg,450,450,RGB,41.04296875,False,False
VMMRdb,nissan_350z_2008/2008 nissan 350z_00x0x_cYeU1YSaZSw_600x450.jpg,450,450,RGB,36.392578125,False,False
VMMRdb,ford_mustang_1998/1998 ford mustang_00Q0Q_j1Zxcu37zEO_600x450.jpg,600,337,RGB,42.4306640625,False,False
VMMRdb,oldsmobile_bravada_1998/oldsmobile_bravada_1998_16.jpg,388,288,RGB,32.3291015625,False,False
VMMRdb,jeep_wrangler_2005/jeep_wrangler_2005_5.jpg,388,288,RGB,38.64453125,False,False
VMMRdb,chevrolet_colorado_2008/2008 Chevy Colorado LS_00707_k0KLGOx4Njh_600x450.jpg,600,450,RGB,61.7353515625,False,False
VMMRdb,audi_a6_2001/01313_75jhHkDDRO8_600x450.jpg,600,450,RGB,58.1787109375,False,False
VMMRdb,toyota_corolla_2003/2003 Toyota Corolla_00m0m_5ZSu3TydM84_600x450.jpg,600,385,RGB,42.939453125,False,False
VMMRdb,ford_expedition_2003/ford_expedition_2003_219.jpg,248,192,RGB,18.4326171875,False,False
VMMRdb,chevrolet_suburban_1989/chevrolet_suburban_1989_1.jpg,588,440,RGB,55.5498046875,False,False
VMMRdb,chevrolet_cobalt_2009/2009 CHEVY COBALT_00k0k_2t8Pzmk5tLH_600x450.jpg,600,450,RGB,34.2978515625,False,False
VMMRdb,dodge_intrepid_2004/dodge_intrepid_2004_35.jpg,508,380,RGB,38.2216796875,False,False
VMMRdb,chevrolet_cavalier_1988/chevrolet_cavalier_1988_1.jpg,388,288,RGB,43.21484375,False,False
VMMRdb,chevrolet_s10_2004/chevrolet_s10_2004_2.jpg,548,408,RGB,64.8740234375,False,False
VMMRdb,ford_focus_2005/2005 ford focus_00P0P_aC8aLqXbnUG_600x450.jpg,600,450,RGB,41.2490234375,False,False
VMMRdb,dodge_ram_3500_2005/2005 Dodge 3500_00H0H_kgCuOemiNYj_600x450.jpg,600,337,RGB,31.697265625,False,False
VMMRdb,bmw_730i_2005/2005 Bmw 730_00P0P_3k2yXOr762z_600x450.jpg,600,450,RGB,38.529296875,False,False
VMMRdb,toyota_corolla_2001/toyota_corolla_2001_96.jpg,248,192,RGB,19.0078125,False,False
VMMRdb,chevrolet_corvette_2002/00D0D_8aqsHnLe6ob_600x450.jpg,600,337,RGB,33.7529296875,False,False
VMMRdb,ford_f150_2005/2005 Ford f150_00r0r_i8ucl8Hbsq8_600x450.jpg,600,337,RGB,39.666015625,False,False
VMMRdb,volkswagen_jetta_2003/volkswagen_jetta_2003_12.jpg,444,332,RGB,52.2353515625,False,False
VMMRdb,dodge_charger_2007/dodge_charger_2007_0.jpg,444,332,RGB,61.4140625,False,False
VMMRdb,mazda_6_2005/mazda_6_2005_32.jpg,360,268,RGB,28.638671875,False,False
VMMRdb,chevrolet_camaro_1993/chevrolet_camaro_1993_13.jpg,412,308,RGB,35.9765625,False,False
VMMRdb,lincoln_mark_v_1977/1977 LINCOLN MARK V_00f0f_jhCkCNM025y_600x450.jpg,600,450,RGB,45.23046875,False,False
VMMRdb,honda_civic_2000/honda_civic_2000_206.jpg,444,332,RGB,52.6982421875,False,False
VMMRdb,honda_civic_2014/2014 HONDA CIVIC LX_00a0a_hNFgTc96MK5_600x450.jpg,600,450,RGB,43.1826171875,False,False
VMMRdb,volkswagen_beetle_1998/volkswagen_beetle_1998_8.jpg,476,356,RGB,46.6728515625,False,False
VMMRdb,honda_civic_2009/honda_civic_2009_78.jpg,292,220,RGB,26.9365234375,False,False
VMMRdb,ford_escape_2007/ford_escape_2007_36.jpg,332,252,RGB,29.361328125,False,False
VMMRdb,chrysler_town&country_2005/chrysler_towncountry_2005_131.jpg,548,408,RGB,56.2802734375,False,False
VMMRdb,honda_odyssey_2006/honda_odyssey_2006_53.jpg,600,450,RGB,69.6162109375,False,False
VMMRdb,subaru_outback_2013/00G0G_ljZldF8EIqN_600x450.jpg,600,450,RGB,33.5625,False,False
VMMRdb,ford_mustang_2003/00e0e_khsBubS9WtM_600x450.jpg,600,450,RGB,32.5595703125,False,False
VMMRdb,ford_explorer_2005/ford_explorer_2005_82.jpg,332,252,RGB,37.2646484375,False,False
VMMRdb,jeep_grand_cherokee_2000/jeep_grandcherokee_2000_134.jpg,312,236,RGB,31.0888671875,False,False
VMMRdb,infiniti_g37_2008/00X0X_bzhZKI6Kj4g_600x450.jpg,600,450,RGB,80.3974609375,False,False
VMMRdb,bmw_535xi_2008/2008 bmw 535xi_00A0A_cWcTqre3E3a_600x450.jpg,600,337,RGB,47.0751953125,False,False
VMMRdb,honda_accord_1998/00q0q_6KTZqGRqvMA_600x450.jpg,600,448,RGB,40.9775390625,False,False
VMMRdb,dodge_charger_2008/2008 dodge charger RT_00O0O_5XQYbn1KdM3_600x450.jpg,600,450,RGB,47.7275390625,False,False
VMMRdb,toyota_camry_le_2000/2000 Toyota Camry LE_01616_ezLvqasMULR_600x450.jpg,600,450,RGB,46.4111328125,False,False
VMMRdb,chrysler_200_2015/2015 Chrylser 200S_00p0p_jyIRdt90rWb_600x450.jpg,337,450,RGB,26.6337890625,False,False
VMMRdb,volkswagen_vanagon_1985/1985 volkswagen vanagon_00Z0Z_5szXAovpq3J_600x450.jpg,600,337,RGB,38.517578125,False,False
VMMRdb,chevrolet_tahoe_2003/00707_7JQ9sJRCcxj_600x450.jpg,337,450,RGB,30.9765625,False,False
VMMRdb,chevrolet_hhr_2010/2010 Chevy HHR SS_00O0O_9nDZgu3Ikim_600x450.jpg,600,337,RGB,24.2470703125,False,False
VMMRdb,cadillac_escalade_2004/2004 Cadillac Escalade ESV_00808_aCgoYehNolQ_600x450.jpg,337,450,RGB,20.474609375,False,False
VMMRdb,cadillac_escalade_2002/cadillac_escalade_2002_74.jpg,388,288,RGB,32.8974609375,False,False
VMMRdb,bmw_318i_1992/bmw_318i_1992_1.jpg,508,380,RGB,49.3681640625,False,False
VMMRdb,ford_galaxie_1964/1964 Ford Galaxie 500_00000_6TvdR5vbXXp_600x450.jpg,600,450,RGB,45.0703125,False,False
VMMRdb,nissan_murano_2006/00Y0Y_8tFzgo2CZiB_600x450.jpg,600,448,RGB,45.685546875,False,False
VMMRdb,ford_mustang_2011/2011 Mustang_00z0z_57FPxQNgCLF_600x450.jpg,600,337,RGB,43.064453125,False,False
VMMRdb,ford_mustang_1990/1990 ford mustang_00p0p_lISlrWJjkgn_600x450.jpg,600,337,RGB,27.6875,False,False
VMMRdb,honda_accord_2004/01313_aG9mEHasbbS_600x450.jpg,600,338,RGB,31.91796875,False,False
VMMRdb,volkswagen_jetta_2002/volkswagen_jetta_2002_134.jpg,548,408,RGB,65.298828125,False,False
VMMRdb,cadillac_deville_2001/2001 Cadillac Devillle_00k0k_3FycwV23MIc_600x450.jpg,600,448,RGB,48.21484375,False,False
VMMRdb,chevrolet_metro_1999/chevrolet_metro_1999_0.jpg,588,440,RGB,76.55859375,False,False
VMMRdb,kia_optima_2005/kia_optima_2005_30.jpg,476,356,RGB,40.14453125,False,False
VMMRdb,ford_f150_2013/ford_f150_2013_22.jpg,508,380,RGB,72.3779296875,False,False
VMMRdb,chevrolet_corvette_1979/00a0a_4ikaHs72zOr_600x450.jpg,600,450,RGB,34.8232421875,False,False
VMMRdb,chevrolet_equinox_2015/2015 Chevrolet Equinox 2LT_01717_f4GfSplPv4e_600x450.jpg,600,337,RGB,35.4912109375,False,False
VMMRdb,chevrolet_impala_1996/00K0K_gynmnvPE5hT_600x450.jpg,600,450,RGB,40.140625,False,False
VMMRdb,infiniti_i30_2000/2000 Infiniti i30T_00707_2fd85drjFrT_600x450.jpg,337,450,RGB,33.8203125,False,False
VMMRdb,mazda_3_2010/2010 Mazda3 i Sport_00202_cpOfqqE2OUL_600x450.jpg,337,450,RGB,24.7587890625,False,False
VMMRdb,pontiac_g6_2008/2008 pontiac g6 -GT_00505_6KsmyVuBzNp_600x450.jpg,600,337,RGB,38.330078125,False,False
VMMRdb,ford_mustang_mach_2003/2003 Ford Mustang Mach 1_00F0F_cLyYxtPXubL_600x450.jpg,600,339,RGB,26.9873046875,False,False
VMMRdb,hyundai_elantra_2004/hyundai_elantra_2004_21.jpg,548,408,RGB,57.640625,False,False
VMMRdb,chevrolet_corvette_1987/chevrolet_corvette_1987_27.jpg,360,268,RGB,27.6865234375,False,False
VMMRdb,ford_taurus_2002/ford_taurus_2002_3.jpg,600,450,RGB,65.2255859375,False,False
VMMRdb,lexus_sc430_2005/2005 Lexus SC430_00c0c_l60dnjzuT4_600x450.jpg,337,450,RGB,26.904296875,False,False
VMMRdb,ford_mustang_gt_2002/2002 Ford Mustang GT_00j0j_9cw0mAUjUte_600x450.jpg,600,337,RGB,40.4560546875,False,False
VMMRdb,chevrolet_camaro_2000/2000 Chevrolet Camaro_91hbCBVQJbL._UY560_.png,938,560,RGB,45.5302734375,False,False
VMMRdb,toyota_sienna_2005/toyota_sienna_2005_31.jpg,412,308,RGB,38.408203125,False,False
VMMRdb,gmc_yukon_1500_2001/00i0i_jcngtwNMOtk_600x450.jpg,600,450,RGB,23.5478515625,False,False
VMMRdb,acura_integra_1998/acura_integra_1998_48.jpg,548,408,RGB,69.5517578125,False,False
VMMRdb,toyota_landcruiser_1992/toyota_landcruiser_1992_2.jpg,248,192,RGB,18.072265625,False,False
VMMRdb,oldsmobile_silhouette_2000/oldsmobile_silhouette_2000_6.jpg,476,356,RGB,55.8837890625,False,False
VMMRdb,chevrolet_trailblazer_2003/chevrolet_trailblazer_2003_30.jpg,312,236,RGB,34.203125,False,False
VMMRdb,gmc_envoy_2003/2003 GMC Envoy_00404_kBCTzbQXDwP_600x450.jpg,600,338,RGB,34.5322265625,False,False
VMMRdb,bmw_m3_1998/bmw_m3_1998_3.jpg,332,252,RGB,31.3876953125,False,False
VMMRdb,acura_integra_1994/acura_integra_1994_75.jpg,256,192,RGB,13.4541015625,False,False
VMMRdb,dodge_durango_1998/1998 Dodge Durango_00G0G_kzaj5PcUIie_600x450.jpg,600,337,RGB,42.9296875,False,False
VMMRdb,nissan_altima_2007/2007 Nissan Altima_00c0c_iJgMbpmy6tH_600x450.jpg,600,450,RGB,28.748046875,False,False
VMMRdb,chevrolet_blazer_1998/chevrolet_blazer_1998_55.jpg,476,356,RGB,74.779296875,False,False
VMMRdb,chevrolet_silverado_2004/2004 chevrolet 2500hd  silverado_00p0p_jdxvibSruZY_600x450.jpg,600,450,RGB,56.7841796875,False,False
VMMRdb,dodge_dakota_2004/dodge_dakota_2004_7.jpg,444,332,RGB,55.24609375,False,False
VMMRdb,nissan_sentra_2013/2013 nissan sentra_00r0r_jEPb1YdiHLr_600x450.jpg,600,450,RGB,50.4169921875,False,False
VMMRdb,chevrolet_equinox_2008/2008 chevy equinox_00D0D_3jGUwXL6GjS_600x450.jpg,600,337,RGB,38.455078125,False,False
VMMRdb,chevrolet_tahoe_2013/chevrolet_tahoe_2013_1.jpg,588,440,RGB,70.7119140625,False,False
VMMRdb,ford_f150_2005/ford_f150_2005_144.jpg,508,380,RGB,49.6162109375,False,False
VMMRdb,toyota_echo_2004/2004 Echo_00n0n_9N2WIVCh2GU_600x450.jpg,600,448,RGB,48.814453125,False,False
VMMRdb,chevrolet_tahoe_2003/chevrolet_tahoe_2003_46.jpg,312,236,RGB,35.8173828125,False,False
VMMRdb,infiniti_g35_2005/2005 INFINITI G35_00Y0Y_cGF7J7xHaHi_600x450.jpg,600,337,RGB,33.6796875,False,False
VMMRdb,honda_civic_coupe_2010/01717_i9EVY5nHxa5_600x450.jpg,600,450,RGB,26.564453125,False,True
VMMRdb,toyota_prius_2015/2015 Toyota Prius Plug-In Advanced_B1WHKX5CpTS._UY560_.png,747,560,RGB,43.333984375,False,False
VMMRdb,pontiac_grandam_1996/pontiac_grandam_1996_10.jpg,508,380,RGB,71.166015625,False,False
VMMRdb,nissan_sentra_2003/2003 Nissan Sentra GXE_00G0G_kwzfy7tnJ5X_600x450.jpg,337,450,RGB,31.9560546875,False,False
VMMRdb,chevrolet_suburban_2013/2013 Chevrolet Suburban 1500 LTZ_71jypUczJYL._UY560_.jpg,928,560,RGB,40.685546875,False,True
VMMRdb,volvo_s60_2002/volvo_s60_2002_52.jpg,528,408,RGB,54.7353515625,False,False
VMMRdb,chevrolet_ssr_2005/chevrolet_ssr_2005_2.jpg,360,268,RGB,29.349609375,False,False
VMMRdb,honda_civic_coupe_2012/honda_civiccoupe_2012_7.jpg,360,268,RGB,31.291015625,False,False
VMMRdb,bmw_525i_1995/bmw_525i_1995_30.jpg,548,408,RGB,54.40625,False,False
VMMRdb,toyota_camry_2000/00H0H_cqEvaqcUGjm_600x450.jpg,600,360,RGB,38.5703125,False,False
VMMRdb,ford_f150_1999/ford_f150_1999_8.jpg,412,308,RGB,55.296875,False,False
VMMRdb,toyota_sienna_2011/toyota_sienna_2011_7.jpg,600,450,RGB,72.1044921875,False,False
VMMRdb,infiniti_g35_2003/2003 infiniti g35_00N0N_i3QoG0cXOcC_600x450.jpg,337,450,RGB,24.37890625,False,False
VMMRdb,chevrolet_c10_1998/chevrolet_c10_1998_0.jpg,548,408,RGB,73.857421875,False,False
VMMRdb,acura_rl_2005/acura_rl_2005_5.jpg,548,408,RGB,62.8837890625,False,False
VMMRdb,chevrolet_equinox_2005/chevrolet_equinox_2005_39.jpg,508,380,RGB,54.107421875,False,False
VMMRdb,honda_odyssey_2008/00Z0Z_5shuMI5la6b_600x450.jpg,600,450,RGB,36.3720703125,False,False
VMMRdb,jeep_wrangler_2002/jeep_wrangler_2002_9.jpg,548,408,RGB,61.5517578125,False,False
VMMRdb,chevrolet_silverado_2004/2004 chevrolet 1500 silverado_00q0q_eNxCO5BSPNM_600x450.jpg,600,450,RGB,52.427734375,False,False
VMMRdb,volkswagen_touareg_2005/volkswagen_touareg_2005_20.jpg,548,408,RGB,53.1865234375,False,False
VMMRdb,dodge_durango_2007/dodge_durango_2007_23.jpg,476,356,RGB,48.1435546875,False,False
VMMRdb,gmc_yukon_1500_2000/gmc_1500yukon_2000_1.jpg,444,332,RGB,53.3173828125,False,False
VMMRdb,toyota_camry_2007/2007 toyota camry_00B0B_9rS0YDoI1hb_600x450.jpg,600,300,RGB,36.767578125,False,False
VMMRdb,pontiac_bonneville_2004/pontiac_bonneville_2004_0.jpg,588,440,RGB,91.068359375,False,False
VMMRdb,honda_odyssey_2000/00u0u_rW5wMy9lo7_600x450.jpg,600,450,RGB,45.4345703125,False,False
VMMRdb,acura_mdx_2008/00101_8HccjLEhudu_600x450.jpg,600,450,RGB,36.9609375,False,False
VMMRdb,ford_escape_2004/2004 Ford escape_00s0s_bq0hykjmpsQ_600x450.jpg,600,337,RGB,36.6318359375,False,False
VMMRdb,chevrolet_c10_1962/1962 Chevy c10_00K0K_fijK3JhCv7O_600x450.jpg,600,400,RGB,42.64453125,False,False
VMMRdb,mercedes benz_c300_2011/2011 mercedes-benz c300_00a0a_18rFQp1mryr_600x450.jpg,600,450,RGB,40.5654296875,False,False
VMMRdb,volkswagen_passat_2003/volkswagen_passat_2003_83.jpg,476,356,RGB,47.15625,False,False
VMMRdb,bmw_m3_2002/2002 BMW M3_00V0V_50nJF8oJU9_600x450.jpg,600,337,RGB,40.6708984375,False,False
VMMRdb,ford_explorer_1996/01515_iX0wCgZ17VD_600x450.jpg,600,450,RGB,53.126953125,False,False
VMMRdb,chevrolet_impala_1966/00x0x_4MZwoFQHZGe_600x450.jpg,600,450,RGB,45.9248046875,False,False
VMMRdb,ford_transit_2012/2012 Ford Transit_00z0z_7TFloUgubCG_600x450.jpg,600,450,RGB,43.142578125,False,False
VMMRdb,toyota_corolla_2000/toyota_corolla_2000_3.jpg,336,252,RGB,32.5478515625,False,False
VMMRdb,bmw_z4_2003/00D0D_2SWGZdlLfKJ_600x450.jpg,600,450,RGB,39.53515625,False,False
VMMRdb,scion_tc_2008/scion_tc_2008_59.jpg,548,408,RGB,57.5341796875,False,False
VMMRdb,toyota_corolla_2005/00f0f_kZ2HtHLHehr_600x450.jpg,400,266,RGB,20.7666015625,False,False
VMMRdb,mazda_mpv_2002/mazda_mpv_2002_1.jpg,588,440,RGB,64.4248046875,False,False
VMMRdb,ford_f150_1998/1998 ford f150_00808_4l3llK33BZl_600x450.jpg,600,450,RGB,62.5126953125,False,False
VMMRdb,ford_thunderbird_1971/1971 Ford Thunderbird_00v0v_bM9Qs07E5Hj_600x450.jpg,600,450,RGB,45.9384765625,False,False
VMMRdb,ford_f250_1996/1996 ford f250_00808_71ohHuHIQux_600x450.jpg,600,436,RGB,60.4541015625,False,False
VMMRdb,ford_explorer_2002/ford_explorer_2002_22.jpg,600,450,RGB,83.6357421875,False,False
VMMRdb,dodge_ram_3500_2012/2012 dodge ram 3500 flatbed_00z0z_joHvJSPZ05T_600x450.jpg,600,450,RGB,41.94140625,False,False
VMMRdb,honda_fit_2011/2011 Honda Fit_00e0e_arDB8u6dTwG_600x450.jpg,337,450,RGB,20.3544921875,False,False
VMMRdb,chevrolet_camaro_1997/chevrolet_camaro_1997_10.jpg,360,268,RGB,34.3779296875,False,False
VMMRdb,mercedes benz_clk55_2003/mercedes_clk55amg_2003_0.jpg,412,308,RGB,53.2099609375,False,False
VMMRdb,hyundai_accent_2007/2007 HYUNDAI ACCENT_00202_k8bI4n1aWdT_600x450.jpg,600,450,RGB,46.8681640625,False,False
VMMRdb,chrysler_300_2005/chrysler_300_2005_31.jpg,588,440,RGB,86.5654296875,False,False
VMMRdb,toyota_camry_2008/2008 Toyota Camry_00V0V_T2L9PI25Gr_600x450.jpg,253,450,RGB,16.3076171875,False,False
VMMRdb,chevrolet_cavalier_2004/2004 chevy cavalier_01414_1l5SRMU9j6B_600x450.jpg,600,450,RGB,46.4306640625,False,False
VMMRdb,ford_explorer_1997/00a0a_91QdCYtOB6V_600x450.jpg,337,450,RGB,24.2744140625,False,False
VMMRdb,mercedes benz_c220_1996/mercedes_c220_1996_1.jpg,548,376,RGB,76.380859375,False,False
VMMRdb,gmc_jimmy_2000/gmc_jimmy_2000_49.jpg,412,308,RGB,50.0810546875,False,False
VMMRdb,mazda_protege_1992/mazda_protege_1992_4.jpg,312,236,RGB,34.0556640625,False,False
VMMRdb,chevrolet_c10_1981/1981 C10_00M0M_51zPny4ZJDl_600x450.jpg,600,450,RGB,35.2255859375,False,False
VMMRdb,landrover_discovery_2004/landrover_discovery_2004_5.jpg,548,408,RGB,71.1064453125,False,False
VMMRdb,mazda_b3000_2002/2002 Mazda B3000_00S0S_9gXmE7jxJGh_600x450.jpg,600,337,RGB,25.322265625,False,False
VMMRdb,volkswagen_routan_2009/volkswagen_routan_2009_9.jpg,508,380,RGB,38.1669921875,False,False
VMMRdb,acura_mdx_2003/00z0z_5pgl7phLlDZ_600x450.jpg,336,450,RGB,24.4697265625,False,False
VMMRdb,honda_pilot_2010/honda_pilot_2010_4.jpg,412,308,RGB,41.6845703125,False,False
VMMRdb,pontiac_grandprix_2006/pontiac_grandprix_2006_50.jpg,312,236,RGB,28.529296875,False,False
VMMRdb,toyota_prius_2005/2005 Toyota Prius_00x0x_dJVGMdNWmSM_600x450.jpg,270,450,RGB,16.994140625,False,False
VMMRdb,bmw_525i_2004/bmw_525i_2004_26.jpg,548,408,RGB,47.5927734375,False,False
VMMRdb,honda_element_2006/2006 honda element_00202_bYr18gRBHXn_600x450.jpg,337,450,RGB,20.376953125,False,False
VMMRdb,pontiac_firebird_1996/pontiac_firebird_1996_3.jpg,256,192,RGB,9.5888671875,False,False
VMMRdb,toyota_highlander_2008/toyota_highlander_2008_7.jpg,600,450,RGB,85.994140625,False,False
VMMRdb,honda_accord_2 door_2004/2004 honda accord 2-door coupe_00s0s_hirxWZIdtl5_600x450.jpg,600,337,RGB,24.447265625,False,False
VMMRdb,nissan_maxima_2000/00F0F_hURCvKZxBAs_600x450.jpg,337,450,RGB,26.267578125,False,False
VMMRdb,buick_century_2005/buick_century_2005_4.jpg,444,332,RGB,59.2607421875,False,False
VMMRdb,chrysler_town&country_2002/chrysler_towncountry_2002_73.jpg,332,252,RGB,29.03515625,False,False
VMMRdb,ford_expedition_2002/ford_expedition_2002_53.jpg,548,408,RGB,79.994140625,False,False
VMMRdb,acura_mdx_2007/00y0y_2mxb95GPgEQ_600x450.jpg,600,448,RGB,41.83984375,False,False
VMMRdb,toyota_sienna_2006/00Z0Z_i0MlDPp4gEX_600x450.jpg,600,450,RGB,43.2958984375,False,False
VMMRdb,audi_a4_1996/1996 Audi A4_00606_hcaSZfBeSym_600x450.jpg,337,450,RGB,27.3359375,False,False
VMMRdb,mercedes benz_sl500_1999/mercedes_sl500_1999_5.jpg,444,332,RGB,48.3408203125,False,False
VMMRdb,ford_f250_2008/ford_f250_2008_30.jpg,588,440,RGB,89.5234375,False,False
VMMRdb,nissan_pathfinder_2001/2001 nissan pathfinder_00h0h_5hNP55PtvKR_600x450.jpg,600,337,RGB,53.5595703125,False,False
VMMRdb,honda_prelude_1997/1997 Honda Prelude_41w0YCrb5ML.jpg,400,200,RGB,17.2314453125,False,False
VMMRdb,honda_cr-v_1999/honda_crv_1999_19.jpg,548,408,RGB,49.44921875,False,False
VMMRdb,mazda_protege_1999/mazda_protege_1999_29.jpg,548,408,RGB,55.59375,False,False
VMMRdb,jeep_wrangler_2000/2000 jeep wrangler_tj_00U0U_2tytxrvai5q_600x450.jpg,600,450,RGB,39.3818359375,False,False
VMMRdb,ford_crown victoria_1997/1997 Ford Crown Victoria_00B0B_ffph4835Zbx_600x450.jpg,600,337,RGB,43.9482421875,False,False
VMMRdb,dodge_charger_2009/00L0L_fK6yLAiEPBU_600x450.jpg,600,450,RGB,47.6181640625,False,False
VMMRdb,oldsmobile_alero_2000/2000 oldsmobile alero_00606_6Q94NfccISA_600x450.jpg,600,337,RGB,23.396484375,False,False
VMMRdb,gmc_yukon_1500_2000/00Y0Y_26PQTEknveu_600x450.jpg,600,448,RGB,38.001953125,False,False
VMMRdb,volvo_s60_2008/2008 Volvo s60_00f0f_ZpCHpVO0hn_600x450.jpg,253,450,RGB,12.2060546875,False,False
VMMRdb,chevrolet_colorado_2008/2008 chevrolet colorado_00y0y_gWWLpy7gDw6_600x450.jpg,600,450,RGB,35.3505859375,False,False
VMMRdb,buick_roadmaster_1996/1996 buick roadmaster_00202_eO02rBlvmhU_600x450.jpg,253,450,RGB,25.626953125,False,False
VMMRdb,chevrolet_cavalier_1995/chevrolet_cavalier_1995_3.jpg,312,236,RGB,31.17578125,False,False
VMMRdb,honda_odyssey_2000/honda_odyssey_2000_2.jpg,600,450,RGB,84.986328125,False,False
VMMRdb,mitsubishi_galant_1991/mitsubishi_galant_1991_1.jpg,476,356,RGB,56.01171875,False,False
VMMRdb,chevrolet_c10_1978/1978 Chevy C10_00202_b69tUHN2a1P_600x450.jpg,600,450,RGB,48.2705078125,False,False
VMMRdb,chevrolet_cruze_2014/2014 chevy cruze rs ltz_00909_jxdLWtu0Q6D_600x450.jpg,600,450,RGB,63.4619140625,False,False
VMMRdb,nissan_sentra_1991/nissan_sentra_1991_0.jpg,312,236,RGB,28.90625,False,False
VMMRdb,nissan_pathfinder_2002/nissan_pathfinder_2002_62.jpg,312,236,RGB,24.90234375,False,False
VMMRdb,dodge_durango_2005/00W0W_dDh8MWQShCu_600x450.jpg,600,359,RGB,25.92578125,False,False
VMMRdb,hyundai_elantra_2003/hyundai_elantra_2003_50.jpg,332,252,RGB,24.0986328125,False,False
VMMRdb,nissan_maxima_2004/nissan_maxima_2004_55.jpg,412,308,RGB,44.748046875,False,False
VMMRdb,gmc_envoy_2008/2008 GMC ENVOY_00a0a_ceufqJ6Thyo_600x450.jpg,600,450,RGB,36.1220703125,False,False
VMMRdb,ford_fusion_2008/2008 ford fusion_00A0A_6LLg9gM4tNd_600x450.jpg,600,337,RGB,34.314453125,False,False
VMMRdb,dodge_durango_2005/00707_axOuWBxv9Zc_600x450.jpg,600,450,RGB,42.0146484375,False,False
VMMRdb,dodge_neon_2002/dodge_neon_2002_29.jpg,588,440,RGB,53.18359375,False,False
VMMRdb,honda_accord_2003/honda_accord_2003_57.jpg,508,380,RGB,48.076171875,False,False
VMMRdb,toyota_matrix_2004/toyota_matrix_2004_0.jpg,588,440,RGB,82.7890625,False,False
VMMRdb,ford_f150_2008/ford_f150_2008_24.jpg,548,408,RGB,61.529296875,False,False
VMMRdb,honda_civic_coupe_2008/2008 Honda Civic si_00X0X_lhgd1AOBiym_600x450.jpg,600,450,RGB,23.875,False,False
VMMRdb,hyundai_elantra_2001/hyundai_elantra_2001_36.jpg,588,440,RGB,58.294921875,False,False
VMMRdb,chevrolet_tahoe_1996/chevrolet_tahoe_1996_11.jpg,412,308,RGB,53.447265625,False,False
VMMRdb,chrysler_sebring_2004/2004 chrysler sebring_00z0z_aB78XMtBFku_600x450.jpg,600,337,RGB,32.44140625,False,False
VMMRdb,ford_fusion_2011/2011 Ford Fusion_71Geh6CFtQL._UY560_.jpg,1189,560,RGB,63.73046875,False,True
VMMRdb,acura_mdx_2006/2006 ACURA MDX_00L0L_bWPfVOfh3xc_600x450.jpg,600,450,RGB,61.6181640625,False,False
VMMRdb,ford_f150_2004/2004 FORD F150 5.4 Triton_00i0i_9c7b8o0sGS1_600x450.jpg,600,337,RGB,31.2626953125,False,False
VMMRdb,pontiac_firebird_1997/pontiac_firebird_1997_5.jpg,332,252,RGB,37.494140625,False,False
VMMRdb,cadillac_escalade_1999/1999 Cadillac Escalade_41+lVYqDoAL.jpg,400,201,RGB,15.552734375,False,False
VMMRdb,honda_odyssey_2001/honda_odyssey_2001_74.jpg,332,252,RGB,23.5703125,False,False
VMMRdb,dodge_grand caravan_2000/dodge_grandcaravan_2000_23.jpg,588,440,RGB,56.951171875,False,False
VMMRdb,honda_civic_1997/1997 honda civic_00A0A_p6toGtkkPj_600x450.jpg,600,362,RGB,31.0380859375,False,False
VMMRdb,porsche_944_1986/porsche_944_1986_2.jpg,360,268,RGB,36.9609375,False,False
VMMRdb,ford_f250_2006/ford_f250_2006_56.jpg,412,308,RGB,49.0634765625,False,False
VMMRdb,ford_f250_1997/ford_f250_1997_31.jpg,548,396,RGB,72.9384765625,False,False
VMMRdb,volkswagen_passat_2006/00202_hVSs6h0LnpE_600x450.jpg,600,450,RGB,34.7822265625,False,False
VMMRdb,honda_civic_2012/01515_lx2KqPlWlxN_600x450.jpg,600,337,RGB,22.4140625,False,False
VMMRdb,toyota_camry_2007/2007 TOYOTA CAMRY_00P0P_gT83o0yyZhr_600x450.jpg,600,337,RGB,28.630859375,False,False
VMMRdb,mercury_sable_2000/mercury_sable_2000_39.jpg,332,252,RGB,25.765625,False,False
VMMRdb,volvo_s80_2009/volvo_s80_2009_1.jpg,412,308,RGB,51.62890625,False,False
VMMRdb,pontiac_grandprix_2002/pontiac_grandprix_2002_31.jpg,588,440,RGB,64.076171875,False,False
VMMRdb,jeep_grand_cherokee_1996/jeep_grandcherokee_1996_57.jpg,508,380,RGB,49.70703125,False,False
VMMRdb,nissan_juke_2011/nissan_juke_2011_6.jpg,312,236,RGB,22.37109375,False,False
VMMRdb,chevrolet_silverado_2000/chevrolet_silverado_2000_46.jpg,508,380,RGB,56.3935546875,False,False
VMMRdb,ford_expedition_2004/00f0f_r6zlUVf35v_600x450.jpg,600,450,RGB,41.951171875,False,False
VMMRdb,dodge_charger_1966/00Z0Z_clMzMYwstcg_600x450.jpg,600,400,RGB,34.1513671875,False,False
VMMRdb,jeep_grand_cherokee_1998/jeep_grandcherokee_1998_51.jpg,444,332,RGB,61.228515625,False,False
VMMRdb,honda_accord_2016/2016 HONDA ACCORD LX_01414_hGj6cEvBewl_600x450.jpg,600,337,RGB,33.8115234375,False,False
VMMRdb,mazda_b3000_1994/mazda_b3000_1994_8.jpg,272,204,RGB,19.0478515625,False,False
VMMRdb,ford_mustang_2009/2009 Ford Mustang_01717_2s1KuzpENRt_600x450.jpg,600,450,RGB,32.400390625,False,False
VMMRdb,toyota_camry_1997/toyota_camry_1997_43.jpg,412,308,RGB,43.2314453125,False,False
VMMRdb,ford_explorer_2007/2007 ford explorer_00y0y_iD87D7TctIv_600x450.jpg,600,450,RGB,28.595703125,False,False
VMMRdb,pontiac_g5_2007/00y0y_lUvnEmiril2_600x450.jpg,600,450,RGB,29.8798828125,False,False
VMMRdb,ford_f250_1986/1986 ford f250_00E0E_8Fu5yrGvCtC_600x450.jpg,600,450,RGB,50.1357421875,False,False
VMMRdb,chevrolet_tahoe_2011/2011 chevrolet 1500 tahoe_00n0n_fLrGZpZiV2g_600x450.jpg,600,340,RGB,25.8076171875,False,False
VMMRdb,honda_accord_2004/honda_accord_2004_35.jpg,272,204,RGB,19.4794921875,False,False
VMMRdb,mercury_sable_1999/mercury_sable_1999_31.jpg,388,288,RGB,27.3427734375,False,False
VMMRdb,dodge_charger_2006/dodge_charger_2006_22.jpg,412,308,RGB,41.431640625,False,False
VMMRdb,toyota_camry_2001/2001 Camry 2001_00G0G_8qWKsiLeWI7_600x450.jpg,337,450,RGB,17.287109375,False,False
VMMRdb,subaru_forester_2001/subaru_forester_2001_30.jpg,360,268,RGB,39.626953125,False,False
VMMRdb,lincoln_mark_viii_1998/lincoln_markviii_1998_4.jpg,444,332,RGB,36.7392578125,False,False
VMMRdb,cadillac_deville_2003/cadillac_deville_2003_12.jpg,388,288,RGB,32.7734375,False,False
VMMRdb,gmc_envoy_2003/gmc_envoy_2003_35.jpg,548,408,RGB,86.8251953125,False,False
VMMRdb,chevrolet_tahoe_2001/00Z0Z_9CkSdDus2iA_600x450.jpg,600,450,RGB,55.759765625,False,False
VMMRdb,honda_civic_2012/2012 honda civic_01313_j3g0kVJTmGT_600x450.jpg,600,337,RGB,30.8896484375,False,False
VMMRdb,honda_civic_2003/honda_civic_2003_117.jpg,336,252,RGB,32.0576171875,False,False
VMMRdb,bmw_x5_2002/00M0M_56tZu2WvxU8_600x450.jpg,600,450,RGB,59.783203125,False,False
VMMRdb,nissan_altima_2005/nissan_altima_2005_105.jpg,588,440,RGB,63.873046875,False,False
VMMRdb,ford_explorer_2002/00H0H_6ALkVIHpYvI_600x450.jpg,600,450,RGB,52.9013671875,False,False
VMMRdb,chevrolet_caprice_1966/chevrolet_caprice_1966_0.jpg,588,440,RGB,51.990234375,False,False
VMMRdb,mercedes benz_e430_2002/mercedes_e430_2002_10.jpg,412,308,RGB,36.5185546875,False,False
VMMRdb,gmc_sierra_2500_2006/gmc_2500_2006_2.jpg,412,308,RGB,46.6982421875,False,False
VMMRdb,honda_accord_2008/2008 Honda Accord_00j0j_8E4qMQ1rij0_600x450.jpg,600,449,RGB,45.6806640625,False,False
VMMRdb,ford_focus_2004/ford_focus_2004_25.jpg,548,408,RGB,61.275390625,False,False
VMMRdb,ford_aspire_1998/ford_aspire_1998_1.jpg,444,332,RGB,62.92578125,False,False
VMMRdb,ford_escape_2009/2009 Ford Escape XLT 4WD_01414_dOhgJRl5Z3q_600x450.jpg,600,450,RGB,56.6474609375,False,False
VMMRdb,chevrolet_equinox_2006/chevrolet_equinox_2006_14.jpg,548,408,RGB,54.8076171875,False,False
VMMRdb,ford_explorer_2002/00x0x_aKnxdyA9vEj_600x450.jpg,600,450,RGB,34.4658203125,False,False
VMMRdb,toyota_camry_solara_1999/1999 toyota camry solara_00M0M_5YbyH3yqIW7_600x450.jpg,600,450,RGB,57.46484375,False,False
VMMRdb,dodge_neon_2003/dodge_neon_2003_81.jpg,476,356,RGB,50.587890625,False,False
VMMRdb,subaru_outback_2004/2004 Subaru Outback_00F0F_lC5DZzX2oib_600x450.jpg,337,450,RGB,27.390625,False,False
VMMRdb,dodge_neon_2004/2004 DODGE NEON_00707_20EU6YU6C3t_600x450.jpg,600,450,RGB,31.97265625,False,False
VMMRdb,scion_xd_2013/2013 scion xd_00F0F_4ezZiNuLhTa_600x450.jpg,600,337,RGB,31.8798828125,False,False
VMMRdb,pontiac_g6_2007/pontiac_g6_2007_72.jpg,548,408,RGB,53.5126953125,False,False
VMMRdb,dodge_grand caravan_2001/dodge_caravan_2001_62.jpg,548,408,RGB,62.982421875,False,False
VMMRdb,chevrolet_suburban_2001/chevrolet_v2500suburban_2001_0.jpg,548,376,RGB,62.400390625,False,False
VMMRdb,ford_focus_2012/00j0j_hMrVIgxHVmy_600x450.jpg,600,400,RGB,34.330078125,False,False
VMMRdb,volkswagen_jetta_2005/volkswagen_jetta_2005_7.jpg,508,380,RGB,57.7041015625,False,False
VMMRdb,ford_escape_2006/2006 ford escape_00t0t_ggxl9exmY2g_600x450.jpg,600,337,RGB,41.3515625,False,False
VMMRdb,saturn_vue_2003/saturn_vue_2003_82.jpg,444,332,RGB,59.6748046875,False,False
VMMRdb,chevrolet_montecarlo_2002/chevrolet_montecarlo_2002_10.jpg,360,268,RGB,38.6728515625,False,False
VMMRdb,scion_tc_2005/scion_tc_2005_21.jpg,336,252,RGB,31.833984375,False,False
VMMRdb,subaru_forester_2006/subaru_forester_2006_16.jpg,588,440,RGB,67.55859375,False,False
VMMRdb,oldsmobile_eightyeight_1994/1994 oldsmobile eighty-eight_00z0z_hDXz1OHnc3E_600x450.jpg,600,337,RGB,26.537109375,False,False
VMMRdb,dodge_cummins_1998/dodge_cummins_1998_1.jpg,412,292,RGB,49.8779296875,False,False
VMMRdb,kia_rio_2003/00a0a_6V4mRFVSxAZ_600x450.jpg,600,449,RGB,54.40234375,False,False
VMMRdb,gmc_sierra_1500_2001/2001 GMC Sierra 2500HD_00W0W_4xO7kVFnMEO_600x450.jpg,600,339,RGB,39.6083984375,False,False
VMMRdb,volvo_s60_2002/volvo_s60_2002_26.jpg,412,308,RGB,56.7001953125,False,False
VMMRdb,jeep_grand_cherokee_1995/1995 Jeep grand cherokee_00d0d_bXTmCBhFS1K_600x450.jpg,600,337,RGB,30.384765625,False,False
VMMRdb,dodge_dakota_1992/dodge_dakota_1992_9.jpg,588,440,RGB,81.5078125,False,False
VMMRdb,chevrolet_cobalt_2008/chevrolet_cobalt_2008_5.jpg,412,308,RGB,49.2578125,False,False
VMMRdb,bmw_530i_2006/bmw_530i_2006_22.jpg,548,408,RGB,65.009765625,False,False
VMMRdb,dodge_grand caravan_2003/dodge_grandcaravan_2003_62.jpg,588,440,RGB,79.169921875,False,False
VMMRdb,toyota_camry_1997/1997 Toyota Camry_00f0f_4xnNekMi5v7_600x450.jpg,600,450,RGB,21.1064453125,False,False
VMMRdb,mercury_grandmarquis_2001/mercury_grandmarquis_2001_10.jpg,292,220,RGB,27.9658203125,False,False
VMMRdb,bmw_528i_1998/bmw_528i_1998_45.jpg,412,284,RGB,38.1640625,False,False
VMMRdb,ford_explorer_2001/2001 ford explorer sport_00101_hBjs3p0QcQ5_600x450.jpg,600,450,RGB,65.75,False,False
VMMRdb,toyota_tacoma_1999/1999 toyota tacoma_00T0T_8BejeZYqiIM_600x450.jpg,600,337,RGB,28.1796875,False,False
VMMRdb,nissan_240sx_1990/nissan_240sx_1990_11.jpg,412,308,RGB,41.33203125,False,False
VMMRdb,gmc_yukon_1500_2000/2000 GMC Yukon SLT_00p0p_ehyPQOyJrBW_600x450.jpg,480,360,RGB,31.5205078125,False,False
VMMRdb,lincoln_navigator_2004/2004 lincoln navigator_00e0e_hEz7rGIotDv_600x450.jpg,600,450,RGB,43.224609375,False,False
VMMRdb,toyota_tacoma_2010/2010 Toyota Tacoma_00u0u_gztjKFWqj14_600x450.jpg,600,450,RGB,30.345703125,False,False
VMMRdb,nissan_xterra_2001/nissan_xterra_2001_60.jpg,332,252,RGB,22.6767578125,False,False
VMMRdb,kia_forte_2014/kia_forte_2014_2.jpg,548,408,RGB,58.2255859375,False,False
VMMRdb,chevrolet_silverado_2007/2007 Chevy silverado_00l0l_2A9Uo4Zyhvl_600x450.jpg,600,337,RGB,46.9658203125,False,False
VMMRdb,toyota_sienna_2004/toyota_sienna_2004_120.jpg,444,332,RGB,51.64453125,False,False
VMMRdb,chrysler_lebaron_1993/chrysler_lebaron_1993_2.jpg,332,252,RGB,27.576171875,False,False
VMMRdb,bmw_525i_2006/bmw_525i_2006_5.jpg,508,380,RGB,39.69140625,False,False
VMMRdb,ford_focus_2004/00W0W_UhXattqfN_600x450.jpg,600,450,RGB,35.9033203125,False,False
VMMRdb,toyota_camry_2013/toyota_camry_2013_13.jpg,476,356,RGB,57.0322265625,False,False
VMMRdb,jeep_grand_cherokee_2002/jeep_grandcherokee_2002_142.jpg,332,252,RGB,34.1044921875,False,False
VMMRdb,honda_civic_1999/honda_civic_1999_35.jpg,312,236,RGB,29.69140625,False,False
VMMRdb,toyota_camry_2002/toyota_camry_2002_42.jpg,388,288,RGB,28.625,False,False
VMMRdb,toyota_4runner_1998/1998 toyota 4runner_00P0P_hzw8UxenXkB_600x450.jpg,600,450,RGB,42.236328125,False,False
VMMRdb,volkswagen_passat_2002/2002 vw passat_00O0O_21hDaUlZXQH_600x450.jpg,337,450,RGB,29.544921875,False,False
VMMRdb,gmc_jimmy_1999/1999 GMC Jimmy_00q0q_jZcQFX9WoWM_600x450.jpg,600,360,RGB,39.1220703125,False,False
VMMRdb,hyundai_accent_2013/hyundai_accent_2013_7.jpg,548,408,RGB,69.8564453125,False,False
VMMRdb,mazda_mx5_miata_1991/1991 mazda mx-5 miata_00808_bfzra8s9kcU_600x450.jpg,450,450,RGB,30.365234375,False,False
VMMRdb,chevrolet_trailblazer_2004/00T0T_fgtMYjSoFUE_600x450.jpg,600,398,RGB,34.7919921875,False,False
VMMRdb,nissan_sentra_2004/nissan_sentra_2004_123.jpg,312,236,RGB,32.5751953125,False,False
VMMRdb,ford_e250_1999/1999 ford e250 econoline_00v0v_coI1ajWT7S7_600x450.jpg,540,450,RGB,36.1103515625,False,False
VMMRdb,ford_taurus_2001/ford_taurus_2001_54.jpg,248,192,RGB,15.2119140625,False,False
VMMRdb,chevrolet_camaro_1994/1994 Chevrolet Camaro_00j0j_hsoX41Gl9hU_600x450.jpg,600,450,RGB,45.861328125,False,False
VMMRdb,ford_mustang_1997/ford_mustang_1997_39.jpg,312,236,RGB,30.498046875,False,False
VMMRdb,toyota_camry_1998/toyota_camry_1998_146.jpg,548,408,RGB,57.029296875,False,False
VMMRdb,volkswagen_beetle_1999/1999 volkswagen beetle_00t0t_blPu4tejtqX_600x450.jpg,253,450,RGB,23.337890625,False,False
VMMRdb,mercury_mountaineer_1998/mercury_mountaineer_1998_3.jpg,588,440,RGB,80.060546875,False,False
VMMRdb,honda_cr-v_1998/1998 honda cr-v_00R0R_eJiNcyR2ZvJ_600x450.jpg,600,337,RGB,43.408203125,False,False
VMMRdb,ford_focus_2000/00j0j_gyE62mItuZJ_600x450.jpg,600,450,RGB,53.0302734375,False,False
VMMRdb,nissan_sentra_2007/nissan_sentra_2007_32.jpg,336,252,RGB,34.8388671875,False,False
VMMRdb,chevrolet_corvette_1975/1975 Chevy corvette_01212_hPuuVECwrrU_600x450.jpg,600,450,RGB,55.658203125,False,False
VMMRdb,chevrolet_equinox_2013/chevrolet_equinox_2013_14.jpg,332,252,RGB,27.31640625,False,False
VMMRdb,buick_lacrosse_2005/buick_lacrosse_2005_25.jpg,548,408,RGB,69.119140625,False,False
VMMRdb,toyota_camry_1996/toyota_camry_1996_9.jpg,588,440,RGB,63.64453125,False,False
VMMRdb,chevrolet_impala_2007/2007 Chevrolet impala_00D0D_8afBKcbUmMw_600x450.jpg,337,450,RGB,26.798828125,False,False
VMMRdb,nissan_altima_2012/nissan_altima_2012_44.jpg,588,440,RGB,57.7509765625,False,False
VMMRdb,chevrolet_suburban_2004/chevrolet_suburban_2004_12.jpg,588,440,RGB,52.3515625,False,False
VMMRdb,chevrolet_corvette_1985/00y0y_3Q4F44cRHkO_600x450.jpg,600,450,RGB,43.5927734375,False,False
VMMRdb,infiniti_qx56_2006/2006 infiniti qx56 4wd_00W0W_63qu3QGDAT4_600x450.jpg,600,450,RGB,42.5068359375,False,False
VMMRdb,honda_civic_2001/honda_civic_2001_234.jpg,360,268,RGB,21.388671875,False,False
VMMRdb,jaguar_s-type_2001/00u0u_9NcaxgOCf88_600x450.jpg,337,450,RGB,27.7412109375,False,False
VMMRdb,mitsubishi_galant_2000/00I0I_ifCoaaq0cvQ_600x450.jpg,600,448,RGB,38.9873046875,False,False
VMMRdb,saturn_aura_2007/saturn_aura_2007_9.jpg,336,252,RGB,32.84375,False,False
VMMRdb,toyota_camry_1995/toyota_camry_1995_20.jpg,508,380,RGB,55.05859375,False,False
VMMRdb,chevrolet_c10_1967/1967 Chevy C10_00404_gBFATRpApUt_600x450.jpg,600,450,RGB,61.0732421875,False,False
VMMRdb,mercedes benz_gl450_2007/mercedes_gl450_2007_7.jpg,588,440,RGB,91.650390625,False,False
VMMRdb,pontiac_tempest_1965/1965 Pontiac Tempest_41YMKagZjCL.jpg,500,255,RGB,25.3076171875,False,False
VMMRdb,audi_a4_2009/2009 audi a4 quattro_00h0h_lsDWdZnHX7Z_600x450.jpg,600,450,RGB,49.025390625,False,False
VMMRdb,chevrolet_suburban_2007/2007 Chevy surburban_00101_2AkAa8dwsPQ_600x450.jpg,600,337,RGB,36.0732421875,False,False
VMMRdb,nissan_versa_2010/nissan_versa_2010_21.jpg,600,450,RGB,77.46484375,False,False
VMMRdb,pontiac_transam_1994/pontiac_transam_1994_1.jpg,412,308,RGB,43.291015625,False,False
VMMRdb,nissan_altima_2013/2013 nissan altima_00j0j_kMQTlGRzrTc_600x450.jpg,600,450,RGB,35.708984375,False,False
VMMRdb,honda_accord_1997/00N0N_bqMg860RIc7_600x450.jpg,600,450,RGB,48.7099609375,False,False
VMMRdb,chevrolet_blazer_1994/1994 Chevy blazer_01717_hbidSJjr7Y9_600x450.jpg,600,450,RGB,59.458984375,False,False
VMMRdb,dodge_grand caravan_2006/dodge_caravan_2006_25.jpg,476,356,RGB,46.0517578125,False,False
VMMRdb,toyota_camry_2009/01414_3VDYMentXOs_600x450.jpg,480,359,RGB,26.3935546875,False,False
VMMRdb,saturn_aura_2007/saturn_aura_2007_12.jpg,312,236,RGB,30.126953125,False,False
VMMRdb,subaru_impreza_wagon_2002/subaru_impreza_2002_11.jpg,476,356,RGB,52.611328125,False,False
VMMRdb,suzuki_samurai_1987/1987 Samurai_00Z0Z_1OU7cLhYLvx_600x450.jpg,600,337,RGB,35.0458984375,False,False
VMMRdb,ford_f350_2009/2009 ford f350_01414_fFlLMNQDYiP_600x450.jpg,600,450,RGB,34.697265625,False,False
VMMRdb,mazda_protege_1997/1997 Mazda Protege_00f0f_i4xnMxRgSd9_600x450.jpg,600,337,RGB,29.10546875,False,False
VMMRdb,volkswagen_golf_1991/volkswagen_golf_1991_1.jpg,332,252,RGB,27.583984375,False,False
VMMRdb,nissan_altima_2003/2003 Nissan Altima_00505_fa2XZ6kaH34_600x450.jpg,600,450,RGB,58.7138671875,False,False
VMMRdb,dodge_ram_1500_2005/2005 Dodge Ram 1500_00a0a_afePg3fFqlH_600x450.jpg,600,450,RGB,35.87109375,False,False
VMMRdb,jeep_grand_cherokee_2000/jeep_grandcherokee_2000_185.jpg,476,356,RGB,50.150390625,False,False
VMMRdb,jeep_grand_cherokee_2002/jeep_grandcherokee_2002_58.jpg,588,440,RGB,66.3505859375,False,False
VMMRdb,volkswagen_jetta_2002/volkswagen_jetta_2002_73.jpg,388,288,RGB,25.5810546875,False,False
VMMRdb,buick_riviera_1979/buick_riviera_1979_0.jpg,588,440,RGB,59.4296875,False,False
VMMRdb,nissan_versa_2007/00K0K_iY5OtIbajhz_600x450.jpg,600,450,RGB,43.564453125,False,False
VMMRdb,ford_explorer_2003/ford_explorer_2003_76.jpg,312,236,RGB,32.6806640625,False,False
VMMRdb,ford_focus_2003/2003 ford focus_00s0s_7b7yYcVBje9_600x450.jpg,600,337,RGB,27.0634765625,False,False
VMMRdb,volkswagen_beetle_2000/2000 VW Beetle_00j0j_4hDyVysUhK0_600x450.jpg,337,450,RGB,25.0380859375,False,False
VMMRdb,toyota_corolla_2001/00Y0Y_hATAt6JCzcb_600x450.jpg,600,450,RGB,42.3564453125,False,False
VMMRdb,toyota_avalon_1997/toyota_avalon_1997_39.jpg,388,288,RGB,29.765625,False,False
VMMRdb,honda_accord_2007/2007 Honda accord_00X0X_7kyrnpfTuOq_600x450.jpg,253,450,RGB,12.8359375,False,False
VMMRdb,volkswagen_jetta_1998/00V0V_brqfHL0CyhT_600x450.jpg,600,358,RGB,29.79296875,False,False
VMMRdb,dodge_durango_1999/dodge_durango_1999_13.jpg,588,440,RGB,74.22265625,False,False
VMMRdb,nissan_frontier_1998/nissan_frontier_1998_5.jpg,588,440,RGB,73.8359375,False,False
VMMRdb,jeep_grand_cherokee_2009/jeep_grandcherokee_2009_7.jpg,476,356,RGB,60.3515625,False,False
VMMRdb,hyundai_tiburon_2004/00909_8d4iptwT9cM_600x450.jpg,337,450,RGB,37.244140625,False,False
VMMRdb,ford_f150_1997/1997 FORD F150_00606_BqoLnUwnMR_600x450.jpg,600,450,RGB,43.041015625,False,False
VMMRdb,chevrolet_silverado_2003/2003 chevrolet 1500 silverado_00z0z_8Z1VxEkMjxX_600x450.jpg,600,337,RGB,37.4931640625,False,False
VMMRdb,honda_civic_2006/honda_civic_2006_90.jpg,360,268,RGB,30.4970703125,False,False
VMMRdb,chevrolet_silverado_2011/2011 Chevy Silverado_00P0P_ilmMhiBwCDb_600x450.jpg,600,450,RGB,33.8271484375,False,False
VMMRdb,volkswagen_golf_2003/2003 VW golf_00000_jz8MuEBl4c0_600x450.jpg,600,450,RGB,42.25,False,False
VMMRdb,honda_odyssey_2008/2008 Honda Odyssey EX-L_00808_d5oHs0LFYrt_600x450.jpg,600,448,RGB,37.9521484375,False,False
VMMRdb,ford_taurus_1996/ford_taurus_1996_31.jpg,588,440,RGB,70.759765625,False,False
VMMRdb,honda_accord_2009/2009 Honda Accord EX-L_00I0I_2J6M9HmBSLD_600x450.jpg,589,450,RGB,63.7763671875,False,False
VMMRdb,dodge_ram_2500_1999/1999 Dodge 2500_00F0F_kWU6XolKs0S_600x450.jpg,600,450,RGB,40.630859375,False,False
VMMRdb,buick_rainier_2004/buick_rainier_2004_14.jpg,444,332,RGB,57.9990234375,False,False
VMMRdb,chevrolet_tahoe_1998/1998 Chevy Tahoe_00q0q_b0a5ybD8Y1D_600x450.jpg,600,450,RGB,39.7685546875,False,False
VMMRdb,ford_escape_2004/ford_escape_2004_19.jpg,548,408,RGB,50.4921875,False,False
VMMRdb,mitsubishi_eclipse_2008/2008 mitsubishi eclipse_00s0s_a4wOi6nJMrT_600x450.jpg,600,450,RGB,54.466796875,False,False
VMMRdb,honda_accord_2004/01616_2usz2303UY5_600x450.jpg,600,450,RGB,36.822265625,False,False
VMMRdb,acura_integra_1990/acura_integra_1990_30.jpg,548,376,RGB,64.6201171875,False,False
VMMRdb,dodge_avenger_2011/2011 DODGE AVENGER  MAIN STREET_00E0E_dx6bMGRSXs2_600x450.jpg,600,450,RGB,45.7060546875,False,False
VMMRdb,mercedes benz_s430_2001/2001 mercedes-benz s430_00Z0Z_h7htTekhAtB_600x450.jpg,600,450,RGB,27.455078125,False,False
VMMRdb,nissan_altima_2003/nissan_altima_2003_74.jpg,508,352,RGB,41.7255859375,False,False
VMMRdb,buick_regal_1998/1998 buick regal_00H0H_7fDv45vSuaa_600x450.jpg,600,450,RGB,52.2158203125,False,False
VMMRdb,volvo_xc90_2005/2005 Volvo XC90_00i0i_9NpZD7c37NU_600x450.jpg,337,450,RGB,30.17578125,False,False
VMMRdb,audi_a4_2001/Audi_A4_2001_1.jpg,600,450,RGB,68.923828125,False,False
VMMRdb,pontiac_bonneville_2000/pontiac_bonneville_2000_14.jpg,444,332,RGB,48.1064453125,False,False
VMMRdb,kia_sorento_2006/kia_sorento_2006_66.jpg,312,236,RGB,30.578125,False,False
VMMRdb,honda_civic_2002/honda_civic_2002_140.jpg,332,252,RGB,33.2255859375,False,False
VMMRdb,jeep_liberty_2003/00z0z_5u5Z2kUn8oX_600x450.jpg,600,450,RGB,35.4140625,False,False
VMMRdb,acura_mdx_2001/00C0C_1FHW9aKZRh6_600x450.jpg,600,450,RGB,35.3828125,False,False
VMMRdb,ford_explorer_2003/01414_4mWBIH9GN9u_600x450.jpg,600,450,RGB,42.904296875,False,False
VMMRdb,pontiac_grandprix_2006/2006 grand prix_00E0E_gsTTFYut9m7_600x450.jpg,600,450,RGB,46.9443359375,False,False
VMMRdb,mini_austin_1975/1972 AUSTIN MINI COOPER_01010_aV1u5slMMmt_600x450.jpg,600,337,RGB,41.26953125,False,False
VMMRdb,honda_civic_2000/2000 Honda civic_00O0O_bevAMeL2OnO_600x450.jpg,600,450,RGB,49.26953125,False,False
VMMRdb,honda_accord_2003/2003 Honda Accord_00M0M_dY3r076C0oB_600x450.jpg,337,450,RGB,17.75390625,False,False
VMMRdb,toyota_camry_1990/toyota_camry_1990_5.jpg,444,332,RGB,53.7900390625,False,False
VMMRdb,buick_regal_1999/buick_regal_1999_2.jpg,312,236,RGB,30.1533203125,False,False
VMMRdb,cadillac_escalade_2005/cadillac_escalade_2005_32.jpg,508,380,RGB,41.373046875,False,False
VMMRdb,chevrolet_malibu_2012/2012 chevrolet malibu_00T0T_4GysEgBTalG_600x450.jpg,600,399,RGB,33.921875,False,False
VMMRdb,ford_explorer_2004/01414_lqUM9UHNMqo_600x450.jpg,259,194,RGB,5.80859375,False,False
VMMRdb,honda_cr-v_2006/honda_crv_2006_33.jpg,312,236,RGB,33.2822265625,False,False
VMMRdb,toyota_sienna_1999/1999 toyota sienna_01616_3PBPYDHu5KS_600x450.jpg,600,337,RGB,40.720703125,False,False
VMMRdb,ford_f350_1999/ford_f350_1999_17.jpg,412,308,RGB,49.08203125,False,False
VMMRdb,volkswagen_jetta_1997/volkswagen_jetta_1997_7.jpg,444,332,RGB,48.58984375,False,False
VMMRdb,jaguar_s-type_2006/jaguar_stype_2006_1.jpg,312,236,RGB,29.59765625,False,False
VMMRdb,ford_mustang_gt_2003/2003 ford mustang gt_00v0v_5Fi3Z4IsGiZ_600x450.jpg,600,337,RGB,28.1328125,False,False
VMMRdb,subaru_forester_2004/subaru_forester_2004_44.jpg,412,308,RGB,50.341796875,False,False
VMMRdb,nissan_350z_2005/nissan_350z_2005_5.jpg,360,268,RGB,31.474609375,False,False
VMMRdb,chevrolet_corvette_1985/chevrolet_corvette_1985_31.jpg,388,288,RGB,30.9521484375,False,False
VMMRdb,pontiac_firebird_1994/pontiac_firebird_1994_2.jpg,548,408,RGB,41.765625,False,False
VMMRdb,volkswagen_passat_wagon_2004/00v0v_hs2txSZwsE5_600x450.jpg,600,448,RGB,35.39453125,False,False
VMMRdb,hyundai_sonata_2011/00606_1ZMS1dvdiwp_600x450.jpg,400,300,RGB,8.1171875,False,True
VMMRdb,dodge_grand caravan_2015/2015 Dodge Grand Caravan_00g0g_3TnFoEyoug8_600x450.jpg,600,450,RGB,47.9208984375,False,False
VMMRdb,bmw_525i_2003/2003 Bmw525_00j0j_6R7BP9XzqIp_600x450.jpg,600,450,RGB,45.466796875,False,False
VMMRdb,pontiac_grandam_2001/pontiac_grandam_2001_33.jpg,292,220,RGB,20.40234375,False,False
VMMRdb,mercury_grandmarquis_2005/mercury_grandmarquis_2005_0.jpg,476,356,RGB,58.8076171875,False,False
VMMRdb,jeep_grand_cherokee_1995/1995 jeep grand cherokee_01717_9IEhb4FznGZ_600x450.jpg,600,337,RGB,38.09765625,False,False
VMMRdb,honda_civic_2012/honda_civic_2012_63.jpg,548,408,RGB,65.826171875,False,False
VMMRdb,toyota_camry_2013/2013 Toyota Camry_00P0P_9IplRnntR62_600x450.jpg,600,337,RGB,27.2421875,False,False
VMMRdb,hyundai_elantra_2007/hyundai_elantra_2007_9.jpg,548,408,RGB,60.9990234375,False,False
VMMRdb,chevrolet_impala_1964/00606_4cq1HjGKpwE_600x450.jpg,600,450,RGB,45.7138671875,False,False
VMMRdb,gmc_sierra_1500_2003/2003 gmc 1500 sierra_01414_dSo7txM6JZC_600x450.jpg,600,450,RGB,53.3515625,False,False
VMMRdb,bmw_545i_2005/2005 Bmw 545_00r0r_liPJDVn5EUL_600x450.jpg,600,450,RGB,28.7744140625,False,False
VMMRdb,ferrari_daytona_1997/1997 California Daytona Spyder_00505_qsiYCQa5oM_600x450.jpg,600,450,RGB,49.1865234375,False,False
VMMRdb,mazda_3_2011/mazda_3_2011_14.jpg,412,308,RGB,41.8681640625,False,False
VMMRdb,infiniti_g35_2003/infiniti_g35_2003_68.jpg,272,204,RGB,26.294921875,False,False
VMMRdb,ford_mustang_2007/ford_mustang_2007_27.jpg,412,308,RGB,41.1650390625,False,False
VMMRdb,ford_f150_2007/ford_f150_2007_5.jpg,312,236,RGB,23.0400390625,False,False
VMMRdb,dodge_charger_1973/00x0x_bDOeuZAM7Uf_600x450.jpg,481,360,RGB,26.9443359375,False,False
VMMRdb,chevrolet_cavalier_2004/chevrolet_cavalier_2004_1.jpg,588,440,RGB,69.6552734375,False,False
VMMRdb,ford_e350_2007/2007 ford e350 van_00x0x_3LX3x3R9mIu_600x450.jpg,600,337,RGB,18.7392578125,False,False
VMMRdb,volkswagen_jetta_2003/2003 Volkswagen Jetta_00q0q_44Kg8C2fAc3_600x450.jpg,600,376,RGB,39.498046875,False,False
VMMRdb,bmw_540i_1997/bmw_540i_1997_14.jpg,548,408,RGB,60.80859375,False,False
VMMRdb,toyota_corolla_2005/toyota_corolla_2005_92.jpg,548,408,RGB,56.0087890625,False,False
VMMRdb,cadillac_cts_2008/cadillac_cts_2008_14.jpg,292,220,RGB,24.88671875,False,False
VMMRdb,volkswagen_gti_2006/volkswagen_gti_2006_17.jpg,312,236,RGB,32.228515625,False,False
VMMRdb,ford_taurus_2002/ford_taurus_2002_45.jpg,388,288,RGB,38.61328125,False,False
VMMRdb,lexus_es330_2004/lexus_es330_2004_22.jpg,548,376,RGB,62.6142578125,False,False
VMMRdb,chevrolet_montecarlo_1995/chevrolet_montecarlo_1995_4.jpg,256,192,RGB,16.4365234375,False,False
VMMRdb,dodge_charger_2007/2007 dodge charger_00S0S_b7xd72l9bFz_600x450.jpg,600,450,RGB,56.9482421875,False,False
VMMRdb,nissan_rogue_2013/01010_9Kfeg125hPe_600x450.jpg,600,450,RGB,48.712890625,False,False
VMMRdb,ford_crown victoria_2000/ford_crownvictoria_2000_21.jpg,388,288,RGB,28.1787109375,False,False
VMMRdb,honda_accord_1998/1998 honda accord_00N0N_cV6xrLvMufz_600x450.jpg,600,450,RGB,38.119140625,False,False
VMMRdb,volkswagen_golf_2001/2001 Volkswagen Golf 5 Speed GLS_00V0V_5Gz4vl5dJVN_600x450.jpg,600,399,RGB,34.025390625,False,False
VMMRdb,infiniti_qx4_1997/1997 infiniti qx4_00Z0Z_69DkJq2FDO6_600x450.jpg,600,337,RGB,26.697265625,False,False
VMMRdb,chevrolet_cavalier_2000/chevrolet_cavalier_2000_37.jpg,508,380,RGB,43.4658203125,False,False
VMMRdb,ford_e250_2000/2000 ford e250 econoline_00i0i_dEIHv4OHx0g_600x450.jpg,600,450,RGB,47.6865234375,False,False
VMMRdb,ford_taurus_2000/ford_taurus_2000_120.jpg,248,192,RGB,15.33203125,False,False
VMMRdb,bmw_850i_1991/1991 BMW 850i_41C9Ll0BIrL.jpg,500,260,RGB,16.712890625,False,False
VMMRdb,gmc_sierra_1500_2008/2008 Gmc sierra 1500 4x4_00606_98UxOEorI1g_600x450.jpg,600,337,RGB,40.23828125,False,False
VMMRdb,ford_crown victoria_2011/2011 ford crown victoria police_00H0H_tBuBryJDUk_600x450.jpg,600,450,RGB,44.203125,False,False
VMMRdb,cadillac_escalade_2007/01414_3fhH4RxOkQI_600x450.jpg,600,337,RGB,33.4599609375,False,False
VMMRdb,volkswagen_jetta_2002/00505_hQEZJsq9REQ_600x450.jpg,600,450,RGB,42.9208984375,False,False
VMMRdb,chevrolet_cavalier_2002/chevrolet_cavalier_2002_59.jpg,388,288,RGB,31.953125,False,False
VMMRdb,honda_pilot_2003/2003 Honda Pilot_00202_3Ey2oo5xgQQ_600x450.jpg,600,450,RGB,41.185546875,False,False
VMMRdb,chevrolet_astro_1993/chevrolet_astro_1993_3.jpg,588,440,RGB,62.7763671875,False,False
VMMRdb,ford_bronco_1990/ford_bronco_1990_1.jpg,444,332,RGB,52.62109375,False,False
VMMRdb,nissan_pathfinder_2003/nissan_pathfinder_2003_4.jpg,312,236,RGB,27.0126953125,False,False
VMMRdb,ford_explorer_2001/2001 Ford Explorer Sport_00M0M_bSamrbBrm7n_600x450.jpg,320,240,RGB,16.6572265625,False,False
VMMRdb,nissan_sentra_1998/nissan_sentra_1998_14.jpg,388,288,RGB,40.6015625,False,False
VMMRdb,hyundai_sonata_2005/hyundai_sonata_2005_41.jpg,548,408,RGB,73.8037109375,False,False
VMMRdb,nissan_sentra_2012/2012 nissan sentra_00u0u_bG4VTp4PA4Z_600x450.jpg,600,450,RGB,52.8525390625,False,False
VMMRdb,infiniti_fx35_2008/infiniti_fx35_2008_3.jpg,588,440,RGB,51.6318359375,False,False
VMMRdb,nissan_altima_2015/2015 Nissan Altima_01414_8oYyme72Fp5_600x450.jpg,600,450,RGB,45.0966796875,False,False
VMMRdb,jeep_cherokee_2000/2000 Jeep Cherokee_00F0F_cVlVE1gyzJP_600x450.jpg,600,450,RGB,48.818359375,False,False
VMMRdb,ford_f350_2004/ford_f350_2004_22.jpg,412,308,RGB,44.814453125,False,False
VMMRdb,toyota_4runner_2004/toyota_4runner_2004_51.jpg,508,380,RGB,65.7607421875,False,False
VMMRdb,chevrolet_cavalier_1997/chevrolet_cavalier_1997_30.jpg,360,268,RGB,35.28125,False,False
VMMRdb,chrysler_pacifica_2004/chrysler_pacifica_2004_2.jpg,600,450,RGB,74.8359375,False,False
VMMRdb,ford_f150_2001/ford_f150_2001_94.jpg,548,408,RGB,74.8369140625,False,False
VMMRdb,honda_odyssey_2002/honda_odyssey_2002_173.jpg,444,332,RGB,53.7763671875,False,False
VMMRdb,chevrolet_impala_2002/chevrolet_impala_2002_56.jpg,412,308,RGB,34.2744140625,False,False
VMMRdb,honda_accord_2005/00909_f6CPWMItpdo_600x450.jpg,600,450,RGB,49.7763671875,False,False
VMMRdb,ford_f150_1992/1992 Ford f150_00H0H_8iP26K9rHXh_600x450.jpg,253,450,RGB,27.0791015625,False,False
VMMRdb,chrysler_sebring_2005/2005 chrysler sebring 4-door_00s0s_9smayJz5BTq_600x450.jpg,600,450,RGB,54.248046875,False,False
VMMRdb,volvo_740_1986/1986 1986 Volvo 740 GLE Turbo Diesel_01616_89FX4KZGcLW_600x450.jpg,600,450,RGB,49.9375,False,False
VMMRdb,volvo_s40_2001/00N0N_5I6eolLHi6h_600x450.jpg,300,225,RGB,17.4755859375,False,False
VMMRdb,chevrolet_silverado_1999/1999 Chevrolet 2500_00F0F_f3DEIinmHc4_600x450.jpg,337,450,RGB,21.35546875,False,False
VMMRdb,bmw_x5_2009/2009 BMW X5_00707_ccF5LSjAqiP_600x450.jpg,480,360,RGB,28.3642578125,False,False
VMMRdb,nissan_maxima_2003/00W0W_cKkXlpxtV7f_600x450.jpg,568,426,RGB,45.3251953125,False,False
VMMRdb,nissan_sentra_1997/00s0s_8yHOQPYrQGa_600x450.jpg,600,450,RGB,43.84765625,False,False
VMMRdb,ford_f150_2004/2004 Ford F150_00000_hfhe4fi5VaA_600x450.jpg,600,450,RGB,41.94921875,False,False
VMMRdb,bmw_540i_2003/bmw_540i_2003_7.jpg,588,440,RGB,59.451171875,False,False
VMMRdb,chevrolet_trailblazer_2003/chevrolet_trailblazer_2003_137.jpg,548,408,RGB,50.3828125,False,False
VMMRdb,volvo_s80_2004/2004 S80_00c0c_1hmEZt2J6UX_600x450.jpg,337,450,RGB,24.794921875,False,False
VMMRdb,chrysler_cirrus_1998/chrysler_cirrus_1998_6.jpg,360,268,RGB,36.650390625,False,False
VMMRdb,chevrolet_cobalt_2007/2007 chevy cobalt_00T0T_ipXJEJYZa91_600x450.jpg,600,400,RGB,32.3837890625,False,False
VMMRdb,lincoln_mkx_2012/2012 Lincoln MKX_00D0D_3CN95MCH2nQ_600x450.jpg,600,450,RGB,41.99609375,False,False
VMMRdb,toyota_sienna_2006/toyota_sienna_2006_70.jpg,360,268,RGB,24.1435546875,False,False
VMMRdb,ford_explorer_2004/ford_explorer_2004_92.jpg,312,236,RGB,27.416015625,False,False
VMMRdb,bmw_z3_1997/1997 Bmw z3_00p0p_2rWaKzBn19c_600x450.jpg,600,337,RGB,30.5341796875,False,False
VMMRdb,nissan_quest_2004/nissan_quest_2004_92.jpg,332,252,RGB,22.8232421875,False,False
VMMRdb,chevrolet_impala_2010/2010 Chevrolet Impala_00b0b_52dLL3NE8sK_600x450.jpg,600,450,RGB,52.0791015625,False,False
VMMRdb,buick_enclave_2010/00000_jXiDQzDlRTO_600x450.jpg,448,320,RGB,19.39453125,False,False
VMMRdb,volkswagen_jetta_2005/2005 VOLKSWAGEN JETTA_00s0s_71Xl9bbihjE_600x450.jpg,600,337,RGB,37.8564453125,False,False
VMMRdb,eagle_talon_1995/1995 Eagle Talon_00z0z_hJMEv5d93W2_600x450.jpg,463,309,RGB,25.1875,False,False
VMMRdb,chevrolet_traverse_2009/chevrolet_traverse_2009_2.jpg,588,440,RGB,53.12109375,False,False
VMMRdb,chevrolet_trailblazer_2004/chevrolet_trailblazer_2004_75.jpg,588,440,RGB,61.783203125,False,False
VMMRdb,oldsmobile_intrigue_1998/oldsmobile_intrigue_1998_15.jpg,444,332,RGB,64.9296875,False,False
VMMRdb,ford_focus_2003/ford_focus_2003_88.jpg,548,408,RGB,65.6181640625,False,False
VMMRdb,mazda_b2000_1986/1986 Mazda B2000_00k0k_jTTCQAAu0u0_600x450.jpg,600,337,RGB,29.7587890625,False,False
VMMRdb,smart_fortwo_2009/2009 smart coupe_00J0J_itjmQet0H3Z_600x450.jpg,600,450,RGB,60.068359375,False,False
VMMRdb,nissan_maxima_2005/2005 nissan maxima sl_00p0p_lVgjS8s9HXt_600x450.jpg,600,337,RGB,29.99609375,False,False
VMMRdb,buick_lesabre_1995/1995 buick lesabre_00606_3gRD5m1pJGS_600x450.jpg,600,337,RGB,34.73828125,False,False
VMMRdb,gmc_envoy_2002/2002 Gmc envoy_00Z0Z_dGOjKOKeUo7_600x450.jpg,600,450,RGB,57.0908203125,False,False
VMMRdb,hyundai_santafe_2002/hyundai_santafe_2002_25.jpg,412,308,RGB,47.1650390625,False,False
VMMRdb,chevrolet_tahoe_2002/2002 Chevy tahoe_00J0J_3sNAFNEOyVy_600x450.jpg,600,450,RGB,64.34765625,False,False
VMMRdb,oldsmobile_aurora_2001/oldsmobile_aurora_2001_25.jpg,412,308,RGB,52.857421875,False,False
VMMRdb,ford_taurus_2004/ford_taurus_2004_43.jpg,444,332,RGB,56.32421875,False,False
VMMRdb,mazda_protege_1996/mazda_protege_1996_4.jpg,548,408,RGB,45.1240234375,False,False
VMMRdb,bmw_335i_2015/2015 BMW 335i xDrive_B19kKZMaQHS._UY560_.png,959,560,RGB,51.095703125,False,True
VMMRdb,isuzu_ascender_2004/isuzu_ascender_2004_2.jpg,444,332,RGB,44.3779296875,False,False
VMMRdb,dodge_durango_2004/2004 Dodge Durango_00404_liXKGmfmU9w_600x450.jpg,600,447,RGB,30.39453125,False,False
VMMRdb,plymouth_belvedere_1954/1954 Plymouth Belvedere_00O0O_8WzN83xPyZJ_600x450.jpg,600,450,RGB,45.41015625,False,False
VMMRdb,ford_expedition_2006/2006 ford expedition_00I0I_bYsd1gB7po7_600x450.jpg,600,337,RGB,39.5654296875,False,False
VMMRdb,porsche_boxster_2001/2001 Porsche Boxster_00H0H_4otQqWYPVpb_600x450.jpg,600,337,RGB,42.2314453125,False,False
VMMRdb,subaru_legacy_2008/2008 Subaru Legacy_00303_gTBinlBBgh5_600x450.jpg,600,337,RGB,34.6259765625,False,False
VMMRdb,toyota_sienna_2013/2013 Toyota Sienna_00202_icyVDqxVWPz_600x450.jpg,253,450,RGB,27.296875,False,False
VMMRdb,chevrolet_silverado_1995/chevrolet_2500_1995_0.jpg,316,268,RGB,23.2919921875,False,False
VMMRdb,lexus_gs300_2007/2007 Lexus GS300_00R0R_i87jurlaqy3_600x450.jpg,600,450,RGB,54.5,False,False
VMMRdb,subaru_outback_1999/00101_4agk7Cu7bOh_600x450.jpg,600,448,RGB,38.47265625,False,False
VMMRdb,mini_cooper_2003/2003 mini cooper s_00Q0Q_19rSZZTmcNj_600x450.jpg,600,450,RGB,54.212890625,False,False
VMMRdb,ford_taurus_1997/1997 Ford Taurus_00C0C_7SHrWMrohuY_600x450.jpg,600,337,RGB,33.142578125,False,False
VMMRdb,pontiac_g8_2009/pontiac_g8_2009_7.jpg,508,380,RGB,52.9208984375,False,False
VMMRdb,toyota_camry_2000/toyota_camry_2000_11.jpg,548,408,RGB,58.6416015625,False,False
VMMRdb,honda_civic_1997/honda_civic_1997_202.jpg,548,408,RGB,71.3701171875,False,False
VMMRdb,chrysler_town&country_2005/chrysler_towncountry_2005_102.jpg,332,252,RGB,37.76953125,False,False
VMMRdb,nissan_altima_2001/nissan_altimacoupe_2001_1.jpg,272,204,RGB,15.5908203125,False,False
VMMRdb,honda_element_2005/honda_element_2005_28.jpg,508,380,RGB,55.4990234375,False,False
VMMRdb,chevrolet_silverado_2006/2006 Chevy silverado_00g0g_eue4vZzCRF5_600x450.jpg,337,450,RGB,24.400390625,False,False
VMMRdb,toyota_highlander_2008/toyota_highlander_2008_10.jpg,600,450,RGB,53.0400390625,False,False
VMMRdb,cadillac_deville_1999/cadillac_deville_1999_18.jpg,548,408,RGB,59.3466796875,False,False
VMMRdb,nissan_armada_2005/00p0p_erOTbklLbsj_600x450.jpg,600,450,RGB,43.5263671875,False,False
VMMRdb,honda_s2000_2006/2006 Honda S2000_00S0S_24kdjZuOm7Z_600x450.jpg,600,450,RGB,71.4716796875,False,False
VMMRdb,chevrolet_impala_2002/2002 chevrolet impala_00C0C_h7yhuquQoM0_600x450.jpg,600,400,RGB,38.810546875,False,False
VMMRdb,infiniti_g35_2007/00101_g6sj9PztORo_600x450.jpg,337,450,RGB,21.400390625,False,False
VMMRdb,nissan_altima_1997/00k0k_c1GCMVI14Rt_600x450.jpg,600,450,RGB,50.8984375,False,False
VMMRdb,toyota_camry_2004/2004 toyota camry_00f0f_8xUxkPIYAkJ_600x450.jpg,337,450,RGB,20.6064453125,False,False
VMMRdb,volkswagen_passat_2006/volkswagen_passat_2006_34.jpg,508,380,RGB,58.94921875,False,False
VMMRdb,ford_bronco_1979/1979 ford bronco_00P0P_bqWR9eo4GBU_600x450.jpg,600,337,RGB,43.22265625,False,False
VMMRdb,dodge_dakota_2002/2002 Dodge Dakota_00I0I_1d09we2ZK9I_600x450.jpg,600,337,RGB,38.27734375,False,False
VMMRdb,volvo_s70_1998/volvo_s70_1998_1.jpg,256,192,RGB,19.0732421875,False,False
VMMRdb,dodge_neon_2005/dodge_neon_2005_110.jpg,312,236,RGB,30.4990234375,False,False
VMMRdb,pontiac_vibe_2008/pontiac_vibe_2008_2.jpg,588,440,RGB,96.583984375,False,False
VMMRdb,ford_f150_2004/2004 ford f150_00A0A_5fXwAvEcl2m_600x450.jpg,337,450,RGB,23.2314453125,False,False
VMMRdb,hyundai_tiburon_2006/00r0r_aOWy2E6Mq1k_600x450.jpg,600,337,RGB,33.298828125,False,False
VMMRdb,ford_bronco_1989/ford_bronco_1989_38.jpg,312,236,RGB,27.642578125,False,False
VMMRdb,honda_accord_1996/00m0m_9BCpgq7i1qX_600x450.jpg,600,449,RGB,52.31640625,False,False
VMMRdb,honda_s2000_2002/2002 Honda S2000_00n0n_fKg7QOe37tQ_600x450.jpg,600,448,RGB,40.9111328125,False,False
VMMRdb,dodge_charger_1973/1973 Dodge charger_00I0I_jr4njzSYkEw_600x450.jpg,337,450,RGB,29.8076171875,False,False
VMMRdb,ford_taurus_2002/ford_taurus_2002_74.jpg,332,252,RGB,25.4677734375,False,False
VMMRdb,jeep_wrangler_1995/jeep_wrangler_1995_6.jpg,332,252,RGB,37.8515625,False,False
VMMRdb,honda_civic_1995/00404_90kMg5SxTR4_600x450.jpg,600,450,RGB,33.4501953125,False,False
VMMRdb,pontiac_bonneville_1999/1999 pontiac bonneville_01111_dsQALYNbO8x_600x450.jpg,600,337,RGB,39.0283203125,False,False
VMMRdb,gmc_k1500_1990/gmc_k1500_1990_2.jpg,312,236,RGB,32.390625,False,False
VMMRdb,honda_accord_1997/honda_accord_1997_50.jpg,272,204,RGB,22.0166015625,False,False
VMMRdb,toyota_camry_2010/toyota_camry_2010_38.jpg,412,308,RGB,37.19921875,False,False
VMMRdb,hummer_h2_2005/2005 Hummer H2_91WE59q9b9L._UY560_.png,861,560,RGB,58.15234375,False,True
VMMRdb,nissan_maxima_1997/00p0p_hUnO9DptT0e_600x450.jpg,600,450,RGB,60.0908203125,False,False
VMMRdb,chevrolet_corvette_1960/00Q0Q_68Ym0TSDh5T_600x450.jpg,600,448,RGB,26.94140625,False,False
VMMRdb,chevrolet_silverado_2014/2014 Chevrolet Silverado_00B0B_b8166qdxiLM_600x450.jpg,600,450,RGB,62.720703125,False,False
VMMRdb,volkswagen_passat_2004/volkswagen_passat_2004_42.jpg,336,252,RGB,28.9443359375,False,False
VMMRdb,jeep_cherokee_1999/1999 Jeep cherokee_00d0d_9188yPq7vUb_600x450.jpg,600,450,RGB,39.10546875,False,False
VMMRdb,volvo_s70_1998/volvo_s70_1998_9.jpg,508,380,RGB,58.4951171875,False,False
VMMRdb,nissan_maxima_1995/nissan_maxima_1995_2.jpg,548,408,RGB,62.8271484375,False,False
VMMRdb,hyundai_sonata_2006/2006 Hyundai Sonata_00Y0Y_g5ldtk87Fsr_600x450.jpg,600,450,RGB,39.9111328125,False,False
VMMRdb,chevrolet_corvette_1994/00o0o_9u5ULrcH1Qn_600x450.jpg,600,450,RGB,30.103515625,False,False
VMMRdb,ford_taurus_2001/00J0J_8zL3ESD7Psn_600x450.jpg,600,448,RGB,43.5029296875,False,False
VMMRdb,dodge_ram_2500_2007/dodge_2500_2007_2.jpg,312,236,RGB,27.3681640625,False,False
VMMRdb,honda_civic_coupe_1999/honda_civiccoupe_1999_19.jpg,476,356,RGB,59.6943359375,False,False
VMMRdb,chrysler_sebring_2008/2008 chrysler sebring convertible_00F0F_bts1N8ljoaT_600x450.jpg,600,450,RGB,36.1328125,False,False
VMMRdb,toyota_corolla_2010/00p0p_j6IE2NavLeM_600x450.jpg,600,450,RGB,35.5,False,False
VMMRdb,lincoln_premiere_1956/1956 Lincoln Premire_00B0B_3Jh0dCvACba_600x450.jpg,600,450,RGB,59.740234375,False,False
VMMRdb,pontiac_solstice_2006/pontiac_solstice_2006_15.jpg,548,408,RGB,43.0009765625,False,False
VMMRdb,bmw_x3_2008/00J0J_2T11G5tVrv8_600x450.jpg,600,450,RGB,48.359375,False,False
VMMRdb,ford_taurus_2004/00R0R_11pdfHurJH5_600x450.jpg,336,450,RGB,25.380859375,False,False
VMMRdb,lexus_gx470_2005/2005 lexus gx470_00404_wHaaCkjhpX_600x450.jpg,253,450,RGB,11.0185546875,False,False
VMMRdb,dodge_grand caravan_2008/dodge_grandcaravan_2008_25.jpg,444,332,RGB,52.8251953125,False,False
VMMRdb,chevrolet_silverado_1984/1984 CHEVY SILVERADO K10_00909_2IZBwua33JJ_600x450.jpg,600,337,RGB,43.171875,False,False
VMMRdb,hyundai_sonata_2011/2011 Hyundai Sonata_00z0z_kGDjV8JqHLo_600x450.jpg,600,450,RGB,43.7490234375,False,False
VMMRdb,chevrolet_impala_2006/00q0q_EX6YsYe4UP_600x450.jpg,600,450,RGB,40.9375,False,False
VMMRdb,ford_mustang_gt_2001/2001 Ford Mustang gt_00505_dO3udtv2nt_600x450.jpg,600,397,RGB,38.7509765625,False,False
VMMRdb,toyota_sequoia_2012/toyota_sequoia_2012_0.jpg,548,408,RGB,50.9599609375,False,False
VMMRdb,ford_escort_1998/ford_escort_1998_28.jpg,312,236,RGB,25.484375,False,False
VMMRdb,honda_accord_1996/00T0T_2IDfQQQd087_600x450.jpg,253,450,RGB,17.2548828125,False,False
VMMRdb,honda_civic_2006/honda_civic_2006_66.jpg,548,408,RGB,61.2392578125,False,False
VMMRdb,chevrolet_montecarlo_2002/chevrolet_montecarlo_2002_29.jpg,272,204,RGB,18.8154296875,False,False
VMMRdb,ford_explorer_1998/ford_explorer_1998_26.jpg,548,408,RGB,68.4091796875,False,False
VMMRdb,nissan_altima_2007/00g0g_kDNiMzh1JAN_600x450.jpg,600,450,RGB,49.4833984375,False,False
VMMRdb,hyundai_accent_2005/00t0t_en8nROhpQx6_600x450.jpg,600,337,RGB,29.8193359375,False,False
VMMRdb,mini_cooper_2009/mini_coopers_2009_14.jpg,332,252,RGB,32.044921875,False,False
VMMRdb,gmc_sierra_1500_2002/2002 Gmc sierra_00W0W_jJJAd9VXbIy_600x450.jpg,600,337,RGB,18.162109375,False,False
VMMRdb,volvo_s70_1998/volvo_s70_1998_25.jpg,548,408,RGB,50.10546875,False,False
VMMRdb,dodge_charger_2009/2009 dodge charger_00f0f_7hYzil20JKo_600x450.jpg,600,450,RGB,41.8720703125,False,False
VMMRdb,nissan_240sx_1996/nissan_240sx_1996_0.jpg,444,332,RGB,54.9091796875,False,False
VMMRdb,nissan_frontier_2007/2007 Nissan Frontier_00d0d_jiv6hkPFBAD_600x450.jpg,600,401,RGB,41.509765625,False,False
VMMRdb,honda_odyssey_2004/honda_odyssey_2004_94.jpg,548,408,RGB,51.9169921875,False,False
VMMRdb,bmw_328i_2011/bmw_328i_2011_19.jpg,360,268,RGB,30.9990234375,False,False
VMMRdb,pontiac_grandam_2004/2004 2004  grand am_01414_39DjrFgj5UD_600x450.jpg,600,450,RGB,56.548828125,False,False
VMMRdb,bmw_530i_2006/bmw_530i_2006_23.jpg,508,380,RGB,51.2802734375,False,False
VMMRdb,jeep_cherokee_1998/jeep_cherokee_1998_66.jpg,336,248,RGB,32.2099609375,False,False
VMMRdb,nissan_xterra_2002/nissan_xterra_2002_30.jpg,600,450,RGB,65.33203125,False,False
VMMRdb,ford_ranger_1996/ford_ranger_1996_11.jpg,336,252,RGB,30.775390625,False,False
VMMRdb,mercedes benz_s550_2007/2007 Mercedes s550_00c0c_fcWoXSP7H8t_600x450.jpg,600,450,RGB,52.3232421875,False,False
VMMRdb,chevrolet_silverado_2001/2001 Chevrolet Silverado 1500_00i0i_6ZwpkENBNJn_600x450.jpg,600,248,RGB,30.017578125,False,False
VMMRdb,honda_pilot_2003/2003 HONDA PILOT_00r0r_vRWdx9kPn0_600x450.jpg,600,450,RGB,59.9619140625,False,False
VMMRdb,chevrolet_malibu_2009/chevrolet_malibu_2009_12.jpg,476,408,RGB,43.7548828125,False,False
VMMRdb,honda_civic_1998/honda_civic_1998_274.jpg,412,308,RGB,55.8828125,False,False
VMMRdb,audi_a4_cabriolet_1996/1996 audi a4 cabriolet_00I0I_dyj8bGjh11K_600x450.jpg,600,450,RGB,46.8740234375,False,False
VMMRdb,saturn_aura_2007/saturn_aura_2007_29.jpg,360,268,RGB,32.3232421875,False,False
VMMRdb,nissan_altima_2003/nissan_altima_2003_242.jpg,588,440,RGB,77.2138671875,False,False
VMMRdb,honda_civic_coupe_2008/2008 Honda Civic SI_00n0n_fK5cj9cYbpi_600x450.jpg,337,450,RGB,26.92578125,False,False
VMMRdb,ford_mustang_1973/ford_mustang_1973_7.jpg,548,408,RGB,85.501953125,False,False
VMMRdb,jeep_grand_cherokee_2005/2005 Jeep Grand Cherokee Laredo_00h0h_fXcrZoQHdHO_600x450.jpg,337,450,RGB,29.5224609375,False,False
VMMRdb,ford_fiesta_2011/2011 Ford Fiesta_A1t7nYP-7dL._UY560_.png,1306,560,RGB,80.2099609375,False,False
VMMRdb,chevrolet_blazer_1990/chevrolet_k5_1990_0.jpg,476,356,RGB,66.34375,False,False
VMMRdb,isuzu_rodeo_1998/1998 IZUZU RODEO_00g0g_3FVL13nxWpM_600x450.jpg,600,450,RGB,38.6552734375,False,False
VMMRdb,acura_rdx_2013/2013 Acura RDX_B1LQam1dNfS._UY560_.png,747,560,RGB,32.501953125,False,False
VMMRdb,toyota_camry_2010/toyota_camry_2010_34.jpg,412,308,RGB,46.283203125,False,False
VMMRdb,volkswagen_golf_2006/volkswagen_golf_2006_8.jpg,548,408,RGB,54.109375,False,False
VMMRdb,nissan_maxima_1997/nissan_maxima_1997_33.jpg,444,332,RGB,58.291015625,False,False
VMMRdb,acura_tl_2003/2003 acura tl_00A0A_lJYEgVvpbMS_600x450.jpg,337,450,RGB,20.8134765625,False,False
VMMRdb,kia_spectra_2007/kia_spectra_2007_15.jpg,548,408,RGB,69.966796875,False,False
VMMRdb,ford_taurus_2000/ford_taurus_2000_77.jpg,508,380,RGB,65.474609375,False,False
VMMRdb,mazda_6_2004/2004 Mazda 6_00Y0Y_g44qwKejGMI_600x450.jpg,600,338,RGB,40.0810546875,False,False
VMMRdb,ford_fiesta_2015/2015 ford fiesta_00J0J_bG5sDmjACfJ_600x450.jpg,600,337,RGB,29.953125,False,False
VMMRdb,dodge_neon_2002/dodge_neon_2002_84.jpg,256,192,RGB,14.87109375,False,False
VMMRdb,volkswagen_jetta_2001/2001 volkswagen jetta_00X0X_d4a0kXIPbt6_600x450.jpg,600,337,RGB,37.0224609375,False,False
VMMRdb,pontiac_montana_2002/pontiac_montana_2002_21.jpg,548,408,RGB,49.1767578125,False,False
VMMRdb,chevrolet_silverado_2004/2004 chevrolet 2500 silverado_01111_fiqEI2BzJVQ_600x450.jpg,337,450,RGB,29.1796875,False,False
VMMRdb,ford_transit_2012/2012 ford transit connect_00B0B_kQ7oceJ9G20_600x450.jpg,600,450,RGB,48.138671875,False,False
VMMRdb,nissan_xterra_2008/2008 Nissan Xterra_01717_3A1gL5p5c6F_600x450.jpg,600,337,RGB,36.3955078125,False,False
VMMRdb,nissan_versa_2009/00S0S_jf4QBkU63Jf_600x450.jpg,600,450,RGB,40.6357421875,False,False
VMMRdb,volkswagen_jetta_2006/2006 vw jetta_01717_4Aay1CoYeTf_600x450.jpg,600,450,RGB,53.72265625,False,False
VMMRdb,gmc_yukon_1500_2002/2002 GMC Yukon XL Denali_00w0w_h7PUF5tK5BK_600x450.jpg,318,159,RGB,9.466796875,False,False
VMMRdb,jeep_grand_cherokee_2005/jeep_grandcherokee_2005_53.jpg,548,408,RGB,60.142578125,False,False
VMMRdb,ford_f150_2008/ford_f150_2008_13.jpg,388,288,RGB,31.611328125,False,False
VMMRdb,ford_focus_2003/00F0F_5KY90jWQ4Ol_600x450.jpg,600,450,RGB,52.8828125,False,False
VMMRdb,ford_edge_2007/ford_edge_2007_13.jpg,548,408,RGB,74.5712890625,False,False
VMMRdb,mitsubishi_eclipse_2006/mitsubishi_eclipse_2006_10.jpg,336,252,RGB,28.6796875,False,False
VMMRdb,nissan_altima_2005/nissan_altima_2005_322.jpg,444,332,RGB,63.8681640625,False,False
VMMRdb,subaru_forester_2014/2014 subaru forester_00A0A_go8q4qBrMb6_600x450.jpg,600,450,RGB,39.4443359375,False,False
VMMRdb,buick_reatta_1989/1989 buick reatta_00S0S_4gR459FmsKt_600x450.jpg,600,450,RGB,56.1142578125,False,False
VMMRdb,chrysler_town&country_2004/chrysler_towncountry_2004_44.jpg,508,380,RGB,49.6298828125,False,False
VMMRdb,buick_lacrosse_2010/2010 buick lacrosse awd_00y0y_aYa490vjIbw_600x450.jpg,600,450,RGB,36.2451171875,False,False
VMMRdb,toyota_sienna_2001/toyota_sienna_2001_31.jpg,600,450,RGB,101.0478515625,False,False
VMMRdb,mercedes benz_s550_2007/2007 Mercedes s550_00k0k_gH3q8B2V8ir_600x450.jpg,600,450,RGB,55.322265625,False,False
VMMRdb,ford_expedition_2007/2007 ford expedition_00L0L_1qV6iufBPUP_600x450.jpg,600,450,RGB,46.46875,False,False
VMMRdb,subaru_outback_2005/subaru_outbackwagon_2005_14.jpg,332,252,RGB,33.3837890625,False,False
VMMRdb,honda_civic_1997/00w0w_2a3iPidoCDQ_600x450.jpg,600,337,RGB,35.0185546875,False,False
VMMRdb,nissan_murano_2003/nissan_murano_2003_64.jpg,332,252,RGB,29.81640625,False,False
VMMRdb,chrysler_concorde_2001/2001 Chrysler Concorde_01111_fk0ubV8C6Yo_600x450.jpg,600,450,RGB,36.9716796875,False,False
VMMRdb,landrover_lr3_2005/00O0O_3mrmCu1PP7I_600x450.jpg,600,431,RGB,53.9580078125,False,False
VMMRdb,ford_crown victoria_2005/2005 ford crown victoria_00N0N_lzNS3CiniIx_600x450.jpg,600,450,RGB,46.703125,False,False
VMMRdb,toyota_corolla_1996/00h0h_csH9keWJx53_600x450.jpg,600,450,RGB,27.615234375,False,False
VMMRdb,lincoln_continental_1959/1959 Lincoln Continental_00X0X_dj1pjOOBA94_600x450.jpg,600,339,RGB,24.015625,False,False
VMMRdb,mini_cooper_2005/mini_coopers_2005_37.jpg,476,356,RGB,45.2734375,False,False
VMMRdb,chevrolet_corvette_1980/00Y0Y_bEjjEnJlaOi_600x450.jpg,600,450,RGB,28.3037109375,False,False
VMMRdb,ford_mustang_1979/ford_mustang_1979_0.jpg,548,408,RGB,104.1376953125,False,False
VMMRdb,acura_mdx_2001/00d0d_dmbpcjTZZXa_600x450.jpg,600,450,RGB,30.1328125,False,False
VMMRdb,mercedes benz_sl550_2009/2009 MB SL550_00G0G_525oRpY2fSB_600x450.jpg,600,450,RGB,38.435546875,False,False
VMMRdb,mercury_grandmarquis_2003/2003 Mercury Grand Marquis_00N0N_lJ7YOB0kS1d_600x450.jpg,600,337,RGB,40.390625,False,False
VMMRdb,chevrolet_montecarlo_2002/chevrolet_montecarlo_2002_38.jpg,588,440,RGB,90.189453125,False,False
VMMRdb,buick_century_2000/2000 buick century_00303_f7tthispeOR_600x450.jpg,600,450,RGB,51.4677734375,False,False
VMMRdb,lexus_rx350_2008/2008 Lexus rx350_00505_5cFWrj4gHPX_600x450.jpg,600,450,RGB,29.6796875,False,False
VMMRdb,ford_excursion_2002/2002 Ford excursion xlt_00F0F_daSUkMmfMgn_600x450.jpg,600,337,RGB,28.0693359375,False,False
VMMRdb,ford_mustang_2001/00e0e_2oeblKGKm8k_600x450.jpg,600,450,RGB,53.310546875,False,False
VMMRdb,mercedes benz_c350_2008/2008 Mercedes Benz  350 C-Class_00v0v_gDiI6xuuwzB_600x450.jpg,600,450,RGB,34.8212890625,False,False
VMMRdb,volkswagen_jetta_2001/volkswagen_jetta_2001_123.jpg,292,220,RGB,26.6630859375,False,False
VMMRdb,chevrolet_impala_2005/chevrolet_impala_2005_22.jpg,332,252,RGB,26.0439453125,False,False
VMMRdb,chevrolet_blazer_2000/2000 Chevy Blazer LS_00L0L_gaWxrmL8F7P_600x450.jpg,600,450,RGB,49.8759765625,False,False
VMMRdb,ford_escape_2008/2008 ford escape_00k0k_jmv2RqluQnE_600x450.jpg,600,450,RGB,41.697265625,False,False
VMMRdb,mercedes benz_e320_1997/mercedes_e320_1997_20.jpg,332,252,RGB,25.8671875,False,False
VMMRdb,nissan_altima_2002/nissan_altima_2002_173.jpg,332,252,RGB,30.2099609375,False,False
VMMRdb,audi_a6_2001/audi_a6_2001_30.jpg,600,450,RGB,60.349609375,False,False
VMMRdb,volvo_c70_2001/00V0V_lx4vEtvqoEo_600x450.jpg,600,399,RGB,46.5107421875,False,False
VMMRdb,hyundai_sonata_2002/01111_5Qi3TxXU21z_600x450.jpg,600,337,RGB,37.5576171875,False,False
VMMRdb,chevrolet_c10_1977/1977 C10 cheyeene_00505_1Bk2s7swV9R_600x450.jpg,253,450,RGB,13.041015625,False,False
VMMRdb,chrysler_sebring_2006/2006 Chrysler Sebring_00S0S_1hkKfFVJa1y_600x450.jpg,600,450,RGB,50.9609375,False,False
VMMRdb,jeep_cherokee_2000/jeep_cherokee_2000_68.jpg,588,440,RGB,64.0361328125,False,False
VMMRdb,toyota_camry_1996/toyota_camry_1996_70.jpg,548,408,RGB,77.064453125,False,False
VMMRdb,mini_cooper_2003/mini_coopers_2003_16.jpg,444,332,RGB,58.1923828125,False,False
VMMRdb,chevrolet_camaro_1971/1971 chevrolet camaro_00505_bRcLtoRSTcR_600x450.jpg,600,337,RGB,34.359375,False,False
VMMRdb,chevrolet_silverado_1998/1998 chevrolet 2500 silverado_00y0y_iTj5v1jHG0i_600x450.jpg,600,450,RGB,47.775390625,False,False
VMMRdb,ford_f350_1990/1990 ford. f350_00404_fwm0QPJ0hkR_600x450.jpg,600,337,RGB,40.6611328125,False,False
VMMRdb,honda_odyssey_2001/honda_odyssey_2001_22.jpg,600,450,RGB,68.044921875,False,False
VMMRdb,jeep_grand_cherokee_2001/jeep_grandcherokee_2001_254.jpg,548,408,RGB,77.896484375,False,False
VMMRdb,infiniti_g35_2008/infiniti_g35_2008_3.jpg,360,268,RGB,33.80859375,False,False
VMMRdb,ford_e350_2011/2011 Ford E350 Bus_00T0T_H5BBCIgrd8_600x450.jpg,600,337,RGB,26.4453125,False,False
VMMRdb,honda_accord_2009/2009 honda accord_00606_1iVllsgBlTK_600x450.jpg,600,337,RGB,31.6171875,False,False
VMMRdb,bmw_325i_2005/bmw_325_2005_2.jpg,388,288,RGB,32.095703125,False,False
VMMRdb,ford_bronco_1989/1989 Ford Bronco II_00505_kFW7jOe2UbM_600x450.jpg,337,450,RGB,23.916015625,False,False
VMMRdb,ford_mustang_mach_2003/2003 Mustang Mach 1_01111_gs8ODxLXdox_600x450.jpg,450,450,RGB,37.7158203125,False,False
VMMRdb,ford_f250_2001/2001 ford f250_00J0J_sWfrJRD63j_600x450.jpg,253,450,RGB,23.1435546875,False,False
VMMRdb,gmc_sierra_3500_1999/gmc_sierra3500_1999_1.jpg,476,356,RGB,37.44921875,False,False
VMMRdb,oldsmobile_eightyeight_1979/oldsmobile_eightyeight_1979_0.jpg,312,236,RGB,31.4365234375,False,False
VMMRdb,lexus_es300_1995/lexus_es300_1995_3.jpg,444,332,RGB,51.8671875,False,False
VMMRdb,ford_ranger_1999/ford_ranger_1999_41.jpg,508,380,RGB,58.78125,False,False
VMMRdb,ford_mustang_1989/00S0S_f0ETIhuZL7L_600x450.jpg,600,450,RGB,28.2265625,False,False
VMMRdb,nissan_pathfinder_2003/nissan_pathfinder_2003_3.jpg,508,380,RGB,76.91015625,False,False
VMMRdb,honda_prelude_2000/honda_prelude_2000_14.jpg,412,308,RGB,38.1435546875,False,False
VMMRdb,mazda_3_2014/2014 Mazda 3_00F0F_iiG38RqyFzQ_600x450.jpg,600,337,RGB,31.3427734375,False,False
VMMRdb,dodge_ram_1500_2011/2011 Dodge Ram_00y0y_awRpYYyWYq8_600x450.jpg,600,450,RGB,38.8251953125,False,False
VMMRdb,volkswagen_gti_2013/2013 Gti_00J0J_iuULPXhI91X_600x450.jpg,600,450,RGB,60.458984375,False,False
VMMRdb,nissan_altima_2002/nissan_altima_2002_195.jpg,412,308,RGB,45.34375,False,False
VMMRdb,jeep_grand_cherokee_2001/jeep_grandcherokee_2001_215.jpg,548,408,RGB,56.94921875,False,False
VMMRdb,ford_explorer_2004/2004 Ford Explorer Xlt_00S0S_iI3tReJp3QX_600x450.jpg,600,450,RGB,33.5087890625,False,False
VMMRdb,pontiac_grandprix_1989/pontiac_grandprix_1989_1.jpg,588,440,RGB,89.080078125,False,False
VMMRdb,volkswagen_gti_1992/00o0o_io4HMw98hNA_600x450.jpg,600,447,RGB,34.49609375,False,False
VMMRdb,chevrolet_malibu_2001/chevrolet_malibu_2001_90.jpg,292,220,RGB,20.6845703125,False,False
VMMRdb,pontiac_solstice_2007/pontiac_solstice_2007_1.jpg,476,356,RGB,54.4833984375,False,False
VMMRdb,acura_tl_2004/acura_tl_2004_123.jpg,548,408,RGB,45.3583984375,False,False
VMMRdb,hyundai_tiburon_2004/2004 Hyundai Tiburon_00E0E_l6sZ6Iyqta4_600x450.jpg,600,337,RGB,35.990234375,False,False
VMMRdb,landrover_rangerover_2007/2007 Range Rover_00x0x_dSnlPwXZYsM_600x450.jpg,600,450,RGB,56.5283203125,False,False
VMMRdb,dodge_avenger_2008/00i0i_aOqQJwyuoEE_600x450.jpg,600,400,RGB,49.478515625,False,False
VMMRdb,honda_cr-v_2002/2002 Honda CR-V_00T0T_c62QuwH6zy_600x450.jpg,600,337,RGB,38.7900390625,False,False
VMMRdb,mercedes benz_glk350_2013/2013 Mercedes-Benz GLK350_B1P3xK5EJXS._UY560_.png,992,560,RGB,65.390625,False,False
VMMRdb,subaru_wrx_2006/2006 Subaru wrx_00909_lDUaunEpyVZ_600x450.jpg,600,337,RGB,35.5205078125,False,False
VMMRdb,honda_cr-v_2005/2005 honda crv_00g0g_aJMr1yFhzb1_600x450.jpg,600,449,RGB,40.65234375,False,False
VMMRdb,chevrolet_trailblazer_2004/00P0P_bk6xIr4iWUL_600x450.jpg,337,450,RGB,28.8798828125,False,False
VMMRdb,chevrolet_silverado_2007/2007 chevrolet 2500 silverado_00k0k_dqcNriZrzlU_600x450.jpg,600,450,RGB,42.6943359375,False,False
VMMRdb,honda_odyssey_2002/honda_odyssey_2002_118.jpg,548,376,RGB,69.5439453125,False,False
VMMRdb,hyundai_sonata_2007/hyundai_sonata_2007_17.jpg,412,308,RGB,44.0625,False,False
VMMRdb,gmc_envoy_2002/gmc_envoy_2002_32.jpg,508,380,RGB,62.625,False,False
VMMRdb,toyota_camry_1997/toyota_camry_1997_100.jpg,360,268,RGB,29.220703125,False,False
VMMRdb,nissan_versa_2000/nissan_versa_2000_0.jpg,508,380,RGB,60.0234375,False,False
VMMRdb,toyota_corolla_2004/00K0K_cWIL17Q64xX_600x450.jpg,600,450,RGB,37.572265625,False,False
VMMRdb,toyota_highlander_2004/00G0G_kfKpjTs9NPo_600x450.jpg,600,450,RGB,47.318359375,False,False
VMMRdb,chevrolet_blazer_2003/2003 Chevrolet Blazer_00N0N_9txpzKLnJH8_600x450.jpg,253,450,RGB,20.00390625,False,False
VMMRdb,bmw_530i_2004/bmw_530i_2004_42.jpg,412,308,RGB,47.82421875,False,False
VMMRdb,ford_f150_1998/1998 Ford f150_00V0V_1iN2hDCKgma_600x450.jpg,600,450,RGB,39.720703125,False,False
VMMRdb,mercedes benz_sl380_1984/1984 mercedes 380SL Roadster_00404_4ESIFbAVx5F_600x450.jpg,600,450,RGB,42.1015625,False,False
VMMRdb,hyundai_sonata_2001/hyundai_sonata_2001_4.jpg,444,332,RGB,56.2646484375,False,False
VMMRdb,chevrolet_cobalt_2005/chevrolet_cobalt_2005_75.jpg,388,288,RGB,33.138671875,False,False
VMMRdb,chrysler_town&country_2010/2010 Chrysler Town & Country_00G0G_67nyLqVwoxQ_600x450.jpg,600,337,RGB,36.8720703125,False,False
VMMRdb,lexus_es300_1998/lexus_es300_1998_12.jpg,292,220,RGB,22.6787109375,False,False
VMMRdb,infiniti_fx35_2005/infiniti_fx35_2005_19.jpg,588,440,RGB,66.779296875,False,False
VMMRdb,chrysler_concorde_1999/chrysler_concorde_1999_13.jpg,388,288,RGB,39.79296875,False,False
VMMRdb,honda_civic_2007/honda_civic_2007_130.jpg,548,408,RGB,59.8447265625,False,False
VMMRdb,ford_escape_2007/2007 Ford escape_00P0P_li74Z2HikTV_600x450.jpg,600,337,RGB,41.1591796875,False,False
VMMRdb,jeep_liberty_2005/jeep_liberty_2005_39.jpg,360,268,RGB,40.98046875,False,False
VMMRdb,ford_taurus_2014/2014 Ford Taurus SEL_00M0M_ancBk0pkURs_600x450.jpg,600,450,RGB,48.5966796875,False,False
VMMRdb,nissan_sentra_2010/2010 nissan sentra_00I0I_2nBgcJSYpVw_600x450.jpg,337,450,RGB,23.19921875,False,False
VMMRdb,ford_crown victoria_2001/ford_crownvictoria_2001_2.jpg,336,252,RGB,28.6123046875,False,False
VMMRdb,honda_accord_2 door_1998/1998 honda accord 2-door coupe_00i0i_kd8Vohi9rCW_600x450.jpg,600,450,RGB,42.2431640625,False,False
VMMRdb,ford_f150_1997/1997 Ford F-150_00000_7tTpGBTh8ts_600x450.jpg,600,450,RGB,39.388671875,False,False
VMMRdb,toyota_mr2_2000/2000 Toyota MR 2_00B0B_douMqCwi1CO_600x450.jpg,600,450,RGB,47.6171875,False,False
VMMRdb,nissan_350z_2005/00h0h_9ug40cvPI6A_600x450.jpg,600,450,RGB,47.21875,False,False
VMMRdb,honda_civic_2005/00V0V_bKWaU0n98Fi_600x450.jpg,600,450,RGB,51.1640625,False,False
VMMRdb,toyota_rav4_2011/00101_4K50qb87ctB_600x450.jpg,600,450,RGB,36.3876953125,False,False
VMMRdb,honda_odyssey_2002/01616_dNIYZbRNL9J_600x450.jpg,600,450,RGB,31.1455078125,False,False
VMMRdb,volvo_s60_2005/volvo_s60_2005_14.jpg,360,268,RGB,46.4814453125,False,False
VMMRdb,subaru_impreza_1999/subaru_impreza_1999_5.jpg,272,204,RGB,22.4091796875,False,False
VMMRdb,honda_civic_2007/2007 honda civic_00808_kFgQlvJnz25_600x450.jpg,336,450,RGB,25.494140625,False,False
VMMRdb,bmw_x5_2003/00G0G_9JNZjLSp374_600x450.jpg,600,450,RGB,40.1669921875,False,False
VMMRdb,chrysler_crossfire_2005/2005 chrysler crossfire srt6_01616_bgiN5Ulu7PJ_600x450.jpg,600,450,RGB,53.0830078125,False,False
VMMRdb,honda_accord_2001/00n0n_1xI05Io9mcN_600x450.jpg,600,337,RGB,35.2451171875,False,False
VMMRdb,volkswagen_golf_2000/volkswagen_golf_2000_45.jpg,548,408,RGB,67.8828125,False,False
VMMRdb,ford_focus_2009/ford_focus_2009_54.jpg,312,236,RGB,35.4326171875,False,False
VMMRdb,honda_accord_2006/00s0s_h1qcRIqcnBV_600x450.jpg,600,450,RGB,41.2568359375,False,False
VMMRdb,suzuki_verona_2005/suzuki_verona_2005_15.jpg,508,380,RGB,55.0673828125,False,False
VMMRdb,honda_civic_2012/honda_civic_2012_109.jpg,444,332,RGB,47.3837890625,False,False
VMMRdb,nissan_sentra_2007/nissan_sentra_2007_56.jpg,336,252,RGB,29.3154296875,False,False
VMMRdb,chevrolet_tahoe_2013/2013 chevrolet 1500 tahoe_00M0M_gB93RtM4DuJ_600x450.jpg,600,305,RGB,33.861328125,False,False
VMMRdb,cadillac_cts_2009/cadillac_cts_2009_4.jpg,360,268,RGB,40.796875,False,False
VMMRdb,chevrolet_trailblazer_2004/2004 Chevrolet Trailblazer LS_00q0q_70zKXqD8rda_600x450.jpg,600,450,RGB,42.564453125,False,False
VMMRdb,fiat_five hundred_1970/fiat_500_1970_2.jpg,508,380,RGB,68.076171875,False,False
VMMRdb,hyundai_santafe_2005/hyundai_santafe_2005_8.jpg,548,408,RGB,69.2861328125,False,False
VMMRdb,ford_focus_2005/00l0l_bI2hRJtZp5R_600x450.jpg,400,266,RGB,24.130859375,False,False
VMMRdb,mercedes benz_c240_2004/mercedes_c240_2004_4.jpg,548,408,RGB,67.125,False,False
VMMRdb,ford_mustang_1995/ford_mustang_1995_51.jpg,272,204,RGB,18.8125,False,False
VMMRdb,ford_explorer_1995/ford_explorer_1995_39.jpg,508,380,RGB,61.3486328125,False,False
VMMRdb,gmc_sierra_1500_2014/2014 gmc 1500 sierra_00h0h_8JteD0U3YR1_600x450.jpg,600,450,RGB,30.6533203125,False,False
VMMRdb,ford_focus_2000/00707_gDkWB8FZCdU_600x450.jpg,600,450,RGB,28.744140625,False,False
VMMRdb,chevrolet_malibu_2004/chevrolet_malibu_2004_58.jpg,332,252,RGB,29.7724609375,False,False
VMMRdb,ram_2500_2013/2013 Ram 2500 Tradesman_00k0k_1MZb4lkjvDz_600x450.jpg,600,450,RGB,43.787109375,False,False
VMMRdb,mercedes benz_s500_2001/2001 Mereces Benz S 500_00R0R_jWRJCdG5yc5_600x450.jpg,600,337,RGB,29.1201171875,False,False
VMMRdb,ford_f250_2001/2001 Ford F250 XLT_00K0K_ecKCgSeke5r_600x450.jpg,240,320,RGB,10.7626953125,False,False
VMMRdb,saturn_sl1_2002/2002 Saturn SL1_00O0O_aDYiKWY9RFr_600x450.jpg,600,337,RGB,26.900390625,False,False
VMMRdb,ford_expedition_2001/00000_4K8WukJiHyn_600x450.jpg,600,450,RGB,38.912109375,False,False
VMMRdb,hyundai_sonata_2002/00c0c_8yFLdGtEBwx_600x450.jpg,600,450,RGB,50.6123046875,False,False
VMMRdb,subaru_legacy_2012/2012 subaru legacy_00909_fBiJHSGpOFK_600x450.jpg,600,378,RGB,45.0400390625,False,False
VMMRdb,mercedes benz_e320_1997/mercedes_e320_1997_4.jpg,588,440,RGB,55.5439453125,False,False
VMMRdb,honda_cr-v_2007/honda_crv_2007_24.jpg,476,332,RGB,46.8603515625,False,False
VMMRdb,ford_escape_2005/00k0k_aGau1F14zuJ_600x450.jpg,600,450,RGB,43.3037109375,False,False
VMMRdb,toyota_corolla_1997/toyota_corolla_1997_15.jpg,444,332,RGB,57.2822265625,False,False
VMMRdb,chrysler_voyager_2000/chrysler_voyager_2000_0.jpg,588,440,RGB,42.294921875,False,False
VMMRdb,volvo_s60_2006/2006 Volvo S60_00u0u_fcTBNr9sLZg_600x450.jpg,600,450,RGB,45.05078125,False,False
VMMRdb,volkswagen_gti_1986/volkswagen_gti_1986_1.jpg,412,308,RGB,60.3017578125,False,False
VMMRdb,toyota_corolla_1998/toyota_corolla_1998_6.jpg,600,450,RGB,88.5283203125,False,False
VMMRdb,mazda_protege_2003/mazda_protege_2003_29.jpg,588,440,RGB,72.7880859375,False,False
VMMRdb,jeep_wrangler_2011/jeep_wrangler_2011_3.jpg,312,236,RGB,34.5830078125,False,False
VMMRdb,toyota_camry_1999/01616_gIuuic1lWlA_600x450.jpg,600,337,RGB,26.134765625,False,False
VMMRdb,ford_f350_2004/ford_f350_2004_21.jpg,388,288,RGB,41.5986328125,False,False
VMMRdb,jeep_grand_cherokee_2007/2007 Jeep grand cherokee_00H0H_iaikgns1rTI_600x450.jpg,600,450,RGB,58.6171875,False,False
VMMRdb,chevrolet_blazer_1998/chevrolet_blazer_1998_27.jpg,588,440,RGB,64.68359375,False,False
VMMRdb,volvo_240_1985/volvo_240_1985_0.jpg,476,352,RGB,59.50390625,False,False
VMMRdb,ford_explorer_2005/00909_aSZqRhNvBt_600x450.jpg,600,450,RGB,43.396484375,False,False
VMMRdb,hyundai_elantra_2001/hyundai_elantra_2001_28.jpg,548,408,RGB,68.9541015625,False,False
VMMRdb,honda_civic_2006/honda_civic_2006_103.jpg,548,408,RGB,52.4365234375,False,False
VMMRdb,toyota_camry_2010/toyota_camry_2010_43.jpg,476,356,RGB,43.4892578125,False,False
VMMRdb,mercedes benz_clk500_2005/2005 Mercedes-benz CLK500 AMG_01010_cNR65OPwnII_600x450.jpg,600,400,RGB,43.7705078125,False,False
VMMRdb,ford_f250_2011/2011 ford f-250_00505_EtyaFMnCLw_600x450.jpg,600,450,RGB,47.037109375,False,False
VMMRdb,mercedes benz_s600_2003/mercedes_s600_2003_1.jpg,312,236,RGB,35.802734375,False,False
VMMRdb,nissan_quest_1999/nissan_quest_1999_19.jpg,508,380,RGB,50.1865234375,False,False
VMMRdb,nissan_sentra_2007/nissan_sentra_2007_52.jpg,476,356,RGB,44.46875,False,False
VMMRdb,honda_cr-v_2002/honda_crv_2002_103.jpg,272,204,RGB,21.1767578125,False,False
VMMRdb,jeep_liberty_2002/00i0i_4CmMdk2jopX_600x450.jpg,600,450,RGB,51.7353515625,False,False
VMMRdb,mini_cooper_2007/mini_coopers_2007_18.jpg,412,308,RGB,36.296875,False,False
VMMRdb,bmw_x5_2004/01717_1HMkENUMIBq_600x450.jpg,600,450,RGB,52.1162109375,False,False
VMMRdb,chevrolet_suburban_2003/chevrolet_suburban_2003_7.jpg,508,380,RGB,46.849609375,False,False
VMMRdb,jeep_grand_cherokee_2005/jeep_grandcherokee_2005_95.jpg,548,408,RGB,65.5478515625,False,False
VMMRdb,chrysler_pacifica_2004/chrysler_pacifica_2004_25.jpg,548,408,RGB,73.6015625,False,False
VMMRdb,audi_a4_2003/00909_fFtGLct9hCR_600x450.jpg,600,450,RGB,31.2685546875,False,False
VMMRdb,ram_1500_2003/2003 Ram 1500_01616_zfmeO9QmFt_600x450.jpg,600,337,RGB,28.7626953125,False,False
VMMRdb,honda_ridgeline_2012/honda_ridgeline_2012_0.jpg,508,380,RGB,57.8154296875,False,False
VMMRdb,toyota_camry_2000/2000 Toyota camry_00M0M_lbd7IoaHloG_600x450.jpg,600,450,RGB,37.9189453125,False,False
VMMRdb,kia_sedona_2003/kia_sedona_2003_8.jpg,548,408,RGB,55.3720703125,False,False
VMMRdb,ford_f250_2005/ford_f250_2005_28.jpg,548,408,RGB,60.240234375,False,False
VMMRdb,toyota_camry_se_2012/2012 Toyota Camry SE_00707_iDKlRZ0AXZp_600x450.jpg,600,321,RGB,39.0234375,False,False
VMMRdb,toyota_camry_2007/00M0M_1y4FJVCi9dr_600x450.jpg,600,450,RGB,41.0732421875,False,False
VMMRdb,ford_expedition_2006/2006 Ford Expedition_91K9w-ykF8L._UY560_.png,994,560,RGB,58.5166015625,False,False
VMMRdb,chevrolet_suburban_1999/1999 Chevy suburban_00404_aGi8wyT6cBC_600x450.jpg,600,450,RGB,58.7060546875,False,False
VMMRdb,volkswagen_touareg_2006/volkswagen_touareg_2006_5.jpg,412,308,RGB,42.8974609375,False,False
VMMRdb,mercury_mountaineer_1997/mercury_mountaineer_1997_11.jpg,476,332,RGB,40.4384765625,False,False
VMMRdb,subaru_outback_2012/2012 subaru outback_01010_4V2MDUdt47l_600x450.jpg,600,445,RGB,43.822265625,False,False
VMMRdb,jeep_liberty_2012/2012 jeep liberty_00z0z_4s7iHIZx8g6_600x450.jpg,600,450,RGB,49.1806640625,False,False
VMMRdb,pontiac_torrent_2006/2006 pontiac torrent_01515_6KSb9bLuJya_600x450.jpg,600,450,RGB,47.0302734375,False,False
VMMRdb,mercedes benz_c300_2008/mercedes_c300_2008_44.jpg,508,380,RGB,64.4111328125,False,False
VMMRdb,jeep_grand_cherokee_2000/2000 Jeep grand Cherokee_00i0i_8mUwRg8TtB8_600x450.jpg,600,450,RGB,62.3583984375,False,False
VMMRdb,chevrolet_impala_2005/2005 chevrolet impala_00x0x_7eXOiZbI8SE_600x450.jpg,600,450,RGB,40.5849609375,False,False
VMMRdb,gmc_suburban_1500_1995/gmc_suburban_1995_3.jpg,588,440,RGB,61.86328125,False,False
VMMRdb,toyota_sienna_2005/00T0T_dPAeGtUfot9_600x450.jpg,320,240,RGB,12.1767578125,False,False
VMMRdb,mitsubishi_eclipse_2003/01212_gJMEvwvT8hE_600x450.jpg,600,450,RGB,40.19140625,False,False
VMMRdb,mazda_rx7_1990/mazda_rx7_1990_1.jpg,332,252,RGB,34.7509765625,False,False
VMMRdb,toyota_4runner_2005/toyota_4runner_2005_28.jpg,548,396,RGB,72.63671875,False,False
VMMRdb,chevrolet_tahoe_2001/2001 chevrolet 1500 tahoe_00d0d_h7MRfyBcqX8_600x450.jpg,337,450,RGB,20.525390625,False,False
VMMRdb,volvo_v70_2001/volvo_v70_2001_22.jpg,476,356,RGB,58.2060546875,False,False
VMMRdb,dodge_charger_2007/00t0t_31Frem3olAJ_600x450.jpg,600,450,RGB,32.3251953125,False,False
VMMRdb,landrover_freelander_2002/landrover_freelander_2002_7.jpg,332,252,RGB,39.591796875,False,False
VMMRdb,chevrolet_camaro_2011/2011 Camaro_00k0k_5uoIEc9LdaD_600x450.jpg,600,450,RGB,44.8544921875,False,False
VMMRdb,chevrolet_impala_1969/00m0m_a30utNqsx1O_600x450.jpg,600,337,RGB,31.087890625,False,False
VMMRdb,jeep_wrangler_unlimited_2015/2015 jeep wrangler unlimited_00U0U_cYDVJS4nZQZ_600x450.jpg,600,450,RGB,65.4091796875,False,False
VMMRdb,toyota_4runner_2004/toyota_4runner_2004_46.jpg,332,252,RGB,28.6064453125,False,False
VMMRdb,ford_expedition_2006/ford_expedition_2006_56.jpg,548,408,RGB,42.779296875,False,False
VMMRdb,audi_s4_2000/audi_s4_2000_23.jpg,508,380,RGB,40.8740234375,False,False
VMMRdb,ford_taurus_2005/ford_taurus_2005_82.jpg,256,192,RGB,20.423828125,False,False
VMMRdb,chevrolet_camaro_1997/1997 Chevy Camaro rs_01010_btRh9dIrXan_600x450.jpg,253,450,RGB,25.3583984375,False,False
VMMRdb,acura_rl_2008/00e0e_5Yqx46KAyrG_600x450.jpg,544,408,RGB,37.3671875,False,False
VMMRdb,toyota_camry_2012/toyota_camry_2012_7.jpg,412,308,RGB,34.0810546875,False,False
VMMRdb,chevrolet_equinox_2005/2005 CHEVY EQUINOX_00a0a_78p3qzGzPr0_600x450.jpg,600,337,RGB,28.9052734375,False,False
VMMRdb,pontiac_sunfire_2001/pontiac_sunfire_2001_14.jpg,528,408,RGB,83.51953125,False,False
VMMRdb,jeep_liberty_2006/00f0f_iQRTJLL3GFi_600x450.jpg,600,450,RGB,39.783203125,False,False
VMMRdb,nissan_altima_2009/00z0z_3UUBMevdolv_600x450.jpg,600,450,RGB,36.765625,False,False
VMMRdb,mazda_6_2009/01010_SASR3P7fNg_600x450.jpg,600,450,RGB,35.146484375,False,False
VMMRdb,jeep_comanche_1989/jeep_comanche_1989_2.jpg,476,356,RGB,50.5791015625,False,False
VMMRdb,chevrolet_suburban_1988/chevrolet_suburban_1988_1.jpg,360,268,RGB,38.330078125,False,False
VMMRdb,chevrolet_corsica_1996/1996 chevrolet corsica_00505_2hEr7gzPFMZ_600x450.jpg,337,450,RGB,22.44140625,False,False
VMMRdb,chevrolet_suburban_1998/1998 Chev Suburban_00f0f_igr4NzRVeZs_600x450.jpg,600,450,RGB,34.2021484375,False,False
VMMRdb,acura_mdx_2002/2002 ACURA MDX_00s0s_8L7Q6zPdQjl_600x450.jpg,600,337,RGB,18.685546875,False,False
VMMRdb,dodge_ram_1500_2005/2005 Dodge Ram 1500_00X0X_1UK8lVSTQPK_600x450.jpg,600,450,RGB,44.2197265625,False,False
VMMRdb,toyota_solara_2003/00X0X_2BJdA1C2LRZ_600x450.jpg,600,450,RGB,44.822265625,False,False
VMMRdb,honda_civic_2009/honda_civic_2009_83.jpg,388,288,RGB,32.9599609375,False,False
VMMRdb,ford_ranger_2003/2003 Ford Ranger_00g0g_2StneujgdvH_600x450.jpg,600,450,RGB,39.3603515625,False,False
VMMRdb,ford_focus_2005/2005 Ford Focus_00o0o_jKKFgcZG0e1_600x450.jpg,600,450,RGB,28.3720703125,False,False
VMMRdb,hyundai_elantra_2005/hyundai_elantra_2005_26.jpg,600,450,RGB,67.5009765625,False,False
VMMRdb,nissan_maxima_2001/nissan_maxima_2001_35.jpg,388,288,RGB,28.8974609375,False,False
VMMRdb,nissan_altima_2005/nissan_altima_2005_71.jpg,272,204,RGB,17.0849609375,False,False
VMMRdb,chevrolet_impala_1996/00E0E_bs2FQTPsaTZ_600x450.jpg,600,397,RGB,50.5029296875,False,False
VMMRdb,nissan_sentra_2007/00b0b_lectQ0pRsmK_600x450.jpg,600,450,RGB,35.583984375,False,False
VMMRdb,honda_accord_2005/honda_accord_2005_20.jpg,508,380,RGB,49.5693359375,False,False
VMMRdb,jeep_commander_2006/00l0l_gC97kqVC2Jn_600x450.jpg,337,450,RGB,43.173828125,False,False
VMMRdb,hyundai_sonata_2007/2007 Hyundai sonata_00E0E_l7ckkokhQjv_600x450.jpg,600,337,RGB,35.751953125,False,False
VMMRdb,toyota_prius_2007/2007 Toyota Prius touring package_01616_fW2FpyIqG7S_600x450.jpg,600,450,RGB,42.759765625,False,False
VMMRdb,ford_focus_2005/ford_focus_2005_90.jpg,248,192,RGB,19.455078125,False,False
VMMRdb,nissan_altima_2008/nissan_altima_2008_88.jpg,476,356,RGB,54.353515625,False,False
VMMRdb,chevrolet_impala_2011/2011 Chevy Impala_00S0S_7pYXfOVw1hA_600x450.jpg,600,450,RGB,29.7451171875,False,False
VMMRdb,chevrolet_stepside_1967/1967 Chevrolet Stepside_00t0t_iTf7OqpHE65_600x450.jpg,600,337,RGB,35.068359375,False,False
VMMRdb,volkswagen_gti_2004/00r0r_6iONzpvwVDl_600x450.jpg,600,450,RGB,36.1953125,False,False
VMMRdb,volkswagen_passat_2002/volkswagen_passat_2002_69.jpg,360,268,RGB,33.3447265625,False,False
VMMRdb,chevrolet_malibu_2013/2013 Chevrolet Malibu_00C0C_4K7HOosnW2W_600x450.jpg,600,337,RGB,33.09765625,False,False
VMMRdb,ford_escape_2002/ford_escape_2002_118.jpg,476,356,RGB,40.4150390625,False,False
VMMRdb,ford_explorer_2002/2002 ford explorer sport_00q0q_d7UJb1yo9vn_600x450.jpg,600,360,RGB,38.6943359375,False,False
VMMRdb,dodge_grand caravan_2010/dodge_grandcaravan_2010_29.jpg,476,356,RGB,53.1787109375,False,False
VMMRdb,chevrolet_silverado_2006/2006 Chevrolet Silverado_00P0P_ghdm9Ykl6Fq_600x450.jpg,600,337,RGB,33.6103515625,False,False
VMMRdb,chevrolet_corvette_2000/00B0B_25XYF2YGmDf_600x450.jpg,600,450,RGB,40.681640625,False,False
VMMRdb,chrysler_sebring_2007/2007 CHRYSLER SEBRING_00000_7SFq9DnGlEj_600x450.jpg,600,450,RGB,59.8896484375,False,False
VMMRdb,nissan_maxima_2002/00d0d_1zVhAHTY8w1_600x450.jpg,600,450,RGB,42.34375,False,False
VMMRdb,kia_spectra_2002/00l0l_l6LAZ2JGLnT_600x450.jpg,600,450,RGB,36.0693359375,False,False
VMMRdb,honda_civic_1998/honda_civic_1998_11.jpg,272,204,RGB,17.958984375,False,False
VMMRdb,chevrolet_malibu_1977/1977 Chevrolet Malibu_410IO+z32qL.jpg,500,257,RGB,20.4892578125,False,False
VMMRdb,buick_lesabre_2005/2005 Buick Lasabre Limited_00d0d_f2xqVakBqAj_600x450.jpg,600,450,RGB,39.404296875,False,False
VMMRdb,subaru_outback_1996/1996 subaru legacy wagon_00o0o_lbCaLVkbigD_600x450.jpg,600,448,RGB,49.572265625,False,False
VMMRdb,lincoln_towncar_2010/lincoln_towncar_2010_2.jpg,588,440,RGB,80.9140625,False,False
VMMRdb,buick_century_1999/buick_century_1999_0.jpg,332,252,RGB,29.0439453125,False,False
VMMRdb,chevrolet_silverado_2014/2014 chevrolet 1500 silverado_01717_v4rFHKAHY5_600x450.jpg,600,337,RGB,38.099609375,False,False
VMMRdb,ford_flex_2009/00Z0Z_5v9vMgUE5rg_600x450.jpg,600,450,RGB,37.8203125,False,False
VMMRdb,saturn_ion_2003/saturn_ion_2003_44.jpg,588,440,RGB,57.1689453125,False,False
VMMRdb,audi_100_1994/audi_100_1994_0.jpg,312,236,RGB,27.630859375,False,False
VMMRdb,pontiac_vibe_2006/pontiac_vibe_2006_13.jpg,388,288,RGB,31.099609375,False,False
VMMRdb,chevrolet_tahoe_2001/00O0O_5mAfdNkCxgw_600x450.jpg,600,337,RGB,39.6083984375,False,False
VMMRdb,chevrolet_suburban_1993/1993 chevrolet 1500 suburban_00v0v_1l6oxFD5xTP_600x450.jpg,337,450,RGB,20.8349609375,False,False
VMMRdb,dodge_grand caravan_2003/dodge_grandcaravan_2003_46.jpg,588,440,RGB,69.44140625,False,False
VMMRdb,pontiac_grandprix_2004/pontiac_grandprix_2004_60.jpg,356,268,RGB,31.0361328125,False,False
VMMRdb,chevrolet_210_2017/2017 Chevrolet 210_00S0S_bqRnscAksXA_600x450.jpg,600,450,RGB,35.7841796875,False,False
VMMRdb,chrysler_pt cruiser_2008/2008 chrysler pt cruiser_00K0K_aYTUXi3BTw1_600x450.jpg,600,450,RGB,53.4501953125,False,False
VMMRdb,ford_escape_2012/00Y0Y_gCWuzkRmoLv_600x450.jpg,600,450,RGB,41.501953125,False,False
VMMRdb,mazda_6_2015/2015 Mazda6_00q0q_hyoAdofN0u0_600x450.jpg,600,450,RGB,48.494140625,False,False
VMMRdb,volkswagen_tiguan_2013/2013 Volkswagen Tiguan SEL_B1n2CWxJIhS._UY560_.png,747,560,RGB,36.5,False,False
VMMRdb,honda_civic_hatchback_1989/1989 Honda civic dx hatchback_00B0B_8NdztKS7IB4_600x450.jpg,600,337,RGB,39.1474609375,False,False
VMMRdb,chevrolet_blazer_2000/chevrolet_blazer_2000_17.jpg,444,332,RGB,64.673828125,False,False
VMMRdb,honda_accord_2 door_1994/1994 honda accord 2-door coupe_00z0z_f955dPaky2M_600x450.jpg,600,337,RGB,35.3388671875,False,False
VMMRdb,ford_escape_2002/2002 ford escape_00I0I_9cuftpkYc2d_600x450.jpg,600,337,RGB,43.4501953125,False,False
VMMRdb,oldsmobile_alero_2001/oldsmobile_alero_2001_12.jpg,256,192,RGB,14.4306640625,False,False
VMMRdb,cadillac_deville_2001/cadillac_deville_2001_26.jpg,548,408,RGB,60.123046875,False,False
VMMRdb,cadillac_sts_1999/00n0n_lHOvopC239O_600x450.jpg,600,450,RGB,32.8525390625,False,False
VMMRdb,hyundai_elantra_2012/hyundai_elantra_2012_16.jpg,476,356,RGB,53.1767578125,False,False
VMMRdb,dodge_cummins_1999/1999 Dodge cummins_00b0b_jf6JXtt86iu_600x450.jpg,450,450,RGB,26.7470703125,False,False
VMMRdb,saab_900_1988/1988 Saab 900 classic convert._00g0g_jF1PHZQrUoE_600x450.jpg,576,444,RGB,35.5224609375,False,False
VMMRdb,chevrolet_astro_1997/chevrolet_astro_1997_8.jpg,332,252,RGB,29.4013671875,False,False
VMMRdb,gmc_sierra_2500_2006/2006 gmc 2500 sierra_00D0D_jFMNxTjGLhZ_600x450.jpg,600,337,RGB,26.8828125,False,False
VMMRdb,bmw_325i_2002/2002 bmw 325i_00j0j_lQ6rVC40ji_600x450.jpg,600,450,RGB,46.9716796875,False,False
VMMRdb,nissan_maxima_2003/00Z0Z_lomFeU9tvmX_600x450.jpg,600,450,RGB,46.7802734375,False,False
VMMRdb,mitsubishi_eclipse_2003/mitsubishi_eclipse_2003_95.jpg,588,440,RGB,78.552734375,False,False
VMMRdb,honda_accord_2008/2008 Honda Accord_00U0U_6hgWQgDEGyP_600x450.jpg,600,450,RGB,45.876953125,False,False
VMMRdb,honda_odyssey_2005/2005 Honda Odyssey EX_00V0V_baGc5DNcDmS_600x450.jpg,600,450,RGB,35.4892578125,False,False
VMMRdb,bmw_320i_1982/bmw_320i_1982_0.jpg,508,380,RGB,55.703125,False,False
VMMRdb,ford_escape_2010/ford_escape_2010_2.jpg,332,252,RGB,29.8369140625,False,False
VMMRdb,nissan_sentra_2013/nissan_sentra_2013_4.jpg,332,252,RGB,37.8916015625,False,False
VMMRdb,bmw_x5_2002/bmw_x5_2002_66.jpg,548,408,RGB,62.3701171875,False,False
VMMRdb,toyota_camry_2000/2000 toyota camry_00U0U_gW7UhZ9baRK_600x450.jpg,600,450,RGB,48.1337890625,False,False
VMMRdb,buick_regal_2011/buick_regal_2011_2.jpg,444,332,RGB,32.173828125,False,False
VMMRdb,ford_mustang_2000/ford_mustang_2000_231.jpg,444,332,RGB,59.61328125,False,False
VMMRdb,honda_pilot_2003/2003 honda pilot_00000_3ASbcNB1Bj7_600x450.jpg,600,337,RGB,36.17578125,False,False
VMMRdb,chevrolet_impala_2001/00303_7vmbpihnh2F_600x450.jpg,600,450,RGB,32.958984375,False,False
VMMRdb,chevrolet_traverse_2010/2010 CHEVY TRAVERSE FWD_00q0q_4ZTjJpxorO4_600x450.jpg,600,450,RGB,41.72265625,False,False
VMMRdb,nissan_murano_2006/nissan_murano_2006_7.jpg,412,308,RGB,40.892578125,False,False
VMMRdb,mercedes benz_c280_2006/mercedes_c280_2006_2.jpg,388,288,RGB,37.666015625,False,False
VMMRdb,chevrolet_montecarlo_2003/chevrolet_montecarlo_2003_34.jpg,332,252,RGB,30.6005859375,False,False
VMMRdb,volkswagen_passat_1999/volkswagen_passat_1999_66.jpg,444,332,RGB,48.802734375,False,False
VMMRdb,toyota_corolla_2008/2008 toyota corolla_00j0j_i40Yb14YMvM_600x450.jpg,600,337,RGB,29.302734375,False,False
VMMRdb,mitsubishi_outlander_2005/2005 mitsubishi outlander_00U0U_hKTzLFgHmQL_600x450.jpg,600,337,RGB,28.1728515625,False,False
VMMRdb,chrysler_sebring_2004/00a0a_bE6y0B0KLYq_600x450.jpg,600,450,RGB,40.3583984375,False,False
VMMRdb,acura_mdx_2002/2002 Acura MDX_00p0p_crXsi8vr8Nb_600x450.jpg,600,450,RGB,37.205078125,False,False
VMMRdb,ford_explorer_2002/2002 EXPLORER XLT_00x0x_dsopnNhWb21_600x450.jpg,600,450,RGB,39.359375,False,False
VMMRdb,ford_explorer_2006/2006 Ford Explorer XLT_00w0w_116wBJJEDzE_600x450.jpg,337,450,RGB,35.2802734375,False,False
VMMRdb,gmc_sierra_1500_1991/1991 gmc 1500 sierra_00r0r_27pElOGa6L5_600x450.jpg,600,337,RGB,37.2763671875,False,False
VMMRdb,toyota_avalon_2002/2002 Toyota avalon_00g0g_33qIIlbSlAr_600x450.jpg,337,450,RGB,31.830078125,False,False
VMMRdb,ford_f150_1996/ford_f150_1996_21.jpg,588,440,RGB,93.423828125,False,False
VMMRdb,subaru_impreza_2007/2007 Subaru Impreza_00Q0Q_asO8sTvRY0B_600x450.jpg,600,450,RGB,50.3681640625,False,False
VMMRdb,nissan_altima_2004/2004 NISSAN ALTIMA 2.5S_00T0T_1O9YCSS9PlX_600x450.jpg,600,450,RGB,55.6708984375,False,False
VMMRdb,toyota_camry_2007/2007 Toyota camry_00k0k_5zBDcgWnyBi_600x450.jpg,600,448,RGB,47.88671875,False,False
VMMRdb,ford_escape_2001/ford_escape_2001_19.jpg,476,356,RGB,54.91796875,False,False
VMMRdb,mercury_sable_2002/mercury_sable_2002_43.jpg,360,268,RGB,29.3837890625,False,False
VMMRdb,honda_cr-v_2007/honda_crv_2007_48.jpg,508,380,RGB,62.1728515625,False,False
VMMRdb,honda_accord_2000/00k0k_e1rDUtar97b_600x450.jpg,480,275,RGB,16.3017578125,False,False
VMMRdb,honda_odyssey_2011/honda_odyssey_2011_23.jpg,548,408,RGB,54.1103515625,False,False
VMMRdb,dodge_magnum_2007/2007 dodge magnum_00K0K_f3PeHgBu1i_600x450.jpg,337,450,RGB,33.46875,False,False
VMMRdb,mercedes benz_c300_2011/mercedes_c300_2011_2.jpg,412,308,RGB,30.75,False,False
VMMRdb,ford_explorer_2003/ford_explorer_2003_10.jpg,600,450,RGB,87.890625,False,False
VMMRdb,infiniti_i30_1998/infiniti_i30_1998_4.jpg,412,308,RGB,60.162109375,False,False
VMMRdb,dodge_ram_2500_2004/2004 Dodge Ram 2500_00o0o_96bTkfu8jrc_600x450.jpg,355,242,RGB,21.5283203125,False,False
VMMRdb,dodge_stratus_2003/dodge_stratus_2003_8.jpg,412,260,RGB,41.9970703125,False,False
VMMRdb,mercedes benz_c350_2006/2006 mercedes-benz c350_00y0y_6SRd9yWvDZ4_600x450.jpg,600,450,RGB,54.9931640625,False,False
VMMRdb,nissan_murano_2004/2004 Nissan Murano_00101_1ZfQi1ES7o5_600x450.jpg,600,337,RGB,31.189453125,False,False
VMMRdb,honda_odyssey_2002/honda_odyssey_2002_139.jpg,548,408,RGB,61.587890625,False,False
VMMRdb,chrysler_town&country_2006/chrysler_towncountry_2006_100.jpg,588,440,RGB,77.353515625,False,False
VMMRdb,ford_mustang_convertible_2003/2003 ford mustang convertible_00q0q_2YWySlhBAW5_600x450.jpg,600,337,RGB,36.8974609375,False,False
VMMRdb,kia_sportage_2005/kia_sportage_2005_13.jpg,588,440,RGB,76.24609375,False,False
VMMRdb,honda_civic_2002/honda_civic_2002_135.jpg,548,408,RGB,44.908203125,False,False
VMMRdb,nissan_350z_2005/nissan_350z_2005_3.jpg,548,408,RGB,41.06640625,False,False
VMMRdb,ford_f150_2011/ford_f150_2011_30.jpg,588,440,RGB,70.3134765625,False,False
VMMRdb,gmc_sonoma_2002/gmc_sonoma_2002_0.jpg,412,308,RGB,52.1396484375,False,False
VMMRdb,honda_accord_1999/00j0j_dindIxLDYuF_600x450.jpg,600,450,RGB,42.7978515625,False,False
VMMRdb,gmc_jimmy_1999/gmc_jimmy_1999_15.jpg,312,236,RGB,31.056640625,False,False
VMMRdb,chevrolet_silverado_1997/1997 Chevy Silverado_00j0j_fcYMvM5L2lh_600x450.jpg,337,450,RGB,16.3203125,False,False
VMMRdb,buick_lacrosse_2014/2014 Buick Lacrosse_00P0P_lIqqSGdBFuz_600x450.jpg,600,400,RGB,52.1904296875,False,False
VMMRdb,ford_f250_1991/1991 Diesel Ford F-250_00P0P_d9l04TVF3X5_600x450.jpg,600,450,RGB,46.9150390625,False,False
VMMRdb,acura_rl_2006/acura_rl_2006_1.jpg,388,288,RGB,46.0693359375,False,False
VMMRdb,chrysler_sebring_1999/00y0y_2vstjQfTbAE_600x450.jpg,600,338,RGB,38.8623046875,False,False
VMMRdb,audi_a3_2007/audi_a3_2007_19.jpg,412,308,RGB,38.974609375,False,False
VMMRdb,mazda_tribute_2002/mazda_tribute_2002_65.jpg,548,376,RGB,86.0625,False,False
VMMRdb,dodge_challenger_1973/dodge_challenger_1973_1.jpg,412,308,RGB,38.255859375,False,False
VMMRdb,chevrolet_impala_2004/chevrolet_impala_2004_33.jpg,292,220,RGB,20.8173828125,False,False
VMMRdb,pontiac_grandprix_2008/2008 PONTIAC GRAND PRIX_00N0N_5wEe4o4npDd_600x450.jpg,600,450,RGB,30.30078125,False,False
VMMRdb,mitsubishi_endeavor_2005/mitsubishi_endeavor_2005_14.jpg,548,408,RGB,62.908203125,False,False
VMMRdb,dodge_caliber_2007/2007 DODGE CALIBER_00B0B_9ZU6BJzRjx1_600x450.jpg,600,450,RGB,40.806640625,False,False
VMMRdb,ford_fiesta_2015/2015 Ford Fiesta S_A1y3FmM639L._UY560_.png,997,560,RGB,52.2998046875,False,True
VMMRdb,mini_cooper_2005/mini_coopers_2005_45.jpg,312,236,RGB,28.466796875,False,False
VMMRdb,chevrolet_el camino_1972/1972 Chevy El Camino_00f0f_2lIEw2Mxcth_600x450.jpg,600,450,RGB,42.765625,False,False
VMMRdb,toyota_corolla_2002/2002 Toyota corolla_00O0O_2nTUqO2YaYC_600x450.jpg,600,450,RGB,29.0673828125,False,False
VMMRdb,mazda_3_hatchback_2012/00a0a_73Re5URFuhj_600x450.jpg,600,339,RGB,33.1328125,False,False
VMMRdb,bmw_328xi_2008/2008 bmw 328xi_01515_dscSizIV5bi_600x450.jpg,253,450,RGB,10.9814453125,False,False
VMMRdb,chevrolet_suburban_1999/1999 Chevrolet Suburban LT 4X4_00404_eTykfL7mmQh_600x450.jpg,600,337,RGB,33.888671875,False,False
VMMRdb,toyota_fjcruiser_2007/2007 Toyota FJ cruiser_00o0o_6rfcClTsDkH_600x450.jpg,600,450,RGB,45.3408203125,False,False
VMMRdb,pontiac_aztek_2002/pontiac_aztek_2002_0.jpg,332,252,RGB,26.138671875,False,False
VMMRdb,gmc_yukon_1500_1996/gmc_yukon_1996_4.jpg,548,408,RGB,56.345703125,False,False
VMMRdb,dodge_dart_1969/1969 DODGE DART_00G0G_jeuOuXH9830_600x450.jpg,600,450,RGB,59.2255859375,False,False
VMMRdb,chevrolet_prizm_1998/chevrolet_prizm_1998_4.jpg,548,408,RGB,69.5390625,False,False
VMMRdb,lexus_rx300_1999/1999 LEXUS RX300_01515_cGZsSe6FJDu_600x450.jpg,600,450,RGB,40.1337890625,False,False
VMMRdb,kia_spectra_2007/kia_spectra_2007_28.jpg,444,332,RGB,54.537109375,False,False
VMMRdb,chevrolet_tahoe_1999/00808_68arxDlDepy_600x450.jpg,600,448,RGB,36.869140625,False,False
VMMRdb,lexus_rx300_1999/lexus_rx300_1999_12.jpg,336,252,RGB,32.384765625,False,False
VMMRdb,acura_tl_2005/00x0x_ddBrjad4n6w_600x450.jpg,600,337,RGB,34.287109375,False,False
VMMRdb,honda_pilot_2003/honda_pilot_2003_67.jpg,548,408,RGB,61.880859375,False,False
VMMRdb,nissan_xterra_2001/nissan_xterra_2001_52.jpg,548,408,RGB,61.8779296875,False,False
VMMRdb,ford_taurus_1993/1993 Ford taurus 4 door sedan_00s0s_1OyOk5uUBuN_600x450.jpg,450,450,RGB,24.78515625,False,False
VMMRdb,isuzu_rodeo_2002/2002 Isuzu Rodeo_00a0a_bXhLsr0aZX2_600x450.jpg,600,450,RGB,39.1064453125,False,False
VMMRdb,chevrolet_c20_1966/1966 chevrolet c20_00Z0Z_hvrVgDFi428_600x450.jpg,600,337,RGB,44.623046875,False,False
VMMRdb,chevrolet_trailblazer_2004/2004 chevrolet trailblazer_00D0D_eiqvvP1idqn_600x450.jpg,600,450,RGB,50.5322265625,False,False
VMMRdb,honda_pilot_2003/01515_bdObwzUETQW_600x450.jpg,600,448,RGB,40.037109375,False,False
VMMRdb,chevrolet_lumina_1997/1997 Chevrolet Lumina_00x0x_9OekNhgJ1AC_600x450.jpg,600,450,RGB,32.154296875,False,False
VMMRdb,dodge_caliber_2007/dodge_caliber_2007_83.jpg,360,268,RGB,33.05078125,False,False
VMMRdb,chevrolet_cavalier_2003/chevrolet_cavalier_2003_71.jpg,548,408,RGB,70.5888671875,False,False
VMMRdb,subaru_forester_2003/subaru_forester_2003_34.jpg,548,408,RGB,67.671875,False,False
VMMRdb,dodge_caliber_2011/2011 dodge caliber_00m0m_kx8oTGhAUkR_600x450.jpg,600,444,RGB,38.4580078125,False,False
VMMRdb,toyota_prius_2015/2015 Toyota Prius V Five_71ZEdGPcAoL._UY560_.jpg,1101,560,RGB,62.572265625,False,False
VMMRdb,ford_explorer_1996/00x0x_72sNVL1csZ8_600x450.jpg,600,450,RGB,63.0810546875,False,False
VMMRdb,mercedes benz_ml350_2004/mercedes_ml350_2004_22.jpg,388,288,RGB,36.9697265625,False,False
VMMRdb,ford_taurus_2008/00J0J_jLOMdpF4dGK_600x450.jpg,408,408,RGB,28.744140625,False,False
VMMRdb,chrysler_voyager_2003/chrysler_voyager_2003_9.jpg,548,408,RGB,63.9873046875,False,False
VMMRdb,ford_taurus_1999/1999 Ford Taurus_00u0u_b8mZL9AtrWS_600x450.jpg,600,448,RGB,43.7060546875,False,False
VMMRdb,mercedes benz_s550_2007/2007 Mercedes S550_00Y0Y_7MnJ2paXOqE_600x450.jpg,600,450,RGB,42.8916015625,False,False
VMMRdb,saturn_sl1_1999/1999 Saturn sl1_00l0l_4Rxo1RMXbGl_600x450.jpg,600,337,RGB,29.494140625,False,False
VMMRdb,hyundai_sonata_2008/hyundai_sonata_2008_6.jpg,588,440,RGB,73.1787109375,False,False
VMMRdb,pontiac_firebird_1969/1969 PONTIAC FIREBIRD_01515_i5Lp4dVlWaK_600x450.jpg,600,450,RGB,36.9814453125,False,False
VMMRdb,toyota_camry_2009/toyota_camry_2009_75.jpg,336,252,RGB,24.9853515625,False,False
VMMRdb,gmc_yukon_1500_2004/gmc_1500yukon_2004_16.jpg,548,408,RGB,52.68359375,False,False
VMMRdb,cadillac_srx_2004/cadillac_srx_2004_24.jpg,476,356,RGB,40.2626953125,False,False
VMMRdb,toyota_4runner_2000/toyota_4runner_2000_45.jpg,548,408,RGB,49.595703125,False,False
VMMRdb,dodge_durango_2001/dodge_durango_2001_50.jpg,444,332,RGB,63.736328125,False,False
VMMRdb,volkswagen_golf_2001/2001 vw golf_00404_1PfgFtLsSfp_600x450.jpg,450,450,RGB,36.158203125,False,False
VMMRdb,toyota_sienna_2011/toyota_sienna_2011_9.jpg,600,450,RGB,72.9931640625,False,False
VMMRdb,nissan_pathfinder_2005/00D0D_jZjmXdtJfiM_600x450.jpg,600,450,RGB,42.6787109375,False,False
VMMRdb,toyota_sequoia_2003/toyota_sequoia_2003_2.jpg,548,408,RGB,49.0107421875,False,False
VMMRdb,toyota_tacoma_2001/2001 Toyota Tacoma SR5 TRD Off Road_00w0w_3MfAJY0yUBQ_600x450.jpg,600,450,RGB,51.4794921875,False,False
VMMRdb,ford_escape_2002/ford_escape_2002_119.jpg,548,408,RGB,72.017578125,False,False
VMMRdb,nissan_altima_2000/2000 Nissan Altima GXE_00m0m_30iNnm3R7on_600x450.jpg,337,450,RGB,34.615234375,False,False
VMMRdb,dodge_dakota_1996/dodge_dakota_1996_14.jpg,588,440,RGB,73.2431640625,False,False
VMMRdb,honda_civic_2009/honda_civic_2009_70.jpg,548,408,RGB,67.796875,False,False
VMMRdb,jeep_wrangler_2009/2009 Jeep Wrangler_00I0I_4BY99j1SGqZ_600x450.jpg,600,450,RGB,45.6875,False,False
VMMRdb,chevrolet_avalanche_2002/2002 Chevy Avalanche_00Z0Z_jZyQ9tgjDkU_600x450.jpg,337,450,RGB,34.5224609375,False,False
VMMRdb,mazda_mx5_miata_1996/1996 mazda mx-5 miata_00h0h_54FWfNswunW_600x450.jpg,337,450,RGB,20.443359375,False,False
VMMRdb,toyota_rav4_2010/2010 toyota rav4_00S0S_7g6dttpOvxF_600x450.jpg,318,159,RGB,11.19140625,False,False
VMMRdb,honda_civic_2001/honda_civic_2001_75.jpg,476,356,RGB,44.931640625,False,False
VMMRdb,nissan_altima_1999/00M0M_7vobVR03Qtd_600x450.jpg,600,448,RGB,32.265625,False,False
VMMRdb,toyota_camry_le_2007/2007 Toyota Camry LE_00a0a_eLWefsCgN2c_600x450.jpg,600,337,RGB,35.810546875,False,False
VMMRdb,ford_explorer_1998/1998 ford explorer_00A0A_1azlIF30dlp_600x450.jpg,270,450,RGB,20.4306640625,False,False
VMMRdb,gmc_jimmy_2001/gmc_jimmy_2001_9.jpg,548,408,RGB,52.1240234375,False,False
VMMRdb,oldsmobile_aurora_2001/oldsmobile_aurora_2001_33.jpg,312,236,RGB,22.97265625,False,False
VMMRdb,mazda_cx5_2014/2014 Mazda CX-5_00o0o_b5oXWf4UsHN_600x450.jpg,600,337,RGB,34.4794921875,False,False
VMMRdb,jeep_wrangler_rubicon_2012/2012 Jeep Wrangler Rubicon_01212_5SWfUS2nxHn_600x450.jpg,600,297,RGB,25.6162109375,False,False
VMMRdb,jeep_commander_2007/2007 Jeep Commander_00L0L_3cHM7Vm4ugw_600x450.jpg,600,333,RGB,49.3330078125,False,False
VMMRdb,ford_f150_2005/2005 Ford F150 STX_00606_8dZvyTHRsYq_600x450.jpg,600,450,RGB,44.30078125,False,False
VMMRdb,nissan_maxima_1999/nissan_maxima_1999_45.jpg,292,220,RGB,22.990234375,False,False
VMMRdb,chrysler_pacifica_2004/2004 Chrysler Pacifica_00404_kuHoMyywEZS_600x450.jpg,600,450,RGB,31.806640625,False,False
VMMRdb,toyota_corolla_2004/2004 toyota corolla_00909_lVwVfBU921c_600x450.jpg,600,450,RGB,43.4501953125,False,False
VMMRdb,chevrolet_silverado_2005/2005 Chevrolet Silverado 1500_00D0D_9VOiHiA1NIz_600x450.jpg,600,450,RGB,38.9365234375,False,False
VMMRdb,jeep_grand_cherokee_2000/jeep_grandcherokee_2000_140.jpg,388,288,RGB,39.39453125,False,False
VMMRdb,jeep_grand_cherokee_2006/jeep_grandcherokee_2006_56.jpg,336,252,RGB,32.47265625,False,False
VMMRdb,mazda_mx5_miata_1992/1992 Mazda Miata_00q0q_kcTt8FzLSMF_600x450.jpg,600,450,RGB,47.0322265625,False,False
VMMRdb,nissan_altima_2010/2010 NISSAN ALTIMA 3.5 SR_00L0L_jPPOpEj16bh_600x450.jpg,600,450,RGB,38.7236328125,False,False
VMMRdb,dodge_dakota_1992/dodge_dakota_1992_1.jpg,312,236,RGB,26.6650390625,False,False
VMMRdb,hyundai_elantra_1999/00m0m_dO9UWQJFqjk_600x450.jpg,600,448,RGB,26.5419921875,False,False
VMMRdb,mazda_3_2005/mazda_3_2005_5.jpg,476,356,RGB,40.279296875,False,False
VMMRdb,nissan_quest_2005/00V0V_3HHdxmcEwGQ_600x450.jpg,600,450,RGB,39.8857421875,False,False
VMMRdb,chevrolet_camaro_2000/2000 Chevy camaro_00X0X_84Z5U467Zl_600x450.jpg,600,450,RGB,44.4228515625,False,False
VMMRdb,chevrolet_impala_2004/00v0v_k71qGsFxIBQ_600x450.jpg,600,450,RGB,32.4697265625,False,False
VMMRdb,mitsubishi_3000gt_1994/mitsubishi_3000gt_1994_9.jpg,312,236,RGB,24.3310546875,False,False
VMMRdb,nissan_altima_2011/nissan_altimacoupe_2011_2.jpg,508,380,RGB,45.41015625,False,False
VMMRdb,mazda_rx8_2005/2005 mazda rx-8_00X0X_gzfcUBMUHK0_600x450.jpg,600,274,RGB,34.423828125,False,False
VMMRdb,volkswagen_beetle_2001/volkswagen_beetle_2001_30.jpg,548,408,RGB,62.763671875,False,False
VMMRdb,ford_f150_2006/2006 ford f150_00x0x_btuc0sOVUzU_600x450.jpg,600,337,RGB,33.3583984375,False,False
VMMRdb,dodge_caliber_2009/2009 dodge caliber_00909_lVTNf0wpAX9_600x450.jpg,600,450,RGB,35.0,False,False
VMMRdb,chevrolet_blazer_2000/2000 Chevy Blazer_01010_joHaKBdQa9A_600x450.jpg,600,400,RGB,30.97265625,False,False
VMMRdb,chevrolet_montecarlo_1997/chevrolet_montecarlo_1997_5.jpg,388,288,RGB,36.9970703125,False,False
VMMRdb,toyota_prius_2014/2014 toyota prius v_00f0f_fnUUdtEhOnY_600x450.jpg,600,450,RGB,41.8603515625,False,False
VMMRdb,buick_lesabre_1999/1999 Buick Le Sabre_00606_87fKjJe02ck_600x450.jpg,600,450,RGB,48.12109375,False,False
VMMRdb,chevrolet_silverado_2009/2009 Chevy 1500_00K0K_fhaKEXSMP5l_600x450.jpg,600,337,RGB,24.712890625,False,False
VMMRdb,cadillac_sts_2001/cadillac_sts_2001_0.jpg,264,220,RGB,18.43359375,False,False
VMMRdb,audi_a4_1998/audi_a4_1998_22.jpg,412,308,RGB,44.408203125,False,False
VMMRdb,oldsmobile_alero_2003/2003 Oldsmobile Alero_00X0X_9iEmBFxBy6P_600x450.jpg,600,450,RGB,43.806640625,False,False
VMMRdb,ford_escape_2003/00u0u_cf7h4Dty3iW_600x450.jpg,337,450,RGB,28.759765625,False,False
VMMRdb,mazda_tribute_2001/mazda_tribute_2001_1.jpg,388,288,RGB,26.328125,False,False
VMMRdb,dodge_grand caravan_2008/2008 Dodge Grand Caravan_00h0h_4IVLLbFlNZH_600x450.jpg,600,450,RGB,29.056640625,False,True
VMMRdb,mitsubishi_eclipse_2003/mitsubishi_eclipse_2003_96.jpg,256,192,RGB,16.01953125,False,False
VMMRdb,ford_mustang_1998/00505_8cpX4L22Che_600x450.jpg,600,396,RGB,25.5830078125,False,False
VMMRdb,hyundai_elantra_1999/hyundai_elantra_1999_12.jpg,332,252,RGB,37.400390625,False,False
VMMRdb,honda_accord_2002/2002 Honda Accord EX_00O0O_b8XBhFWEtHx_600x450.jpg,600,337,RGB,31.4150390625,False,False
VMMRdb,lincoln_mark_vii_1984/1984 Lincoln Mark VII_41lHTX5kijL.jpg,500,205,RGB,15.4736328125,False,False
VMMRdb,chevrolet_cavalier_2003/2003 Chevrolet Cavalier LS 4dr_01010_1CA8a0vmu6l_600x450.jpg,600,450,RGB,51.3037109375,False,False
VMMRdb,honda_accord_1994/honda_accord_1994_67.jpg,548,408,RGB,73.888671875,False,False
VMMRdb,nissan_xterra_2004/nissan_xterra_2004_27.jpg,408,332,RGB,48.23046875,False,False
VMMRdb,honda_cr-v_2005/honda_crv_2005_0.jpg,548,408,RGB,62.20703125,False,False
VMMRdb,gmc_yukon_1500_2005/2005 GMC Yukon SLT_01414_jhpe8rMYaGt_600x450.jpg,600,337,RGB,34.7236328125,False,False
VMMRdb,jeep_wrangler_2008/jeep_wrangler_2008_8.jpg,272,204,RGB,20.16015625,False,False
VMMRdb,dodge_grand caravan_1998/dodge_caravan_1998_36.jpg,548,408,RGB,56.6552734375,False,False
VMMRdb,chrysler_sebring_2000/chrysler_sebring_2000_18.jpg,360,268,RGB,23.24609375,False,False
VMMRdb,pontiac_g6_2008/pontiac_g6_2008_82.jpg,412,308,RGB,42.01953125,False,False
VMMRdb,chevrolet_suburban_2001/chevrolet_suburban_2001_11.jpg,476,356,RGB,60.107421875,False,False
VMMRdb,ford_edge_2008/2008 ford edge_00G0G_71WNa4epnaR_600x450.jpg,600,450,RGB,43.76953125,False,False
VMMRdb,chrysler_pacifica_2006/2006 chrysler pacifica_00D0D_iaMbUbG1zE3_600x450.jpg,600,450,RGB,32.3349609375,False,False
VMMRdb,chrysler_sebring_2010/00X0X_dQjSZwRvsq1_600x450.jpg,600,450,RGB,36.677734375,False,False
VMMRdb,bmw_325i_2005/bmw_325i_2005_4.jpg,360,268,RGB,34.056640625,False,False
VMMRdb,pontiac_aztek_2001/pontiac_aztek_2001_11.jpg,388,288,RGB,21.841796875,False,False
VMMRdb,dodge_dakota_2006/2006 Dokata SLT_00J0J_lXzf8eDfbXk_600x450.jpg,600,450,RGB,44.92578125,False,False
VMMRdb,ford_expedition_2004/ford_expedition_2004_132.jpg,588,440,RGB,74.66015625,False,False
VMMRdb,honda_civic_2002/2002 Honda Civic_00e0e_bi0dJowJoHv_600x450.jpg,337,450,RGB,30.2763671875,False,False
VMMRdb,ford_taurus_1999/ford_taurus_1999_105.jpg,272,204,RGB,17.8759765625,False,False
VMMRdb,ford_explorer_2001/2001 ford explorer sport_00l0l_gUoWmE8hDgZ_600x450.jpg,600,337,RGB,37.4970703125,False,False
VMMRdb,chrysler_town&country_2001/chrysler_towncountry_2001_31.jpg,548,408,RGB,48.462890625,False,False
VMMRdb,ford_taurus_2000/2000 ford taurus_00C0C_aVGZhpH1dve_600x450.jpg,600,339,RGB,38.669921875,False,False
VMMRdb,nissan_altima_1998/nissan_altima_1998_78.jpg,508,380,RGB,64.39453125,False,False
VMMRdb,chevrolet_tahoe_2009/2009 Tahoe_00Q0Q_3vhAw3NVJuI_600x450.jpg,600,450,RGB,49.6513671875,False,False
VMMRdb,mazda_tribute_2003/mazda_tribute_2003_66.jpg,412,308,RGB,60.4453125,False,False
VMMRdb,cadillac_escalade_2009/2009 Escalade_00s0s_cU7nb6SxX0I_600x450.jpg,337,450,RGB,27.2529296875,False,False
VMMRdb,honda_civic_hatchback_2000/2000 honda civic_00Y0Y_68SMYLavhC8_600x450.jpg,337,450,RGB,22.2392578125,False,False
VMMRdb,honda_civic_1993/honda_civic_1993_91.jpg,476,356,RGB,58.2568359375,False,False
VMMRdb,subaru_outback_1997/subaru_outback_1997_6.jpg,312,236,RGB,34.8505859375,False,False
VMMRdb,kia_spectra_2007/2007 kia spectra_00r0r_7QPZS6mVFO3_600x450.jpg,600,337,RGB,41.3623046875,False,False
VMMRdb,honda_odyssey_2007/honda_odyssey_2007_87.jpg,480,408,RGB,38.3759765625,False,False
VMMRdb,mercedes benz_e500_2003/mercedes_e500_2003_28.jpg,548,408,RGB,55.65625,False,False
VMMRdb,ford_escort_1995/1995 Ford escort_00N0N_9iTdF3QcN6J_600x450.jpg,600,337,RGB,43.98046875,False,False
VMMRdb,ford_mustang_1996/00g0g_76819PYddW1_600x450.jpg,600,359,RGB,49.3408203125,False,False
VMMRdb,mercury_mountaineer_2004/2004 mercury mountaineer_00D0D_7DK56uoTYoM_600x450.jpg,600,335,RGB,36.1787109375,False,False
VMMRdb,jeep_compass_2008/jeep_compass_2008_1.jpg,476,356,RGB,55.701171875,False,False
VMMRdb,ford_mustang_1997/00t0t_7JJMgZEWHWe_600x450.jpg,600,450,RGB,59.8564453125,False,False
VMMRdb,mini_cooper_2009/2009 MINI COOPER_00505_eH29i8W8RAz_600x450.jpg,600,449,RGB,42.916015625,False,False
VMMRdb,mini_austin_1975/1972 AUSTIN MINI COOPER_00G0G_en6o0pwHCer_600x450.jpg,600,337,RGB,40.8037109375,False,False
VMMRdb,mercedes benz_e320_1998/mercedes_e320_1998_19.jpg,444,332,RGB,51.4541015625,False,False
VMMRdb,ford_focus_2012/ford_focus_2012_13.jpg,508,380,RGB,42.923828125,False,False
VMMRdb,chrysler_town&country_2002/2002 Chrysler Town and Country_00101_bSV1NwLKhWh_600x450.jpg,600,337,RGB,33.0927734375,False,False
VMMRdb,audi_tt_2008/2008 Audi TT Coupe Quattro 3.2 V6_00R0R_dnnIiZWZdYp_600x450.jpg,600,399,RGB,29.484375,False,False
VMMRdb,subaru_impreza_2009/subaru_impreza_2009_6.jpg,588,440,RGB,59.171875,False,False
VMMRdb,chevrolet_cruze_2014/2014 2014 CHEVY CRUZE LT TURBO_00q0q_gtUJnrSEqwT_600x450.jpg,600,337,RGB,37.2998046875,False,False
VMMRdb,subaru_outback_2003/00F0F_6ELVuJ1iyxq_600x450.jpg,400,300,RGB,30.7568359375,False,False
VMMRdb,dodge_charger_2007/dodge_charger_2007_70.jpg,588,372,RGB,62.0712890625,False,False
VMMRdb,pontiac_g6_2016/2016 Pontiac G6 GT_00202_dnyJAiQCUJY_600x450.jpg,600,378,RGB,46.7451171875,False,False
VMMRdb,ford_e250_2013/2013 Ford Econoline CONVERSION E250_01717_aMFX0izPd2K_600x450.jpg,600,450,RGB,50.3486328125,False,False
VMMRdb,ford_taurus_2004/ford_taurus_2004_119.jpg,312,236,RGB,31.330078125,False,False
VMMRdb,nissan_murano_2007/2007 nissan murano_00I0I_2x6ui36ffSC_600x450.jpg,600,450,RGB,49.197265625,False,False
VMMRdb,infiniti_g35_2006/00J0J_3Xu6nkr0N1Z_600x450.jpg,600,450,RGB,30.9296875,False,False
VMMRdb,bmw_x5_2002/bmw_x5_2002_17.jpg,600,450,RGB,81.59375,False,False
VMMRdb,mitsubishi_3000gt_1992/1992 mitsubishi 3000 GT VR4_00z0z_5YOUsgvaIzz_600x450.jpg,337,450,RGB,20.5458984375,False,False
VMMRdb,nissan_quest_2007/2007 Nissan  quest_00r0r_5Qfz3OUmO6I_600x450.jpg,600,337,RGB,39.984375,False,False
VMMRdb,dodge_grand caravan_1992/1992 dodge caravan_01010_emJgzHCRTRW_600x450.jpg,253,450,RGB,20.8876953125,False,False
VMMRdb,toyota_sequoia_2001/00T0T_5c3xzDBAK8M_600x450.jpg,481,360,RGB,22.85546875,False,False
VMMRdb,chevrolet_silverado_1994/chevrolet_2500_1994_4.jpg,292,220,RGB,27.71875,False,False
VMMRdb,hyundai_veracruz_2007/2007 Hyundai veracruz_00p0p_1Z5SZjdfrLQ_600x450.jpg,600,337,RGB,27.6552734375,False,False
VMMRdb,dodge_stratus_2004/dodge_stratus_2004_34.jpg,256,192,RGB,13.4794921875,False,False
VMMRdb,hyundai_entourage_2007/01616_4So98Jlt26V_600x450.jpg,337,450,RGB,28.0751953125,False,False
VMMRdb,chevrolet_impala_2013/2013 Chevy Imapala_00M0M_bhTutScbeYH_600x450.jpg,600,450,RGB,34.60546875,False,False
VMMRdb,nissan_altima_2004/00U0U_3IF57keArDJ_600x450.jpg,481,360,RGB,32.9833984375,False,False
VMMRdb,acura_cl_1999/acura_cl_1999_3.jpg,256,192,RGB,14.0615234375,False,False
VMMRdb,chrysler_town&country_2003/chrysler_towncountry_2003_109.jpg,476,356,RGB,54.5390625,False,False
VMMRdb,chevrolet_cavalier_2004/2004 Chevy cavalier_00C0C_9NJXaqr0ULw_600x450.jpg,337,450,RGB,20.787109375,False,False
VMMRdb,chevrolet_suburban_2000/chevrolet_suburban1500_2000_1.jpg,476,356,RGB,67.51953125,False,False
VMMRdb,jeep_wrangler_2008/2008 Jeep Wrangler_00O0O_2s4ETJ5Gq87_600x450.jpg,600,337,RGB,42.0517578125,False,False
VMMRdb,cadillac_escalade_2004/cadillac_escalade_2004_6.jpg,388,288,RGB,28.4208984375,False,False
VMMRdb,dodge_intrepid_2000/dodge_intrepid_2000_25.jpg,332,252,RGB,29.7021484375,False,False
VMMRdb,dodge_avenger_2010/2010 Dodge Avenger_01515_lwn1xvEyB2X_600x450.jpg,450,450,RGB,30.716796875,False,False
VMMRdb,smart_fortwo_2011/2011 smart for two_00707_lSYIZ8hxC1T_600x450.jpg,600,400,RGB,38.310546875,False,False
VMMRdb,volkswagen_passat_2006/00T0T_7kgM7Ra9FYM_600x450.jpg,600,450,RGB,39.828125,False,False
VMMRdb,volkswagen_beetle_2001/volkswagen_beetle_2001_31.jpg,272,204,RGB,13.080078125,False,False
VMMRdb,cadillac_deville_1995/1995 Cadillac deville_00404_hMqRe5wEm2v_600x450.jpg,600,450,RGB,38.1591796875,False,False
VMMRdb,ford_fusion_2012/ford_fusion_2012_17.jpg,312,236,RGB,27.451171875,False,False
VMMRdb,chevrolet_impala_1995/00909_kMSR2IvcSef_600x450.jpg,600,281,RGB,39.3681640625,False,False
VMMRdb,mazda_tribute_2003/mazda_tribute_2003_33.jpg,476,356,RGB,57.91015625,False,False
VMMRdb,lexus_sc400_1994/lexus_sc400_1994_3.jpg,360,268,RGB,25.9091796875,False,False
VMMRdb,honda_civic_1993/honda_civic_1993_93.jpg,588,440,RGB,89.3046875,False,False
VMMRdb,honda_civic_2003/honda_civic_2003_21.jpg,272,204,RGB,26.373046875,False,False
VMMRdb,toyota_prius_2004/toyota_prius_2004_10.jpg,588,440,RGB,63.208984375,False,False
VMMRdb,honda_s2000_2003/00000_lfe9QMWtMoB_600x450.jpg,600,450,RGB,52.03515625,False,False
VMMRdb,honda_cr-v_2004/honda_crv_2004_33.jpg,548,408,RGB,65.72265625,False,False
VMMRdb,ford_thunderbird_1990/1990 ford thunderbird_00707_eRpKVF5gaei_600x450.jpg,600,450,RGB,45.6474609375,False,False
VMMRdb,chevrolet_s10_2001/2001 Chevrolet S10 Blazer_00y0y_4uVQ6gypFpv_600x450.jpg,600,360,RGB,23.0263671875,False,False
VMMRdb,chevrolet_cobalt_2007/chevrolet_cobalt_2007_57.jpg,412,308,RGB,48.0673828125,False,False
VMMRdb,nissan_altima_2003/nissan_altima_2003_213.jpg,548,408,RGB,56.6845703125,False,False
VMMRdb,honda_civic_1999/1999 honda civic_01111_b2TV2DNXztr_600x450.jpg,600,337,RGB,46.6455078125,False,False
VMMRdb,toyota_highlander_2006/00303_1kguhCR2a4W_600x450.jpg,600,450,RGB,25.6630859375,False,False
VMMRdb,dodge_stratus_2002/2002 Dodge strataus_00U0U_aP2fcZGL42q_600x450.jpg,600,337,RGB,35.84375,False,False
VMMRdb,pontiac_grandprix_2006/2006 pontiac grand prix_00X0X_eHbjRbrXWo4_600x450.jpg,600,450,RGB,57.2724609375,False,False
VMMRdb,mitsubishi_eclipse_2000/mitsubishi_eclipse_2000_89.jpg,444,332,RGB,43.955078125,False,False
VMMRdb,jeep_wrangler_1989/1989 Jeep Wrangler_00000_6mlCdL6bE2R_600x450.jpg,253,450,RGB,26.3427734375,False,False
VMMRdb,oldsmobile_eightyeight_1970/1970 oldsmobile eighty-eight_00o0o_5gnScTmxgHv_600x450.jpg,600,337,RGB,43.0859375,False,False
VMMRdb,dodge_grand caravan_2001/dodge_grandcaravan_2001_44.jpg,588,440,RGB,61.79296875,False,False
VMMRdb,chrysler_pt cruiser_2006/2006 chrysler pt cruiser_01111_31bKN5SzCwV_600x450.jpg,600,450,RGB,52.369140625,False,False
VMMRdb,lexus_is300_2001/2001 lexus is300_00303_fs4xXcKWfmR_600x450.jpg,600,450,RGB,43.728515625,False,False
VMMRdb,suzuki_forenza_2008/suzuki_forenza_2008_10.jpg,588,440,RGB,44.9072265625,False,False
VMMRdb,ford_ranchero_1962/1962 Ford Ranchero_00v0v_kEOYWPj0xCF_600x450.jpg,600,450,RGB,33.3876953125,False,False
VMMRdb,mercedes benz_e350_2010/mercedes_e350_2010_14.jpg,548,408,RGB,63.48828125,False,False
VMMRdb,volvo_850_wagon_1997/volvo_850wagon_1997_5.jpg,548,408,RGB,60.4443359375,False,False
VMMRdb,pontiac_vibe_2006/pontiac_vibe_2006_24.jpg,360,268,RGB,36.208984375,False,False
VMMRdb,volvo_s60_2007/00I0I_8XSAVCyoOke_600x450.jpg,337,450,RGB,18.666015625,False,False
VMMRdb,gmc_jimmy_2000/2000 GMC Jimmy_00808_7Fy637iHpK3_600x450.jpg,450,450,RGB,31.048828125,False,False
VMMRdb,honda_odyssey_2005/honda_odyssey_2005_85.jpg,388,288,RGB,38.474609375,False,False
VMMRdb,chevrolet_c-k3500_1999/1999 Chevy C3500_01515_cltHiaaQx8o_600x450.jpg,600,450,RGB,34.5322265625,False,False
VMMRdb,pontiac_bonneville_2002/pontiac_bonneville_2002_29.jpg,588,440,RGB,71.9658203125,False,False
VMMRdb,honda_accord_1998/00V0V_8V8PujfXUIP_600x450.jpg,600,450,RGB,36.8515625,False,False
VMMRdb,toyota_camry_2007/2007 Toyota camry_00H0H_6g5afdCz7u4_600x450.jpg,600,448,RGB,51.1201171875,False,False
VMMRdb,mercedes benz_ml320_1998/mercedes_ml320_1998_1.jpg,588,440,RGB,77.7919921875,False,False
VMMRdb,ford_f250_1996/ford_f250_1996_20.jpg,476,356,RGB,54.15625,False,False
VMMRdb,chrysler_town&country_2004/chrysler_towncountry_2004_39.jpg,292,220,RGB,19.3369140625,False,False
VMMRdb,chevrolet_impala_1966/1966 chevrolet impala_00p0p_e5KJxPHsXrN_600x450.jpg,600,337,RGB,43.7158203125,False,False
VMMRdb,chevrolet_silverado_1998/chevrolet_silverado_1998_11.jpg,312,236,RGB,25.30078125,False,False
VMMRdb,nissan_maxima_2002/nissan_maxima_2002_32.jpg,508,380,RGB,52.5478515625,False,False
VMMRdb,mitsubishi_eclipse_2003/mitsubishi_eclipse_2003_49.jpg,332,252,RGB,34.0224609375,False,False
VMMRdb,volvo_670_2008/2008 Volvo 670_00V0V_faRFKglerMy_600x450.jpg,600,450,RGB,51.1171875,False,False
VMMRdb,toyota_corolla_2012/toyota_corolla_2012_24.jpg,312,236,RGB,28.322265625,False,False
VMMRdb,nissan_maxima_2007/2007 maxima_00m0m_dGJr1guVJT0_600x450.jpg,512,450,RGB,47.6337890625,False,False
VMMRdb,mini_cooper_2007/2007 Mini Cooper_00p0p_cCthf1ulW2r_600x450.jpg,600,450,RGB,29.3134765625,False,False
VMMRdb,toyota_corolla_1999/toyota_corolla_1999_30.jpg,256,192,RGB,13.1376953125,False,False
VMMRdb,kia_sedona_2003/2003 kia sedona_00Y0Y_bSL4Z7lqcGC_600x450.jpg,600,418,RGB,36.9716796875,False,False
VMMRdb,ford_excursion_2001/ford_excursion_2001_10.jpg,548,408,RGB,88.421875,False,False
VMMRdb,mazda_mpv_2006/mazda_mpv_2006_12.jpg,388,288,RGB,37.6083984375,False,False
VMMRdb,hyundai_azera_2014/2014 Hyundai Azera_B1A5EKMPKlS._UY560_.png,747,560,RGB,40.0703125,False,False
VMMRdb,chevrolet_camaro_2000/2000 Chevrolet Camaro_01313_jCtk1FuA7uf_600x450.jpg,335,450,RGB,33.783203125,False,False
VMMRdb,volkswagen_passat_2006/00J0J_2dIAYUENidg_600x450.jpg,600,450,RGB,29.4775390625,False,False
VMMRdb,honda_civic_coupe_2008/2008 Honda Civic si_00w0w_9wI0K7yoVUo_600x450.jpg,600,450,RGB,29.43359375,False,False
VMMRdb,chrysler_300_2007/chrysler_300_2007_21.jpg,444,332,RGB,60.8974609375,False,False
VMMRdb,ford_mustang_gt_convertible_1994/1994 Ford Mustang GT Convertible_00w0w_RIq5ruXwx8_600x450.jpg,337,450,RGB,19.5625,False,False
VMMRdb,ford_mustang_1985/00q0q_cgCGL2Xj4oC_600x450.jpg,600,450,RGB,41.734375,False,False
VMMRdb,chevrolet_hhr_2007/00c0c_i9IfuVLJnYH_600x450.jpg,337,450,RGB,32.7138671875,False,False
VMMRdb,ford_f150_2005/2005 Ford f150_00z0z_jzftzPSnGvn_600x450.jpg,600,450,RGB,53.0029296875,False,False
VMMRdb,jeep_wrangler_1998/1998 Jeep wrangler_00f0f_f0y78sTXEag_600x450.jpg,338,450,RGB,33.203125,False,False
VMMRdb,pontiac_transam_1999/1999 pontiac trans am_00N0N_kELuh3ez5ft_600x450.jpg,600,337,RGB,33.4453125,False,False
VMMRdb,mazda_millenia_2002/mazda_millenia_2002_9.jpg,588,440,RGB,69.28515625,False,False
VMMRdb,bmw_525i_2007/bmw_525_2007_1.jpg,548,392,RGB,74.248046875,False,False
VMMRdb,honda_accord_2013/2013 Honda Accord EX-L V6_00j0j_5sF3A18VPYK_600x450.jpg,600,450,RGB,28.04296875,False,False
VMMRdb,cadillac_cts_2006/00S0S_7hW8vm09Zu3_600x450.jpg,600,450,RGB,33.3291015625,False,False
VMMRdb,nissan_xterra_2001/nissan_xterra_2001_69.jpg,588,440,RGB,78.439453125,False,False
VMMRdb,ford_freestyle_2006/2006 Ford Freestyle_00f0f_b8KDIoQU2XT_600x450.jpg,600,450,RGB,45.3134765625,False,False
VMMRdb,nissan_maxima_1998/00Z0Z_gllktafMFQJ_600x450.jpg,600,450,RGB,37.8623046875,False,False
VMMRdb,volkswagen_passat_2005/2005 Volkwagen passat_00v0v_ai7hJIS89eE_600x450.jpg,600,337,RGB,33.345703125,False,False
VMMRdb,lincoln_navigator_1998/00z0z_4MAMIgcWAYv_600x450.jpg,600,450,RGB,39.1220703125,False,False
VMMRdb,toyota_camry_2000/2000 toyota camry_00h0h_dDfEDBF8NBz_600x450.jpg,600,450,RGB,47.4892578125,False,False
VMMRdb,honda_civic_coupe_1999/1999 Honda Civic Si_00U0U_9xOxkqBqFDP_600x450.jpg,450,450,RGB,28.4462890625,False,False
VMMRdb,jeep_cj5_1978/1978 Jeep CJ5_00v0v_eHEWLXhB81C_600x450.jpg,600,450,RGB,51.896484375,False,False
VMMRdb,dodge_journey_2010/2010 Dodge Journey_01515_gzse1lXq5Na_600x450.jpg,600,446,RGB,32.2216796875,False,False
VMMRdb,ford_focus_2012/ford_focus_2012_69.jpg,548,408,RGB,46.1015625,False,False
VMMRdb,bmw_x5_2003/00909_gkUzkHUPVVd_600x450.jpg,600,450,RGB,30.8173828125,False,False
VMMRdb,mazda_b2000_1986/1986 Mazda B2000_00606_4RIP0H6SLZ3_600x450.jpg,600,337,RGB,32.5390625,False,False
VMMRdb,bmw_745i_2002/bmw_745i_2002_3.jpg,412,308,RGB,42.8623046875,False,False
VMMRdb,volvo_670_2008/2008 Volvo 670_00V0V_jtmvzbzVAdM_600x450.jpg,337,450,RGB,29.3779296875,False,False
VMMRdb,toyota_camry_se_2015/2015 toyota camry SE_00r0r_a6ZRIXv5zhw_600x450.jpg,600,450,RGB,40.6708984375,False,False
VMMRdb,mini_cooper_2005/mini_cooper_2005_30.jpg,588,440,RGB,61.986328125,False,False
VMMRdb,chevrolet_malibu_2001/chevrolet_malibu_2001_36.jpg,412,308,RGB,37.009765625,False,False
VMMRdb,bmw_530i_2002/bmw_530i_2002_33.jpg,548,408,RGB,54.37890625,False,False
VMMRdb,toyota_4runner_2003/2003 toyota 4runner_00F0F_jIfoiyUgEKV_600x450.jpg,600,337,RGB,24.5400390625,False,False
VMMRdb,suzuki_forenza_2006/00F0F_6KoFCTbf07h_600x450.jpg,600,450,RGB,45.2353515625,False,False
VMMRdb,porsche_boxster_2003/porsche_boxster_2003_0.jpg,336,252,RGB,24.3427734375,False,False
VMMRdb,chevrolet_suburban_2002/2002 CHEVY SUBURBAN_00W0W_bfrJdyQgFOs_600x450.jpg,600,450,RGB,48.2001953125,False,False
VMMRdb,audi_s6_2008/01010_5b29fa1zTRW_600x450.jpg,600,450,RGB,45.021484375,False,False
VMMRdb,volkswagen_beetle_2000/volkswagen_beetle_2000_32.jpg,412,308,RGB,46.537109375,False,False
VMMRdb,ford_taurus_2001/00Z0Z_iTHiwOanMKP_600x450.jpg,600,338,RGB,31.5166015625,False,False
VMMRdb,pontiac_g6_2008/2008 pontiac g6_00E0E_aflhcomZeY9_600x450.jpg,600,337,RGB,46.6337890625,False,False
VMMRdb,jaguar_x-type_2002/jaguar_xtype_2002_35.jpg,476,356,RGB,65.79296875,False,False
VMMRdb,chevrolet_suburban_1962/chevrolet_suburban_1962_0.jpg,548,408,RGB,90.03125,False,False
VMMRdb,infiniti_q45_2001/2001 Infiniti Q45_00000_1DfTzUiRlIQ_600x450.jpg,600,337,RGB,35.55078125,False,False
VMMRdb,honda_accord_1991/honda_accord_1991_3.jpg,360,268,RGB,39.7060546875,False,False
VMMRdb,chevrolet_blazer_1987/chevrolet_k5blazer_1987_0.jpg,312,236,RGB,31.419921875,False,False
VMMRdb,acura_integra_1991/acura_integra_1991_11.jpg,388,288,RGB,29.3046875,False,False
VMMRdb,ford_f250_1994/ford_f250_1994_25.jpg,412,308,RGB,45.6416015625,False,False
VMMRdb,toyota_corolla_2011/2011 Toyota Corolla_00u0u_dT4bzi43XrY_600x450.jpg,600,450,RGB,35.830078125,False,False
VMMRdb,chevrolet_venture_2002/chevrolet_venture_2002_67.jpg,444,332,RGB,74.736328125,False,False
VMMRdb,dodge_avenger_2012/2012 Dodge Avenger_71KIy6HcJoL._UY560_.jpg,1225,560,RGB,66.8681640625,False,False
VMMRdb,scion_xb_2005/2005 Scion xb_01616_g5X0t8oYcJ4_600x450.jpg,337,450,RGB,26.7373046875,False,False
VMMRdb,buick_lacrosse_2007/2007 Buick lacrosse_01414_4RaNFr9RkZ1_600x450.jpg,600,360,RGB,30.4013671875,False,False
VMMRdb,honda_civic_hatchback_1988/00N0N_cCvTMN7X9ju_600x450.jpg,600,450,RGB,49.9287109375,False,False
VMMRdb,fiat_doblo_2011/2011 Fiat Doblo_00c0c_1cFCifiF9sP_600x450.jpg,600,337,RGB,27.744140625,False,False
VMMRdb,ford_f150_2007/2007 FORD F150_00s0s_eC5INOan3tj_600x450.jpg,247,450,RGB,26.06640625,False,False
VMMRdb,mitsubishi_3000gt_1995/mitsubishi_3000gt_1995_21.jpg,312,236,RGB,29.185546875,False,False
VMMRdb,subaru_legacy_2001/00r0r_kW4hVlt5dcS_600x450.jpg,600,337,RGB,26.962890625,False,False
VMMRdb,dodge_stealth_1994/dodge_stealth_1994_4.jpg,476,356,RGB,50.482421875,False,False
VMMRdb,toyota_4runner_1999/1999 Toyota 4runnee_00J0J_Qq89leEHKF_600x450.jpg,600,450,RGB,33.6943359375,False,False
VMMRdb,kia_rio_2010/2010 Kia Rio_B1bizaS-S3S._UY560_.png,837,560,RGB,53.5556640625,False,False
VMMRdb,toyota_sienna_2000/2000 toyota sienna_00G0G_hJtqu9dWTY6_600x450.jpg,600,337,RGB,38.8720703125,False,False
VMMRdb,oldsmobile_silhouette_2004/oldsmobile_silhouette_2004_8.jpg,588,440,RGB,60.912109375,False,False
VMMRdb,buick_electra_1968/1968 Buick Electra 225_00k0k_cOVIHeDWqZR_600x450.jpg,600,337,RGB,25.3955078125,False,False
VMMRdb,ford_fusion_2008/2008 ford fusion_00Y0Y_3c2ytug4L34_600x450.jpg,600,337,RGB,30.8876953125,False,False
VMMRdb,"ford_f250_1999/1999 F-250, Crewcab_00w0w_ho72IIbiOfh_600x450.jpg",337,450,RGB,27.7509765625,False,False
VMMRdb,mercedes benz_clk500_2006/mercedes_clk500_2006_0.jpg,588,440,RGB,53.5146484375,False,False
VMMRdb,pontiac_g6_2005/00E0E_hf4szi9eyFo_600x450.jpg,336,450,RGB,26.470703125,False,False
VMMRdb,kia_sephia_2001/kia_sephia_2001_8.jpg,548,408,RGB,52.4462890625,False,False
VMMRdb,chevrolet_equinox_2012/chevrolet_equinox_2012_9.jpg,588,440,RGB,66.6640625,False,False
VMMRdb,chevrolet_tahoe_1995/00h0h_3ZdDN5EDvzM_600x450.jpg,600,450,RGB,45.369140625,False,False
VMMRdb,gmc_yukon_1500_2002/2002 gmc 1500 yukon denali xl_00K0K_8Ne0oYFKce8_600x450.jpg,600,450,RGB,51.3017578125,False,False
VMMRdb,toyota_corolla_2006/2006 toyota corolla_00c0c_8coTYW1XaOM_600x450.jpg,337,450,RGB,28.2880859375,False,False
VMMRdb,mercedes benz_s320_1996/mercedes_s320_1996_6.jpg,508,380,RGB,52.7138671875,False,False
VMMRdb,nissan_armada_2009/2009 NISSAN ARMADA_00d0d_gidvXsEM4C8_600x450.jpg,600,450,RGB,31.931640625,False,False
VMMRdb,toyota_rav4_2007/toyota_rav4_2007_8.jpg,476,356,RGB,61.2294921875,False,False
VMMRdb,honda_accord_2000/2000 honda accord 4-door sedan_00b0b_9bHD1V4H4q8_600x450.jpg,600,450,RGB,44.962890625,False,False
VMMRdb,ford_taurus_2001/00C0C_8p367MeJ2qo_600x450.jpg,337,450,RGB,22.3935546875,False,False
VMMRdb,nissan_maxima_2001/00808_53Wa5w3W7MK_600x450.jpg,600,450,RGB,38.619140625,False,False
VMMRdb,chrysler_pacifica_2005/2005 Chrysler Pacifica_00K0K_9c0bRv4COnQ_600x450.jpg,337,450,RGB,32.49609375,False,False
VMMRdb,nissan_altima_2002/2002 nissan altima_01616_9RMVmYGgk9n_600x450.jpg,273,450,RGB,20.740234375,False,False
VMMRdb,ford_explorer_1996/00Y0Y_fMW6fqTwzRC_600x450.jpg,600,448,RGB,41.84375,False,False
VMMRdb,mitsubishi_lancer_2004/2004 Mitsubishi Lancer_00L0L_2ItEmSDTql7_600x450.jpg,600,450,RGB,41.1328125,False,False
VMMRdb,ford_bronco_1989/ford_bronco_1989_6.jpg,388,288,RGB,38.0947265625,False,False
VMMRdb,audi_tt_2013/2013 audi tt coupe quattro_00N0N_2xvhAnBPP0s_600x450.jpg,600,445,RGB,58.30859375,False,False
VMMRdb,nissan_altima_2006/00w0w_nzF7Wqo5jh_600x450.jpg,600,339,RGB,26.11328125,False,False
VMMRdb,chevrolet_suburban_1986/chevrolet_v1500suburban_1986_0.jpg,588,440,RGB,96.970703125,False,False
VMMRdb,toyota_highlander_2014/2014 Toyota Highlander_B1pCDSSWVyS._UY560_.png,882,560,RGB,57.96875,False,False
VMMRdb,lexus_is250_2009/lexus_is250_2009_16.jpg,548,408,RGB,71.951171875,False,False
VMMRdb,honda_accord_2 door_2003/2003 Honda Accord EX_00B0B_e0r1XS6waYX_600x450.jpg,600,450,RGB,48.9462890625,False,False
VMMRdb,porsche_boxster_1998/1998 PORSCHE BOXSTER_00G0G_RWJcD96ToV_600x450.jpg,600,399,RGB,29.9111328125,False,False
VMMRdb,jeep_commander_2008/jeep_commander_2008_6.jpg,476,332,RGB,42.3046875,False,False
VMMRdb,ford_mustang_2000/ford_mustang_2000_169.jpg,412,308,RGB,31.416015625,False,False
VMMRdb,honda_civic_1998/honda_civic_1998_210.jpg,548,408,RGB,55.591796875,False,False
VMMRdb,bmw_528i_1998/bmw_528i_1998_15.jpg,548,396,RGB,65.6416015625,False,False
VMMRdb,chevrolet_trailblazer_2004/chevrolet_trailblazer_2004_133.jpg,548,408,RGB,69.5419921875,False,False
VMMRdb,chevrolet_hhr_2011/chevrolet_hhr_2011_24.jpg,412,308,RGB,34.1884765625,False,False
VMMRdb,chevrolet_silverado_1998/chevrolet_silverado_1998_32.jpg,508,380,RGB,52.443359375,False,False
VMMRdb,pontiac_sunfire_2005/pontiac_sunfire_2005_17.jpg,508,380,RGB,41.1748046875,False,False
VMMRdb,ford_expedition_1998/ford_expedition_1998_91.jpg,548,408,RGB,71.615234375,False,False
VMMRdb,honda_civic_1992/1992 honda civic dx_00s0s_hrPcDkmGkAJ_600x450.jpg,600,450,RGB,41.8095703125,False,False
VMMRdb,cadillac_eldorado_1988/cadillac_eldorado_1988_2.jpg,412,308,RGB,50.908203125,False,False
VMMRdb,dodge_neon_1999/dodge_neon_1999_14.jpg,412,308,RGB,35.90234375,False,False
VMMRdb,ford_taurus_2006/2006 ford taurus_00202_6YlPAymW7h_600x450.jpg,600,450,RGB,40.392578125,False,False
VMMRdb,bmw_335i_2015/2015 BMW 335i xDrive_A1ptfQ2K7yL._UY560_.png,1112,560,RGB,67.0439453125,False,True
VMMRdb,ford_mustang_1999/ford_mustang_1999_95.jpg,588,440,RGB,75.4873046875,False,False
VMMRdb,mercedes benz_e350_2007/mercedes_e350_2007_12.jpg,292,220,RGB,27.478515625,False,False
VMMRdb,mercedes benz_ml320_1999/mercedes_ml320_1999_6.jpg,548,408,RGB,50.1318359375,False,False
VMMRdb,ford_f150_1985/1985 Ford F150_00R0R_1LoGM0hrUOQ_600x450.jpg,600,450,RGB,36.9892578125,False,False
VMMRdb,honda_accord_2010/2010 Honda Accord_00p0p_lCyOtx8GPPN_600x450.jpg,337,450,RGB,18.951171875,False,False
VMMRdb,nissan_maxima_2001/00505_3DyykKhmEUr_600x450.jpg,600,338,RGB,34.1982421875,False,False
VMMRdb,chrysler_pacifica_2005/2005 chrysler pacifica_00t0t_jpYUKEA237p_600x450.jpg,600,450,RGB,59.7900390625,False,False
VMMRdb,toyota_camry_se_2002/2002 Toyota Camry SE_00j0j_eFeGa4ifaRk_600x450.jpg,600,400,RGB,46.3349609375,False,False
VMMRdb,chevrolet_camaro_2011/chevrolet_camaro_2011_35.jpg,360,268,RGB,34.3740234375,False,False
VMMRdb,chevrolet_s10_2000/2000 CHEVROLET S-10_01717_2eAlbDy8CVi_600x450.jpg,600,450,RGB,41.0546875,False,False
VMMRdb,ford_mustang_2000/00l0l_8PFvFao32wS_600x450.jpg,600,400,RGB,27.837890625,False,False
VMMRdb,honda_civic_2002/honda_civic_2002_167.jpg,248,192,RGB,15.5869140625,False,False
VMMRdb,dodge_ram_1500_2003/2003 Dodge Ram 1500_01616_gVQiO1vKDXe_600x450.jpg,600,450,RGB,38.73828125,False,False
VMMRdb,dodge_durango_2000/dodge_durango_2000_10.jpg,600,450,RGB,67.2685546875,False,False
VMMRdb,honda_civic_1999/honda_civic_1999_194.jpg,292,220,RGB,29.4970703125,False,False
VMMRdb,hyundai_tiburon_2000/hyundai_tiburoncoupe_2000_5.jpg,332,252,RGB,30.4423828125,False,False
VMMRdb,chrysler_town&country_2006/chrysler_towncountry_2006_64.jpg,508,380,RGB,50.0615234375,False,False
VMMRdb,gmc_sierra_1500_1993/gmc_sierra_1993_9.jpg,412,308,RGB,39.5185546875,False,False
VMMRdb,nissan_altima_2002/2002 nissan altima_00I0I_fUS2OE9JZek_600x450.jpg,600,450,RGB,41.4833984375,False,False
VMMRdb,buick_riviera_1994/1994 Buick Riviera_00u0u_4WwPFP0S8Rc_600x450.jpg,338,450,RGB,13.08203125,False,False
VMMRdb,cadillac_deville_2000/cadillac_deville_2000_25.jpg,476,356,RGB,46.7568359375,False,False
VMMRdb,dodge_challenger_2009/dodge_challenger_2009_11.jpg,476,356,RGB,54.2177734375,False,False
VMMRdb,porsche_928_1985/porsche_928_1985_1.jpg,272,204,RGB,16.5693359375,False,False
VMMRdb,kia_sorento_2005/2005 Kia Sorento_00S0S_inYKUpGC3yS_600x450.jpg,600,450,RGB,37.720703125,False,False
VMMRdb,toyota_camry_1997/toyota_camry_1997_36.jpg,548,408,RGB,43.23828125,False,False
VMMRdb,toyota_corolla_2015/2015 toyota corolla_00w0w_8CbnZ3ARsUt_600x450.jpg,600,337,RGB,31.892578125,False,False
VMMRdb,honda_cr-v_2000/honda_crv_2000_62.jpg,548,408,RGB,67.7109375,False,False
VMMRdb,hyundai_accent_2007/2007 Hyundai Accent_00A0A_itAJizdiHod_600x450.jpg,600,337,RGB,21.2021484375,False,False
VMMRdb,chevrolet_blazer_2000/2000 Chevy Blazer_00909_7qM8dtN1AqW_600x450.jpg,600,337,RGB,34.912109375,False,False
VMMRdb,audi_a5_2011/01616_2gUI9nexYgj_600x450.jpg,600,450,RGB,33.353515625,False,False
VMMRdb,lincoln_mkx_2008/2008 Lincoln MKX_00W0W_6s1yh8gkbCQ_600x450.jpg,600,338,RGB,35.5166015625,False,False
VMMRdb,hyundai_elantra_2009/2009 Hyundai Elantra 2009_00c0c_eehzFc2Q4oP_600x450.jpg,600,449,RGB,43.521484375,False,False
VMMRdb,ford_f150_1999/ford_f150_1999_22.jpg,336,252,RGB,18.3916015625,False,False
VMMRdb,mercedes benz_cl600_2005/mercedes_cl600_2005_1.jpg,548,408,RGB,58.26171875,False,False
VMMRdb,toyota_camry_2001/toyota_camry_2001_136.jpg,312,236,RGB,32.5400390625,False,False
VMMRdb,dodge_dakota_2001/2001 Dodge Dakota_00r0r_hWG9Tuttjz5_600x450.jpg,600,450,RGB,38.80859375,False,False
VMMRdb,ford_f150_1996/ford_f150_1996_30.jpg,332,252,RGB,29.013671875,False,False
VMMRdb,kia_rio_2003/2003 kia rio_00808_l6qHyR8Ghen_600x450.jpg,600,337,RGB,45.171875,False,False
VMMRdb,infiniti_g35_2007/2007 Infiniti g35_00202_7BY8yYHU1IT_600x450.jpg,600,450,RGB,41.0986328125,False,False
VMMRdb,bmw_325ci_2002/2002 BMW 325ci_00101_6dqL4xOb3ll_600x450.jpg,600,450,RGB,41.6220703125,False,False
VMMRdb,toyota_rav4_2002/toyota_rav4_2002_37.jpg,548,408,RGB,62.0283203125,False,False
VMMRdb,saturn_vue_2003/saturn_vue_2003_73.jpg,588,440,RGB,51.783203125,False,False
VMMRdb,lexus_sc400_1993/lexus_sc400_1993_3.jpg,388,288,RGB,30.234375,False,False
VMMRdb,chevrolet_silverado_2002/chevrolet_silverado2500_2002_3.jpg,360,268,RGB,29.267578125,False,False
VMMRdb,chevrolet_tahoe_2001/2001 Chevy Tahoe_00Q0Q_7xwP50Kv2yV_600x450.jpg,600,337,RGB,39.828125,False,False
VMMRdb,ford_fusion_2012/2012 ford fusion_01212_4cuojcY0ag2_600x450.jpg,600,450,RGB,57.2158203125,False,False
VMMRdb,dodge_durango_2003/00M0M_iUWtgYJFoyL_600x450.jpg,600,450,RGB,45.615234375,False,False
VMMRdb,chevrolet_tracker_2000/chevrolet_tracker_2000_6.jpg,312,236,RGB,32.158203125,False,False
VMMRdb,audi_a4_wagon_2004/2004 Audi A4 Wagon_00V0V_71irQDP52wq_600x450.jpg,600,450,RGB,42.3603515625,False,False
VMMRdb,ford_taurus_2005/ford_taurus_2005_60.jpg,548,408,RGB,81.33203125,False,False
VMMRdb,toyota_camry_1998/00S0S_5Tp81dXzA3a_600x450.jpg,600,399,RGB,34.796875,False,False
VMMRdb,nissan_maxima_2003/nissan_maxima_2003_47.jpg,312,236,RGB,32.6015625,False,False
VMMRdb,chevrolet_blazer_1998/chevrolet_blazer_1998_60.jpg,508,380,RGB,46.8173828125,False,False
VMMRdb,jaguar_s-type_2000/jaguar_stype_2000_14.jpg,548,408,RGB,68.9931640625,False,False
VMMRdb,gmc_sonoma_1995/gmc_sonoma_1995_5.jpg,444,332,RGB,55.3779296875,False,False
VMMRdb,ford_expedition_2005/ford_expedition_2005_22.jpg,292,220,RGB,34.060546875,False,False
VMMRdb,plymouth_fury_1964/1964 Plymouth Sport Fury_01010_aJUGZJfM9zy_600x450.jpg,600,399,RGB,51.2822265625,False,False
VMMRdb,audi_a6_2001/01111_jYnMs8ob2is_600x450.jpg,600,450,RGB,42.033203125,False,False
VMMRdb,kia_sportage_2001/kia_sportage_2001_30.jpg,508,380,RGB,37.63671875,False,False
VMMRdb,mazda_3_hatchback_2005/2005 mazda3_00t0t_b7HEcbwZF7D_600x450.jpg,600,337,RGB,35.40234375,False,False
VMMRdb,cadillac_deville_2004/2004 cadillac armored deville_00X0X_3UqxeIDVyjK_600x450.jpg,600,337,RGB,30.3125,False,False
VMMRdb,ford_f150_2013/ford_f150_2013_1.jpg,256,192,RGB,19.455078125,False,False
VMMRdb,ford_explorer_2004/ford_explorer_2004_77.jpg,332,252,RGB,31.330078125,False,False
VMMRdb,honda_civic_1996/1996 Civic_00B0B_1bbboq8AMDf_600x450.jpg,600,337,RGB,29.1123046875,False,False
VMMRdb,nissan_350z_2008/nissan_350z_2008_0.jpg,588,440,RGB,73.4208984375,False,False
VMMRdb,lexus_is250_2009/lexus_is250_2009_13.jpg,548,408,RGB,46.869140625,False,False
VMMRdb,ford_explorer_2002/00c0c_cydoqM5RNox_600x450.jpg,600,450,RGB,51.8115234375,False,False
VMMRdb,chevrolet_c10_1976/1976 Chevrolet C-10_00z0z_jJTJVoTcAIk_600x450.jpg,600,339,RGB,34.9833984375,False,False
VMMRdb,ford_mustang_1966/1966 Ford Mustang_00m0m_h7IQo0wSNgs_600x450.jpg,600,395,RGB,37.9287109375,False,False
VMMRdb,mazda_6_2005/2005 mazda 6_00Z0Z_AVDwDcC25U_600x450.jpg,539,256,RGB,31.4853515625,False,False
VMMRdb,audi_a6_2001/00s0s_4IurvQ9kjVo_600x450.jpg,600,448,RGB,34.4658203125,False,False
VMMRdb,kia_optima_2012/2012 KIA OPTIMA_00u0u_8mJ8ZQdMI2o_600x450.jpg,600,450,RGB,43.439453125,False,False
VMMRdb,nissan_sentra_2001/nissan_sentra_2001_72.jpg,588,440,RGB,57.7587890625,False,False
VMMRdb,smart_fortwo_2013/smart_coupe_2013_2.jpg,548,408,RGB,51.3955078125,False,False
VMMRdb,nissan_350z_2003/00l0l_7vwr5G5BRiS_600x450.jpg,337,450,RGB,17.244140625,False,False
VMMRdb,toyota_camry_1990/00Z0Z_gVFnpbgqnsm_600x450.jpg,600,450,RGB,41.6630859375,False,False
VMMRdb,hyundai_accent_2002/2002 Hyundai Accent_00808_ctecKCNQ7ba_600x450.jpg,600,450,RGB,59.5458984375,False,False
VMMRdb,toyota_tacoma_2003/toyota_tacoma_2003_29.jpg,388,288,RGB,42.5732421875,False,False
VMMRdb,gmc_yukon_1500_2003/00n0n_9qDkhiquakc_600x450.jpg,600,450,RGB,34.5625,False,False
VMMRdb,hyundai_tucson_2012/00r0r_gb2zb26L3qL_600x450.jpg,600,448,RGB,34.556640625,False,False
VMMRdb,ford_f100_1968/1968 Ford F-100 swb step side_00X0X_hPDeMROGSgA_600x450.jpg,600,450,RGB,59.37890625,False,False
VMMRdb,gmc_yukon_1500_2003/2003 gmc 1500 yukon xl_00707_bsDY3dQ1WZT_600x450.jpg,600,450,RGB,53.0673828125,False,False
VMMRdb,saturn_vue_2007/saturn_vue_2007_20.jpg,588,440,RGB,88.056640625,False,False
VMMRdb,honda_civic_2006/00X0X_kpeBuCAY1eY_600x450.jpg,600,448,RGB,41.748046875,False,False
VMMRdb,nissan_maxima_2009/nissan_maxima_2009_10.jpg,476,356,RGB,42.666015625,False,False
VMMRdb,jeep_wrangler_1995/1995 jeep wrangler_00w0w_j1vhtuFvE4M_600x450.jpg,600,337,RGB,35.1318359375,False,False
VMMRdb,toyota_camry_2014/2014 2014 Toyota camry_00A0A_27ZzIWBE73F_600x450.jpg,600,448,RGB,63.822265625,False,False
VMMRdb,dodge_neon_2002/dodge_neon_2002_43.jpg,332,252,RGB,27.13671875,False,False
VMMRdb,honda_civic_1994/honda_civic_1994_97_.jpg,292,220,RGB,23.43359375,False,False
VMMRdb,nissan_maxima_2002/00101_1XJWNhERV9u_600x450.jpg,600,450,RGB,42.26953125,False,False
VMMRdb,chevrolet_silverado_2008/2008 Chevrolet Silverado 2500 HD_00a0a_1ZKDwCCfOTe_600x450.jpg,600,337,RGB,45.439453125,False,False
VMMRdb,kia_sportage_2002/kia_sportage_2002_23.jpg,548,408,RGB,67.1904296875,False,False
VMMRdb,dodge_stratus_2002/2002 Dodge Stratus R_T_00u0u_8O1LDiHTDnc_600x450.jpg,600,337,RGB,32.255859375,False,False
VMMRdb,ford_explorer_2003/ford_explorer_2003_254.jpg,412,308,RGB,30.0419921875,False,False
VMMRdb,honda_civic_2000/00404_d7IZ1ycMS4i_600x450.jpg,600,448,RGB,28.3623046875,False,False
VMMRdb,lincoln_towncar_2003/lincoln_towncar_2003_31.jpg,388,288,RGB,34.546875,False,False
VMMRdb,honda_accord_2006/00J0J_9gKVORo8HbW_600x450.jpg,600,448,RGB,28.697265625,False,False
VMMRdb,toyota_4runner_1999/1999 toyota 4runner_00P0P_5hhGwTApogz_600x450.jpg,600,450,RGB,40.8544921875,False,False
VMMRdb,toyota_sienna_2000/toyota_sienna_2000_54.jpg,360,268,RGB,34.2333984375,False,False
VMMRdb,ford_expedition_2004/ford_expedition_2004_136.jpg,588,440,RGB,62.1357421875,False,False
VMMRdb,acura_rl_1997/acura_rl_1997_7.jpg,332,252,RGB,27.09765625,False,False
VMMRdb,chevrolet_express_2006/2006 Chevy Express 2500_00D0D_awahADkV4Tr_600x450.jpg,600,400,RGB,36.75390625,False,False
VMMRdb,saab_9-5_2004/2004 SAAB 9-5_00s0s_9XGkyDh2eZ8_600x450.jpg,600,450,RGB,58.751953125,False,False
VMMRdb,toyota_camry_1998/00z0z_dkAOS7lB9pH_600x450.jpg,600,337,RGB,24.421875,False,False
VMMRdb,nissan_quest_2001/nissan_quest_2001_5.jpg,476,356,RGB,49.80859375,False,False
VMMRdb,nissan_300zx_1988/nissan_300zx_1988_3.jpg,588,440,RGB,68.4189453125,False,False
VMMRdb,jeep_cherokee_1996/1996 Jeep Cherokee_00B0B_8cgmghCKqSI_600x450.jpg,600,450,RGB,52.240234375,False,False
VMMRdb,volkswagen_bug_1967/volkswagen_bug_1967_3.jpg,588,440,RGB,85.255859375,False,False
VMMRdb,chevrolet_impala_2006/2006 chevy impala_00n0n_k12GI7EbcCk_600x450.jpg,450,450,RGB,26.9990234375,False,False
VMMRdb,volkswagen_passat_wagon_2000/00P0P_iUj73EzqP41_600x450.jpg,600,450,RGB,55.86328125,False,False
VMMRdb,mini_cooper_2005/2005 mini cooper s_01010_8MwPKwyfmcU_600x450.jpg,600,399,RGB,49.4833984375,False,False
VMMRdb,chrysler_300_2005/2005 chrysler 300_00A0A_c9SwRfGyIe9_600x450.jpg,600,450,RGB,48.1484375,False,False
VMMRdb,jeep_cherokee_1994/1994 jeep cherokee_00o0o_5xe2SJNXti0_600x450.jpg,255,450,RGB,22.4736328125,False,False
VMMRdb,buick_lacrosse_2010/2010 BUICK LACROSSE CXL_00N0N_6nK1EuB9tiY_600x450.jpg,600,450,RGB,44.47265625,False,False
VMMRdb,lincoln_towncar_2003/lincoln_towncar_2003_0.jpg,248,192,RGB,17.1796875,False,False
VMMRdb,jeep_grand_cherokee_2001/jeep_grandcherokee_2001_90.jpg,412,308,RGB,43.1181640625,False,False
VMMRdb,toyota_camry_1999/1999 Toyota Camry_00E0E_hbXAdKL7fff_600x450.jpg,600,450,RGB,45.353515625,False,False
VMMRdb,nissan_sentra_2012/nissan_sentra_2012_1.jpg,600,450,RGB,73.5625,False,False
VMMRdb,honda_civic_2007/2007 Honda Civic_01717_1CtrGtkrdgz_600x450.jpg,600,450,RGB,41.2763671875,False,False
VMMRdb,ford_expedition_1998/ford_expedition_1998_124.jpg,412,308,RGB,48.623046875,False,False
VMMRdb,honda_civic_2002/2002 Honda civic_00F0F_i34OJTRTQ24_600x450.jpg,600,337,RGB,36.8955078125,False,False
VMMRdb,honda_accord_2013/2013 HONDA ACCORD_00X0X_gB7ELIDqb06_600x450.jpg,600,450,RGB,32.966796875,False,False
VMMRdb,volkswagen_jetta_2005/volkswagen_jetta_2005_9.jpg,548,408,RGB,52.654296875,False,False
VMMRdb,dodge_grand caravan_2015/2015 dodge grand caravan sxt_00S0S_dDCAxizJoFg_600x450.jpg,600,450,RGB,50.6904296875,False,False
VMMRdb,toyota_4runner_2002/toyota_4runner_2002_29.jpg,444,332,RGB,57.4228515625,False,False
VMMRdb,honda_civic_1998/honda_civic_1998_233.jpg,548,408,RGB,67.4306640625,False,False
VMMRdb,toyota_pickup_1993/1993 Toyota Pickup_00Q0Q_lU5nvElRZNQ_600x450.jpg,557,450,RGB,43.4423828125,False,False
VMMRdb,nissan_maxima_2004/2004 Nissan Maxima_00s0s_c1EuuzQlap8_600x450.jpg,600,337,RGB,40.2509765625,False,False
VMMRdb,kia_sedona_2002/00D0D_jd0eE7lMLxM_600x450.jpg,600,450,RGB,44.3046875,False,False
VMMRdb,dodge_intrepid_1999/dodge_intrepid_1999_17.jpg,336,252,RGB,32.2294921875,False,False
VMMRdb,dodge_ram_2500_2012/dodge_2500_2012_0.jpg,476,356,RGB,49.7509765625,False,False
VMMRdb,jeep_commander_2006/jeep_commander_2006_14.jpg,588,440,RGB,71.89453125,False,False
VMMRdb,toyota_camry_2000/toyota_camry_2000_62.jpg,360,268,RGB,25.5595703125,False,False
VMMRdb,ford_explorer_2004/01616_aHrXshauXrb_600x450.jpg,600,450,RGB,60.73828125,False,False
VMMRdb,lexus_es300_1993/lexus_es300_1993_4.jpg,312,236,RGB,31.7861328125,False,False
VMMRdb,chevrolet_silverado_2003/chevrolet_silverado_2003_51.jpg,412,308,RGB,34.3818359375,False,False
VMMRdb,acura_mdx_2008/2008 Acura MDX_00d0d_hjZS4Ufot1v_600x450.jpg,600,450,RGB,37.18359375,False,False
VMMRdb,infiniti_i35_2002/infiniti_i35_2002_30.jpg,476,356,RGB,65.3359375,False,False
VMMRdb,gmc_acadia_2012/00q0q_fPkBjoJVquF_600x450.jpg,600,450,RGB,39.3671875,False,False
VMMRdb,ford_explorer_2002/ford_explorer_2002_50.jpg,600,450,RGB,80.091796875,False,False
VMMRdb,ford_expedition_2003/ford_expedition_2003_113.jpg,548,408,RGB,60.78125,False,False
VMMRdb,chevrolet_silverado_2002/chevrolet_silverado_2002_13.jpg,312,236,RGB,23.2841796875,False,False
VMMRdb,hyundai_sonata_2000/00H0H_fzlGsWAoftY_600x450.jpg,600,450,RGB,41.0458984375,False,False
VMMRdb,ford_explorer_2002/2002 Ford Explorer XLT_00303_jVBClK3MOT1_600x450.jpg,600,448,RGB,44.5166015625,False,False
VMMRdb,subaru_forester_2000/00B0B_hPlbBwk850_600x450.jpg,600,338,RGB,39.236328125,False,False
VMMRdb,dodge_ram_2500_2006/2006 dodge ram 2500_01717_a4pslya9y7z_600x450.jpg,600,450,RGB,48.28125,False,False
VMMRdb,honda_accord_2000/2000 Honda Accord_00R0R_gGatyfBgiFn_600x450.jpg,300,168,RGB,8.1904296875,False,False
VMMRdb,porsche_boxster_2003/porsche_boxster_2003_1.jpg,508,380,RGB,51.3974609375,False,False
VMMRdb,bmw_128i_2008/bmw_128i_2008_0.jpg,508,380,RGB,52.771484375,False,False
VMMRdb,toyota_celica_1982/toyota_celica_1982_0.jpg,508,380,RGB,52.3203125,False,False
VMMRdb,chevrolet_corvette_2006/01717_8fqDuCN3Lie_600x450.jpg,600,450,RGB,46.8349609375,False,False
VMMRdb,chevrolet_cruze_2015/2015 chevy cruze_00f0f_dKjAjZCLrZN_600x450.jpg,600,337,RGB,46.9560546875,False,False
VMMRdb,chevrolet_corvette_2004/2004 chevrolet corvette_00505_hpAelgbccFm_600x450.jpg,600,450,RGB,26.375,False,False
VMMRdb,mitsubishi_eclipse_1996/00u0u_QOVNpkuNUJ_600x450.jpg,300,168,RGB,6.21875,False,False
VMMRdb,volkswagen_newbeetle_2002/2002 VW New Beetle_00T0T_kLBo15YWCW2_600x450.jpg,600,337,RGB,42.0634765625,False,False
VMMRdb,nissan_murano_2004/nissan_murano_2004_73.jpg,508,380,RGB,49.060546875,False,False
VMMRdb,mercedes benz_ml500_2005/2005 Mercedes-Benz ML500_91ZZyycqsPL._UY560_.png,1004,560,RGB,54.484375,False,False
VMMRdb,nissan_quest_2005/nissan_quest_2005_6.jpg,600,450,RGB,85.166015625,False,False
VMMRdb,chrysler_town&country_2001/chrysler_towncountry_2001_98.jpg,360,268,RGB,28.48046875,False,False
VMMRdb,cadillac_allante_1987/cadillac_allante_1987_1.jpg,548,408,RGB,56.09765625,False,False
VMMRdb,lexus_rx300_1999/lexus_rx300_1999_15.jpg,444,332,RGB,66.033203125,False,False
VMMRdb,ford_explorer_2000/2000 Ford Explorer_00E0E_iOjH0ew332x_600x450.jpg,337,450,RGB,23.9609375,False,False
VMMRdb,chrysler_sebring_2006/01111_5ASzxq9KyEx_600x450.jpg,600,450,RGB,39.6416015625,False,False
VMMRdb,toyota_camry_2009/toyota_camry_2009_62.jpg,444,332,RGB,58.8515625,False,False
VMMRdb,mercedes benz_sl500_1998/mercedes_sl500_1998_0.jpg,360,268,RGB,28.76953125,False,False
VMMRdb,honda_accord_1992/00R0R_2RyRjKJkW2a_600x450.jpg,600,450,RGB,50.109375,False,False
VMMRdb,toyota_sequoia_2003/2003 toyota sequoia_00x0x_dwwmKtwzjXR_600x450.jpg,600,337,RGB,30.3642578125,False,False
VMMRdb,ford_mustang_2004/ford_mustang_2004_96.jpg,476,356,RGB,36.8857421875,False,False
VMMRdb,toyota_supra_1989/toyota_supra_1989_1.jpg,360,268,RGB,34.0087890625,False,False
VMMRdb,subaru_crosstrek_2015/2015 Subaru Crosstrek_00T0T_kM878u5mkda_600x450.jpg,600,450,RGB,43.3466796875,False,False
VMMRdb,nissan_sentra_2002/nissan_sentra_2002_85.jpg,412,308,RGB,38.10546875,False,False
VMMRdb,volkswagen_jetta_1999/volkswagen_jetta_1999_51.jpg,444,332,RGB,55.0576171875,False,False
VMMRdb,mercury_sable_1998/1998 Mercury Sable_00h0h_dYS2m4UysxA_600x450.jpg,320,240,RGB,16.607421875,False,False
VMMRdb,toyota_camry_2010/toyota_camry_2010_19.jpg,548,408,RGB,53.4541015625,False,False
VMMRdb,gmc_sierra_3500_1984/1984 GMC 3500 High Sierra_00K0K_8rzxKVSB33O_600x450.jpg,600,450,RGB,51.6787109375,False,False
VMMRdb,subaru_baja_2006/subaru_baja_2006_3.jpg,548,408,RGB,72.9033203125,False,False
VMMRdb,chevrolet_impala_2003/00B0B_dXiLtWbazJ7_600x450.jpg,600,450,RGB,45.759765625,False,False
VMMRdb,chevrolet_camaro_1994/1994 chevrolet camaro_00S0S_4ZJkHt6lWEu_600x450.jpg,600,337,RGB,33.5712890625,False,False
VMMRdb,dodge_nitro_2007/dodge_nitro_2007_31.jpg,476,332,RGB,54.4482421875,False,False
VMMRdb,dodge_durango_2006/2006 dodge durango_00d0d_8fMHNNEnMN7_600x450.jpg,600,337,RGB,35.548828125,False,False
VMMRdb,lexus_sc300_1997/lexus_sc300_1997_1.jpg,476,356,RGB,42.82421875,False,False
VMMRdb,jeep_grand_cherokee_1996/jeep_grandcherokee_1996_55.jpg,336,252,RGB,35.6728515625,False,False
VMMRdb,ford_ranger_1999/1999 Ford Ranger_00b0b_ahBqsuQrahC_600x450.jpg,270,450,RGB,20.228515625,False,False
VMMRdb,nissan_pathfinder_2004/00j0j_hSd3OBiXQIQ_600x450.jpg,337,450,RGB,31.5,False,False
VMMRdb,nissan_quest_2001/00n0n_jqCsRhRt21B_600x450.jpg,337,450,RGB,25.6123046875,False,False
VMMRdb,toyota_highlander_2006/00Y0Y_cc5k5Ab21k7_600x450.jpg,600,450,RGB,41.859375,False,False
VMMRdb,volkswagen_passat_2005/2005 Volkwagen passat_00I0I_febjXQptkeP_600x450.jpg,600,337,RGB,40.765625,False,False
VMMRdb,ford_mustang_1988/1988 Ford Mustang 5.0_00I0I_aq3Bh5LRD7e_600x450.jpg,337,450,RGB,33.6669921875,False,False
VMMRdb,chevrolet_s10_1991/1991 Chevy s-10_00707_lVonaldLSEz_600x450.jpg,600,337,RGB,37.1767578125,False,False
VMMRdb,porsche_cayenne_2006/porsche_cayenne_2006_2.jpg,600,450,RGB,78.478515625,False,False
VMMRdb,chevrolet_trailblazer_2003/2003 Chevy trailblazer_00m0m_INMGzBVaez_600x450.jpg,337,450,RGB,28.9111328125,False,False
VMMRdb,dodge_neon_2005/dodge_neon_2005_5.jpg,312,236,RGB,23.5068359375,False,False
VMMRdb,ford_taurus_2014/2014 Ford taurus_00S0S_8me7a5YfKVx_600x450.jpg,600,337,RGB,35.484375,False,False
VMMRdb,gmc_sierra_1500_2006/2006 gmc 15 sierra_00303_3QET56sWWez_600x450.jpg,600,450,RGB,49.3935546875,False,False
VMMRdb,nissan_altima_2002/nissan_altima_2002_132.jpg,360,268,RGB,32.271484375,False,False
VMMRdb,chevrolet_impala_2007/chevrolet_impala_2007_145.jpg,508,380,RGB,49.1826171875,False,False
VMMRdb,ford_mustang_2002/00K0K_3PENrQZUMqx_600x450.jpg,600,450,RGB,38.4345703125,False,False
VMMRdb,mitsubishi_eclipse_2001/mitsubishi_eclipse_2001_63.jpg,444,332,RGB,51.4248046875,False,False
VMMRdb,mercury_mountaineer_1998/1998 mercury mountaineer_00C0C_awioVSrAKW8_600x450.jpg,600,337,RGB,38.4814453125,False,False
VMMRdb,toyota_prius_2002/00D0D_lKVGasAaAJQ_600x450.jpg,600,450,RGB,33.4541015625,False,False
VMMRdb,dodge_stratus_2003/2003 dodge stratus 4-door_00j0j_gmQ2OzhNrrD_600x450.jpg,600,337,RGB,30.1513671875,False,False
VMMRdb,acura_integra_1995/1995 Acura Integra_00808_e5rKI1y2xJl_600x450.jpg,337,450,RGB,31.318359375,False,False
VMMRdb,kia_optima_2005/2005 Kia Optima LX_00d0d_5UVPzp9PtkE_600x450.jpg,600,450,RGB,53.6884765625,False,False
VMMRdb,volkswagen_passat_2005/volkswagen_passat_2005_26.jpg,508,380,RGB,65.341796875,False,False
VMMRdb,hyundai_tiburon_2005/hyundai_tiburon_2005_9.jpg,588,440,RGB,61.390625,False,False
VMMRdb,chrysler_voyager_2001/chrysler_voyager_2001_9.jpg,508,380,RGB,49.1611328125,False,False
VMMRdb,volkswagen_jetta_2005/00x0x_nQKNuFPyjU_600x450.jpg,600,450,RGB,48.1279296875,False,False
VMMRdb,honda_civic_hatchback_1992/1992 honda civic_00d0d_dnD5Ls9LPlX_600x450.jpg,600,450,RGB,40.65625,False,False
VMMRdb,mercedes benz_cls550_2007/mercedes_cls550_2007_0.jpg,412,308,RGB,37.46484375,False,False
VMMRdb,bmw_m5_2002/bmw_m5_2002_1.jpg,444,332,RGB,65.5078125,False,False
VMMRdb,chevrolet_impala_1975/1975 Impala Sport Coupe_00p0p_F2IZnurpp5_600x450.jpg,600,450,RGB,29.7919921875,False,False
VMMRdb,infiniti_g35_2005/infiniti_g35_2005_53.jpg,256,192,RGB,12.599609375,False,False
VMMRdb,volvo_s80_2000/00505_lt3KfOspLJw_600x450.jpg,600,337,RGB,39.068359375,False,False
VMMRdb,audi_a4_2005/00303_6LbHhDIvPnz_600x450.jpg,600,398,RGB,41.1796875,False,False
VMMRdb,chevrolet_silverado_2004/2004 CHEVY SILVERADO LT_01111_9FGLqor2gDl_600x450.jpg,337,450,RGB,19.15234375,False,False
VMMRdb,jeep_grand_cherokee_2002/jeep_grandcherokee_2002_168.jpg,476,356,RGB,42.171875,False,False
VMMRdb,nissan_murano_2003/nissan_murano_2003_15.jpg,600,450,RGB,76.3173828125,False,False
VMMRdb,ford_ranger_1996/1996 Ford ranger_00M0M_7xHP3Ri1HXQ_600x450.jpg,600,337,RGB,39.6083984375,False,False
VMMRdb,mercedes benz_c240_2001/2001 mercedes-benz c240_00909_dvNrNt73nao_600x450.jpg,600,268,RGB,32.8369140625,False,False
VMMRdb,nissan_rogue_2016/2016 Nissan Rogue_00v0v_CWKHx8Mlbx_600x450.jpg,253,450,RGB,18.40234375,False,False
VMMRdb,saturn_sc2_1995/saturn_sc2_1995_0.jpg,476,356,RGB,46.2939453125,False,False
VMMRdb,nissan_xterra_2005/nissan_xterra_2005_2.jpg,332,252,RGB,27.7578125,False,False
VMMRdb,volkswagen_eos_2007/00c0c_iCGhEMawjJZ_600x450.jpg,533,340,RGB,23.9599609375,False,False
VMMRdb,nissan_murano_2005/nissan_murano_2005_66.jpg,248,192,RGB,16.6318359375,False,False
VMMRdb,mini_cooper_2005/mini_coopers_2005_21.jpg,412,308,RGB,44.578125,False,False
VMMRdb,ford_explorer_2003/00P0P_4ZUKJjQuGHG_600x450.jpg,481,360,RGB,36.2216796875,False,False
VMMRdb,chevrolet_corvette_1999/1999 Chevrolet Corvette_00M0M_l33vQfVc9Ji_600x450.jpg,600,450,RGB,42.8857421875,False,False
VMMRdb,gmc_envoy_2007/00M0M_akUbfG7XBJX_600x450.jpg,600,450,RGB,33.1953125,False,False
VMMRdb,oldsmobile_intrigue_2000/oldsmobile_intrigue_2000_20.jpg,412,308,RGB,37.8984375,False,False
VMMRdb,chevrolet_corvette_2001/00202_p3wqThyUT6_600x450.jpg,600,450,RGB,54.9375,False,False
VMMRdb,chevrolet_cavalier_2004/2004 Chevy Cavalier_00n0n_NEmQ0d3442_600x450.jpg,600,450,RGB,50.6220703125,False,False
VMMRdb,volkswagen_jetta_2001/volkswagen_jetta_2001_30.jpg,508,380,RGB,55.2197265625,False,False
VMMRdb,chevrolet_tahoe_2003/2003 Chevrolet Tahoe_00I0I_h2zCCZF6LG0_600x450.jpg,600,450,RGB,65.005859375,False,False
VMMRdb,chevrolet_silverado_2004/2004 Silverado_00M0M_6tLcYFop5M4_600x450.jpg,600,450,RGB,49.2626953125,False,False
VMMRdb,dodge_ram_2500_2002/2002 Dodge 2500_00p0p_bIxllqsQefe_600x450.jpg,600,337,RGB,42.345703125,False,False
VMMRdb,nissan_altima_2005/2005 Nissan Altima_00z0z_3FZnbv1CqcM_600x450.jpg,600,450,RGB,43.5673828125,False,False
VMMRdb,dodge_grand caravan_2002/2002 dodge caravan_00P0P_cRwMsXhM2HX_600x450.jpg,600,450,RGB,46.5859375,False,False
VMMRdb,toyota_sequoia_2005/01616_c5lq6JvlWO7_600x450.jpg,221,166,RGB,6.720703125,False,False
VMMRdb,ford_fusion_2011/ford_fusion_2011_6.jpg,272,204,RGB,25.560546875,False,False
VMMRdb,subaru_forester_2012/subaru_forester_2012_8.jpg,360,268,RGB,43.78125,False,False
VMMRdb,chevrolet_corvette_1975/00e0e_bvf0HkcyWYc_600x450.jpg,600,450,RGB,59.3642578125,False,False
VMMRdb,ford_e250_2003/2003 ford e250 econoline_00g0g_7zFApXL4etz_600x450.jpg,600,339,RGB,42.6455078125,False,False
VMMRdb,bmw_850i_1991/1991 BMW 850i_00A0A_2EHcOPTVZTB_600x450.jpg,337,450,RGB,29.9423828125,False,False
VMMRdb,toyota_camry_2002/2002 Toyota Camry_01212_77JKvVvdBs5_600x450.jpg,600,450,RGB,47.2568359375,False,False
VMMRdb,chevrolet_impala_2003/2003 Chevrolet Impala_00000_aMVtl64QsqG_600x450.jpg,600,450,RGB,40.0654296875,False,False
VMMRdb,nissan_altima_1999/nissan_altima_1999_42.jpg,292,220,RGB,22.1630859375,False,False
VMMRdb,honda_pilot_2003/honda_pilot_2003_13.jpg,600,450,RGB,75.2412109375,False,False
VMMRdb,chevrolet_impala_2009/00n0n_3B8b2PGkp1F_600x450.jpg,600,450,RGB,42.0068359375,False,False
VMMRdb,subaru_outback_1998/subaru_outbackwagon_1998_8.jpg,332,252,RGB,39.3154296875,False,False
VMMRdb,honda_civic_2000/honda_civic_2000_145.jpg,444,332,RGB,66.71875,False,False
VMMRdb,ford_edge_2013/ford_edge_2013_8.jpg,548,408,RGB,69.927734375,False,False
VMMRdb,oldsmobile_alero_2003/2003 Oldsmobile alero_01111_kzA4sykVLGW_600x450.jpg,600,450,RGB,47.8544921875,False,False
VMMRdb,hyundai_sonata_2011/2011 hyundai sonata_00x0x_7TyYsc90vKy_600x450.jpg,600,450,RGB,55.4931640625,False,False
VMMRdb,hyundai_elantra_2003/hyundai_elantra_2003_65.jpg,412,308,RGB,48.4375,False,False
VMMRdb,ford_escort_1999/1999 Ford Escort_00T0T_dPd4MWPcMbD_600x450.jpg,600,450,RGB,49.5205078125,False,False
VMMRdb,chevrolet_tahoe_2003/chevrolet_tahoe_2003_61.jpg,360,268,RGB,40.8076171875,False,False
VMMRdb,ford_focus_2006/ford_focus_2006_14.jpg,588,440,RGB,83.958984375,False,False
VMMRdb,kia_spectra_2007/kia_spectra_2007_4.jpg,412,308,RGB,31.0927734375,False,False
VMMRdb,honda_civic_2010/honda_civic_2010_100.jpg,548,408,RGB,54.919921875,False,False
VMMRdb,pontiac_bonneville_2002/2002 PONTIAC BONNEVILLE SLE SEDAN_00k0k_4OFzONJ5iZh_600x450.jpg,600,336,RGB,26.3447265625,False,False
VMMRdb,subaru_forester_2016/2016 Subaru Forester_01010_2h0fnye5S16_600x450.jpg,600,334,RGB,41.951171875,False,False
VMMRdb,honda_civic_2000/honda_civic_2000_176.jpg,508,380,RGB,47.9072265625,False,False
VMMRdb,chevrolet_c-k2500_1989/1989 Chevy K2500_00k0k_gk3no9QkCbR_600x450.jpg,600,337,RGB,38.279296875,False,False
VMMRdb,ford_contour_1996/1996 ford contour_00N0N_aCbrh5ApiOx_600x450.jpg,600,450,RGB,42.8193359375,False,False
VMMRdb,chevrolet_express_2003/2003 Chevy Express_00a0a_2OUiR99Yp73_600x450.jpg,600,400,RGB,32.4794921875,False,False
VMMRdb,suzuki_forenza_2007/00202_lemYxEzEsBN_600x450.jpg,600,450,RGB,37.2314453125,False,False
VMMRdb,mercury_grandmarquis_1995/mercury_marquis_1995_1.jpg,444,332,RGB,54.07421875,False,False
VMMRdb,audi_s8_2008/audi_s8_2008_1.jpg,508,380,RGB,58.0595703125,False,False
VMMRdb,honda_accord_2003/2003 Honda accord_00808_3c3ICkeUuyH_600x450.jpg,600,338,RGB,22.544921875,False,False
VMMRdb,kia_optima_2005/00A0A_kpEEkzxHziP_600x450.jpg,600,450,RGB,40.4931640625,False,False
VMMRdb,dodge_durango_2003/dodge_durango_2003_1.jpg,548,408,RGB,66.64453125,False,False
VMMRdb,ford_f250_2011/2011 Ford f250_00V0V_9Jw8wQTyvfM_600x450.jpg,600,450,RGB,94.234375,False,False
VMMRdb,dodge_durango_2003/dodge_durango_2003_158.jpg,588,440,RGB,87.8427734375,False,False
VMMRdb,ford_taurus_2003/ford_taurus_2003_151.jpg,588,440,RGB,66.0205078125,False,False
VMMRdb,mitsubishi_endeavor_2006/00M0M_aVkRitQeULP_600x450.jpg,600,450,RGB,40.564453125,False,False
VMMRdb,ford_windstar_2001/ford_windstar_2001_16.jpg,548,408,RGB,51.32421875,False,False
VMMRdb,honda_civic_hatchback_1991/honda_civichatch_1991_4.jpg,444,332,RGB,62.869140625,False,False
VMMRdb,chevrolet_camaro_1998/chevrolet_camaro_1998_21.jpg,548,408,RGB,58.1748046875,False,False
VMMRdb,hyundai_sonata_2004/hyundai_sonata_2004_28.jpg,588,440,RGB,94.7822265625,False,False
VMMRdb,toyota_highlander_2004/toyota_highlander_2004_24.jpg,332,252,RGB,31.5732421875,False,False
VMMRdb,jaguar_xj_2000/2000 jaguar xj8 vanden plas_01111_c1XIv6wIxSs_600x450.jpg,600,337,RGB,50.4619140625,False,False
VMMRdb,toyota_rav4_2004/toyota_rav4_2004_13.jpg,508,380,RGB,71.4814453125,False,False
VMMRdb,gmc_yukon_1500_2005/2005 GMC YUKON DENALI_00707_kD1LnIae02l_600x450.jpg,600,447,RGB,44.0,False,False
VMMRdb,porsche_boxster_2000/porsche_boxster_2000_7.jpg,588,440,RGB,75.1767578125,False,False
VMMRdb,nissan_pathfinder_2006/2006 NISSAN PATHFINDER_00F0F_qaOauzQuzf_600x450.jpg,600,450,RGB,43.720703125,False,False
VMMRdb,chevrolet_corvette_1984/1984 Chevrolet Corvette_00r0r_62dvy4zLACF_600x450.jpg,600,337,RGB,52.935546875,False,False
VMMRdb,chevrolet_silverado_2006/2006 Chevy Silverado Z71_00R0R_2pMDbV0Clf9_600x450.jpg,600,450,RGB,57.517578125,False,False
VMMRdb,nissan_sentra_1999/nissan_sentra_1999_8.jpg,508,380,RGB,48.6943359375,False,False
VMMRdb,pontiac_gto_1970/1970 Pontiac GTO_00W0W_hn6czS9YvF1_600x450.jpg,600,337,RGB,30.6640625,False,False
VMMRdb,cadillac_escalade_2000/01010_1oSuzILcv4j_600x450.jpg,600,450,RGB,44.1845703125,False,False
VMMRdb,acura_tsx_2004/acura_tsx_2004_36.jpg,312,236,RGB,27.818359375,False,False
VMMRdb,honda_accord_1995/1995 honda accord 4-door sedan_00Q0Q_hjFhhFVu0JU_600x450.jpg,600,450,RGB,57.6416015625,False,False
VMMRdb,acura_integra_2001/2001 acura integra gsr_00D0D_5JC5ml4zoC1_600x450.jpg,273,450,RGB,21.2080078125,False,False
VMMRdb,mazda_3_2010/mazda_3_2010_35.jpg,548,408,RGB,64.7373046875,False,False
VMMRdb,subaru_legacy_1991/1991 Subaru Legacy_00P0P_2020i261rLV_600x450.jpg,600,450,RGB,46.19921875,False,False
VMMRdb,nissan_quest_2005/2005 Nissan Quest_00w0w_eMb7UUsZcI3_600x450.jpg,337,450,RGB,26.0361328125,False,False
VMMRdb,nissan_350z_2003/01717_dnASH43mJ00_600x450.jpg,337,450,RGB,26.22265625,False,False
VMMRdb,toyota_camry_2009/toyota_camry_2009_38.jpg,508,380,RGB,63.6015625,False,False
VMMRdb,toyota_camry_1994/toyota_camry_1994_49.jpg,444,332,RGB,55.0,False,False
VMMRdb,ford_fusion_2010/ford_fusion_2010_18.jpg,548,408,RGB,57.42578125,False,False
VMMRdb,lexus_ls400_1996/lexus_ls400_1996_13.jpg,508,380,RGB,53.01953125,False,False
VMMRdb,hyundai_accent_2014/2014 hyundai accent_00Q0Q_1SPC8CEMABp_600x450.jpg,600,450,RGB,44.8623046875,False,False
VMMRdb,honda_civic_hatchback_1989/honda_civichatch_1989_2.jpg,336,252,RGB,33.99609375,False,False
VMMRdb,dodge_grand caravan_2010/dodge_grandcaravan_2010_16.jpg,548,408,RGB,57.5419921875,False,False
VMMRdb,honda_accord_2009/honda_accord_2009_40.jpg,332,252,RGB,27.787109375,False,False
VMMRdb,ford_f250_2004/ford_f250_2004_29.jpg,332,252,RGB,30.505859375,False,False
VMMRdb,gmc_envoy_2006/2006 GMC Envoy_00O0O_fLxg3Kr1c2A_600x450.jpg,600,450,RGB,42.421875,False,False
VMMRdb,chevrolet_cavalier_2000/chevrolet_cavalier_2000_28.jpg,548,376,RGB,80.654296875,False,False
VMMRdb,volkswagen_gti_2002/00s0s_iYPYeOEEGKW_600x450.jpg,600,450,RGB,38.7744140625,False,False
VMMRdb,nissan_altima_1999/nissan_altima_1999_13.jpg,548,408,RGB,55.0458984375,False,False
VMMRdb,chevrolet_cobalt_2006/2006 Chevy cobalt_00V0V_gRUv9FDsliB_600x450.jpg,600,400,RGB,33.125,False,False
VMMRdb,mercury_cougar_2000/mercury_cougar_2000_6.jpg,508,380,RGB,44.9453125,False,False
VMMRdb,nissan_xterra_2000/nissan_xterra_2000_83.jpg,508,380,RGB,64.7001953125,False,False
VMMRdb,chevrolet_lumina_1997/chevrolet_lumina_1997_0.jpg,476,356,RGB,66.8193359375,False,False
VMMRdb,ford_focus_2006/2006 Ford Focus_00707_9vqFGrMaPZz_600x450.jpg,600,450,RGB,46.49609375,False,False
VMMRdb,ford_explorer_2004/ford_explorer_2004_253.jpg,360,268,RGB,34.1904296875,False,False
VMMRdb,ford_explorer_1993/ford_explorer_1993_13.jpg,588,440,RGB,48.0888671875,False,False
VMMRdb,chevrolet_silverado_2011/chevrolet_silverado_2011_14.jpg,476,356,RGB,57.998046875,False,False
VMMRdb,ford_explorer_2000/ford_explorer_2000_70.jpg,272,204,RGB,23.275390625,False,False
VMMRdb,saturn_vue_2006/saturn_vue_2006_63.jpg,508,380,RGB,29.7841796875,False,False
VMMRdb,jeep_compass_2011/jeep_compass_2011_18.jpg,292,220,RGB,20.03125,False,False
VMMRdb,jeep_grand_cherokee_2000/jeep_grandcherokee_2000_230.jpg,548,376,RGB,94.861328125,False,False
VMMRdb,acura_mdx_2002/2002 Acura MDX_00U0U_aVGT4g5klvd_600x450.jpg,253,450,RGB,14.9345703125,False,False
VMMRdb,oldsmobile_cutlass_1979/oldsmobile_cutlass_1979_0.jpg,548,408,RGB,73.119140625,False,False
VMMRdb,toyota_sequoia_2004/toyota_sequoia_2004_16.jpg,336,252,RGB,34.3134765625,False,False
VMMRdb,nissan_sentra_2009/00k0k_2uGSggvQPVA_600x450.jpg,600,297,RGB,28.7861328125,False,False
VMMRdb,dodge_grand caravan_2004/dodge_caravan_2004_16.jpg,588,440,RGB,53.556640625,False,False
VMMRdb,chevrolet_suburban_1999/chevrolet_suburban_1999_2.jpg,548,408,RGB,75.1201171875,False,False
VMMRdb,lexus_ls400_1998/1998 lexus ls400_00G0G_ltuObpwWL3p_600x450.jpg,320,240,RGB,13.6435546875,False,False
VMMRdb,scion_xd_2014/2014 Scion xD_A1tsbIcvAsL._UY560_.png,1217,560,RGB,63.361328125,False,False
VMMRdb,dodge_caliber_2007/2007 DODGE CALIBER_00x0x_2N52KjGS0vR_600x450.jpg,450,450,RGB,41.5654296875,False,False
VMMRdb,toyota_sienna_2004/toyota_sienna_2004_49.jpg,600,450,RGB,81.8681640625,False,False
VMMRdb,chevrolet_silverado_2010/2010 Chevrolet Silverado 1500 LS_00K0K_8g5Vfel5d2y_600x450.jpg,480,360,RGB,23.7021484375,False,False
VMMRdb,mercedes benz_c250_2013/mercedes_c250_2013_6.jpg,336,252,RGB,36.0732421875,False,False
VMMRdb,landrover_rangerover_2006/2006 Range Rover Sport Superchared_01414_hptJYOYBOvn_600x450.jpg,600,450,RGB,38.4794921875,False,False
VMMRdb,dodge_grand caravan_1997/1997 dodge grand caravan_01212_eEtNO23KQYX_600x450.jpg,600,450,RGB,45.1875,False,False
VMMRdb,chevrolet_tahoe_2002/chevrolet_tahoe_2002_65.jpg,548,408,RGB,63.1689453125,False,False
VMMRdb,ford_ranger_2004/2004 ford ranger edge_00C0C_byabL2QEEhr_600x450.jpg,600,337,RGB,39.8583984375,False,False
VMMRdb,gmc_terrain_2011/2011 GMC Terrain AWD_00I0I_9Zks7jX1Hya_600x450.jpg,600,450,RGB,36.8828125,False,False
VMMRdb,honda_accord_2009/00g0g_era7uCuXzFG_600x450.jpg,600,337,RGB,27.4677734375,False,False
VMMRdb,nissan_maxima_2004/2004 nissaan maxima_00L0L_fiFRiRKsGp4_600x450.jpg,337,450,RGB,29.728515625,False,False
VMMRdb,lexus_ls400_1996/lexus_ls400_1996_9.jpg,476,356,RGB,67.12890625,False,False
VMMRdb,nissan_maxima_1998/nissan_maxima_1998_65.jpg,444,332,RGB,57.05078125,False,False
VMMRdb,bmw_325i_1995/bmw_325i_1995_18.jpg,312,236,RGB,31.841796875,False,False
VMMRdb,lincoln_navigator_2000/2000 Lincoln Navigator_00l0l_dT8MtVAAHAP_600x450.jpg,600,337,RGB,21.9912109375,False,False
VMMRdb,ford_expedition_2003/ford_expedition_2003_157.jpg,588,440,RGB,74.9345703125,False,False
VMMRdb,ford_f100_1953/1953 Ford F-100_00505_2VO7OkKQJBL_600x450.jpg,524,450,RGB,35.8994140625,False,False
VMMRdb,hyundai_tiburon_2005/hyundai_tiburon_2005_16.jpg,588,440,RGB,65.69921875,False,False
VMMRdb,toyota_landcruiser_1999/toyota_landcruiser_1999_13.jpg,412,308,RGB,34.048828125,False,False
VMMRdb,toyota_camry_1997/toyota_camry_1997_32.jpg,332,252,RGB,26.630859375,False,False
VMMRdb,mazda_millenia_2002/2002 Mazda Millenia_00M0M_kgsc3TZHDTG_600x450.jpg,600,450,RGB,55.4287109375,False,False
VMMRdb,nissan_300zx_1984/nissan_300zx_1984_4.jpg,272,204,RGB,22.9189453125,False,False
VMMRdb,chevrolet_impala_2010/chevrolet_impala_2010_14.jpg,332,252,RGB,32.205078125,False,False
VMMRdb,toyota_camry_1994/00A0A_lf3k5OKyhYq_600x450.jpg,600,450,RGB,45.1181640625,False,False
VMMRdb,bmw_325i_2007/bmw_325i_2007_1.jpg,444,332,RGB,61.095703125,False,False
VMMRdb,chevrolet_uplander_2007/2007 chevrolet uplander_00s0s_7opYCfpO4qv_600x450.jpg,600,450,RGB,39.5732421875,False,False
VMMRdb,ford_ranger_1999/ford_ranger_1999_60.jpg,272,204,RGB,24.58203125,False,False
VMMRdb,ford_ranger_1986/ford_ranger_1986_6.jpg,588,440,RGB,73.21484375,False,False
VMMRdb,honda_crx_1990/honda_crx_1990_3.jpg,360,268,RGB,43.1650390625,False,False
VMMRdb,bmw_323i_2000/bmw_323i_2000_39.jpg,508,380,RGB,58.0771484375,False,False
VMMRdb,jeep_commander_2010/00x0x_2TjEbNxZzqP_600x450.jpg,600,450,RGB,50.94140625,False,False
VMMRdb,audi_a4_2004/audi_a4_2004_59.jpg,588,440,RGB,84.5859375,False,False
VMMRdb,bmw_x5_2001/bmw_x5_2001_58.jpg,548,408,RGB,53.525390625,False,False
VMMRdb,mercedes benz_e320_1991/1991 mercedes-benz e320_00T0T_1gyx6GMRgHL_600x450.jpg,600,337,RGB,29.462890625,False,False
VMMRdb,chevrolet_camaro_2010/chevrolet_camaro_2010_38.jpg,444,332,RGB,60.2939453125,False,False
VMMRdb,ford_freestar_2005/2005 Ford Freestar SE_00y0y_l0pMA3QgXru_600x450.jpg,600,337,RGB,43.85546875,False,False
VMMRdb,dodge_grand caravan_2009/dodge_grandcaravan_2009_20.jpg,588,440,RGB,61.1171875,False,False
VMMRdb,toyota_camry_1992/00707_6KsnJWNC3DX_600x450.jpg,600,450,RGB,56.0498046875,False,False
VMMRdb,volkswagen_jetta_2002/volkswagen_jetta_2002_156.jpg,508,380,RGB,60.5126953125,False,False
VMMRdb,toyota_corolla_2004/2004 Toyota Corolla_00k0k_gUpOOiKwFES_600x450.jpg,600,450,RGB,61.4951171875,False,False
VMMRdb,infiniti_g37_2013/2013 Infiniti g37_00303_bFRdjROKGTD_600x450.jpg,450,450,RGB,37.8134765625,False,False
VMMRdb,dodge_ram_1500_2010/2010 dodge ram 1500_00909_kOSAUYfInKK_600x450.jpg,600,337,RGB,39.9287109375,False,False
VMMRdb,honda_odyssey_2011/honda_odyssey_2011_5.jpg,476,356,RGB,52.904296875,False,False
VMMRdb,buick_lesabre_2001/2001 BUICK LESABRE_00s0s_l8C3E0uzx7j_600x450.jpg,600,450,RGB,38.3486328125,False,False
VMMRdb,chevrolet_blazer_1997/1997 Chevrolet Blazer_00L0L_2ML8X2W2WC_600x450.jpg,600,337,RGB,31.0654296875,False,False
VMMRdb,toyota_rav4_2011/2011 toyota rav4_00w0w_h9RESbbKBi2_600x450.jpg,600,450,RGB,33.7294921875,False,False
VMMRdb,chevrolet_malibu_2008/chevrolet_malibu_2008_53.jpg,588,440,RGB,76.8876953125,False,False
VMMRdb,hyundai_santafe_2005/hyundai_santafe_2005_19.jpg,256,192,RGB,17.037109375,False,False
VMMRdb,chrysler_300_2008/2008 chrysler 300_00101_1ObsAlqBdpS_600x450.jpg,600,337,RGB,31.9501953125,False,False
VMMRdb,hyundai_santafe_2001/hyundai_santafe_2001_17.jpg,548,408,RGB,46.2294921875,False,False
VMMRdb,mazda_6_2012/01515_bdzS2VmtBIE_600x450.jpg,600,450,RGB,42.8095703125,False,False
VMMRdb,chevrolet_silverado_1994/chevrolet_z71_1994_5.jpg,476,356,RGB,76.443359375,False,False
VMMRdb,nissan_nv200_2013/2013 nissan nv200_00F0F_6QZxqbFJkzu_600x450.jpg,600,450,RGB,37.2060546875,False,False
VMMRdb,ford_f150_2013/2013 Ford F-150 XL_00n0n_de37e1Y8rnI_600x450.jpg,600,450,RGB,40.888671875,False,False
VMMRdb,toyota_prius_2005/00m0m_lsCqf2dhzIu_600x450.jpg,600,400,RGB,46.4931640625,False,False
VMMRdb,nissan_altima_2002/2002 nissan altima_00m0m_codvnhxruTi_600x450.jpg,600,450,RGB,31.15234375,False,False
VMMRdb,chevrolet_corvette_1988/1988 Chevrolet Corvette_00T0T_8wpcOZEMA9W_600x450.jpg,600,337,RGB,37.3583984375,False,False
VMMRdb,chevrolet_corvette_1990/00808_hM6Q5lz8ztW_600x450.jpg,600,400,RGB,19.138671875,False,False
VMMRdb,isuzu_trooper_1998/isuzu_trooper_1998_2.jpg,360,268,RGB,34.587890625,False,False
VMMRdb,honda_accord_1997/00I0I_jcwoPEq42TD_600x450.jpg,600,450,RGB,48.9482421875,False,False
VMMRdb,chevrolet_silverado_1998/1998 Chevrolet Silverado_00E0E_foY2t0bwZsE_600x450.jpg,600,450,RGB,29.55859375,False,False
VMMRdb,lexus_is300_2005/lexus_is300_2005_8.jpg,312,236,RGB,37.9345703125,False,False
VMMRdb,mitsubishi_galant_2002/00M0M_F2rCYZXrNn_600x450.jpg,600,450,RGB,40.5068359375,False,False
VMMRdb,mitsubishi_eclipse_1997/mitsubishi_eclipse_1997_2.jpg,548,408,RGB,62.0986328125,False,False
VMMRdb,acura_rsx_2006/acura_rsx_2006_21.jpg,292,220,RGB,21.0224609375,False,False
VMMRdb,subaru_outback_1998/subaru_outbackwagon_1998_2.jpg,548,408,RGB,61.369140625,False,False
VMMRdb,mazda_3_hatchback_2007/2007 mazda 3 speed_00v0v_cJDuQOCCxxs_600x450.jpg,600,448,RGB,29.13671875,False,False
VMMRdb,mercedes benz_sl500_2003/mercedes_sl500_2003_11.jpg,360,268,RGB,35.3740234375,False,False
VMMRdb,kia_sedona_2006/2006 kia sedona_00c0c_Y9Oo32FgUX_600x450.jpg,600,337,RGB,30.4267578125,False,False
VMMRdb,dodge_caliber_2007/2007 dodge caliber_00H0H_4A9FTyy7dk0_600x450.jpg,600,337,RGB,35.8017578125,False,False
VMMRdb,chrysler_concorde_1999/chrysler_concorde_1999_26.jpg,476,356,RGB,56.9609375,False,False
VMMRdb,jeep_grand_cherokee_2004/2004 Jeep Grand Cherokee_00f0f_iXk9ybEqGNK_600x450.jpg,600,450,RGB,38.7373046875,False,False
VMMRdb,chrysler_lebaron_1978/1978 chrysler lebaron_00e0e_cNzhHJhc4mO_600x450.jpg,600,337,RGB,49.095703125,False,False
VMMRdb,toyota_camry_2008/2008 Toyota Camery Hybrid_00h0h_auJ6Zn8tPSQ_600x450.jpg,600,397,RGB,48.166015625,False,False
VMMRdb,honda_civic_1997/1997 honda civic_00i0i_1r0PQRrOkbQ_600x450.jpg,600,450,RGB,41.6875,False,False
VMMRdb,acura_tl_2012/acura_tl_2012_7.jpg,548,408,RGB,71.4658203125,False,False
VMMRdb,toyota_rav4_2005/2005 Toyota Rav4_00B0B_gcqJWrusxaR_600x450.jpg,600,450,RGB,50.9638671875,False,False
VMMRdb,chevrolet_silverado_2004/chevrolet_silverado_2004_54.jpg,312,236,RGB,32.38671875,False,False
VMMRdb,kia_sorento_2005/00303_4Crgyetw1la_600x450.jpg,600,450,RGB,41.1572265625,False,False
VMMRdb,chevrolet_spark_2014/chevrolet_spark_2014_1.jpg,588,440,RGB,54.0654296875,False,False
VMMRdb,honda_accord_2002/2002 honda accord 4-door sedan_00E0E_73q9DmwiyL1_600x450.jpg,337,450,RGB,24.19140625,False,False
VMMRdb,chevrolet_malibu_2001/chevrolet_malibu_2001_63.jpg,476,356,RGB,56.9453125,False,False
VMMRdb,mazda_mpv_2002/mazda_mpv_2002_34.jpg,548,408,RGB,62.0205078125,False,False
VMMRdb,dodge_charger_2006/dodge_charger_2006_79.jpg,336,252,RGB,39.4990234375,False,False
VMMRdb,honda_accord_1996/00c0c_hK4ol1PYb09_600x450.jpg,600,450,RGB,49.8232421875,False,False
VMMRdb,dodge_ram_1500_2003/2003 Dodge Ram_00Z0Z_5f0yKPLarzL_600x450.jpg,600,337,RGB,47.2294921875,False,False
VMMRdb,audi_tt_2000/2000 audi tt coupe quattro_00M0M_2PjWOFww8OS_600x450.jpg,336,450,RGB,15.056640625,False,False
VMMRdb,ford_explorer_2003/ford_explorer_2003_302.jpg,508,380,RGB,63.5166015625,False,False
VMMRdb,nissan_altima_2002/nissan_altima_2002_56.jpg,332,252,RGB,20.5849609375,False,False
VMMRdb,mercury_grandmarquis_1984/1984 GRAN MARQUEZ_01414_3fGlh0LNGqe_600x450.jpg,600,337,RGB,34.6455078125,False,False
VMMRdb,volvo_s70_1998/1998 volvo s70_00x0x_3reT0KAWT9K_600x450.jpg,600,337,RGB,45.611328125,False,False
VMMRdb,ford_taurus_2003/00G0G_jZZz7rFjAyr_600x450.jpg,600,450,RGB,41.6826171875,False,False
VMMRdb,ford_e150_1999/1999 Ford E150_00N0N_bZDS8RZsbht_600x450.jpg,600,448,RGB,38.068359375,False,False
VMMRdb,ford_taurus_2002/2002 Ford taurus_00A0A_3FN34nUWzvh_600x450.jpg,253,450,RGB,21.9736328125,False,False
VMMRdb,ford_mustang_2002/00M0M_4ZkiyFbXrd9_600x450.jpg,600,450,RGB,52.4423828125,False,False
VMMRdb,chevrolet_silverado_2005/2005 Chevy Silverado 4x4_00j0j_8C70Aw5Jlt7_600x450.jpg,600,338,RGB,42.267578125,False,False
VMMRdb,dodge_grand caravan_2002/dodge_caravan_2002_117.jpg,412,308,RGB,28.9375,False,False
VMMRdb,chevrolet_impala_2004/2004 chevrolet impala_00b0b_eGUe2UqNSfB_600x450.jpg,600,450,RGB,34.3271484375,False,False
VMMRdb,bmw_535i_2011/bmw_535i_2011_6.jpg,360,268,RGB,40.5849609375,False,False
VMMRdb,jeep_grand_cherokee_2008/jeep_grandcherokee_2008_22.jpg,548,408,RGB,66.6494140625,False,False
VMMRdb,chevrolet_silverado_1991/chevrolet_1500_1991_3.jpg,476,356,RGB,67.923828125,False,False
VMMRdb,cadillac_fleetwood_1984/1984 cadillac fleetwood brougham_00101_aXFpghxQvK4_600x450.jpg,600,450,RGB,57.4423828125,False,False
VMMRdb,bmw_325i_2006/2006 bmw 325i_00h0h_iANa5somrCu_600x450.jpg,600,450,RGB,57.890625,False,False
VMMRdb,nissan_altima_2002/00O0O_8jX6unGVom_600x450.jpg,600,450,RGB,38.13671875,False,False
VMMRdb,chevrolet_venture_2000/chevrolet_venture_2000_6.jpg,412,308,RGB,28.56640625,False,False
VMMRdb,mazda_millenia_2001/mazda_millenia_2001_24.jpg,588,440,RGB,87.4912109375,False,False
VMMRdb,bmw_325i_2006/bmw_325i_2006_119.jpg,588,440,RGB,70.044921875,False,False
VMMRdb,toyota_camry_2002/00O0O_itD5ubSCrgm_600x450.jpg,600,450,RGB,47.5625,False,False
VMMRdb,toyota_sienna_2004/toyota_sienna_2004_20.jpg,600,450,RGB,88.625,False,False
VMMRdb,chevrolet_silverado_2004/2004 Chevy Silverado_01414_kKW0sI1Ey1l_600x450.jpg,600,400,RGB,47.0869140625,False,False
VMMRdb,mazda_6_2005/mazda_6_2005_58.jpg,476,356,RGB,47.107421875,False,False
VMMRdb,honda_civic_2005/01414_70oh7Gei7BA_600x450.jpg,600,338,RGB,38.5,False,False
VMMRdb,nissan_altima_2013/2013 nissan altima_00101_jSvpQj94aCY_600x450.jpg,600,450,RGB,33.41796875,False,False
VMMRdb,mercedes benz_ml55_2001/2001 mercedes benz ML55_00b0b_7JTGb5zTPTQ_600x450.jpg,600,450,RGB,29.5859375,False,False
VMMRdb,chevrolet_corvette_1998/chevrolet_corvette_1998_0.jpg,508,380,RGB,55.3466796875,False,False
VMMRdb,jeep_grand_cherokee_2002/jeep_grandcherokee_2002_98.jpg,548,408,RGB,50.6796875,False,False
VMMRdb,chevrolet_cruze_2016/2016 Chevrolet Cruze_01414_b9VBKlUvsiV_600x450.jpg,337,450,RGB,24.1708984375,False,False
VMMRdb,bmw_m3_2001/2001 bmw m3 e46_00o0o_b3mlBj3L6P2_600x450.jpg,600,400,RGB,47.8642578125,False,False
VMMRdb,hyundai_accent_2002/01515_cC2aAlC6Hvl_600x450.jpg,337,450,RGB,32.8876953125,False,False
VMMRdb,ford_mustang_2000/2000 Ford Mustang_00y0y_4sXeJfbON7l_600x450.jpg,600,450,RGB,42.275390625,False,False
VMMRdb,ford_five hundred_2006/ford_fivehundred_2006_0.jpg,508,380,RGB,49.392578125,False,False
VMMRdb,cadillac_seville_1999/1999 Cadillac sls_00Y0Y_ePTX4B2cwAj_600x450.jpg,337,450,RGB,19.4111328125,False,False
VMMRdb,ford_expedition_2000/00404_lmNWaLYH34b_600x450.jpg,600,450,RGB,40.89453125,False,False
VMMRdb,plymouth_valiant_1965/1965 Plymouth Valiant 200_00G0G_4BDSbNWFs8Y_600x450.jpg,252,450,RGB,24.294921875,False,False
VMMRdb,honda_accord_2010/honda_accord_2010_23.jpg,548,408,RGB,79.4228515625,False,False
VMMRdb,saturn_ion_2004/saturn_ion_2004_5.jpg,332,252,RGB,29.888671875,False,False
VMMRdb,dodge_durango_1998/00y0y_3QRNwHzzpf1_600x450.jpg,600,450,RGB,57.5791015625,False,False
VMMRdb,saturn_astra_2008/2008 Saturn Astra_00Z0Z_hIB10iCzpbO_600x450.jpg,600,337,RGB,39.48046875,False,False
VMMRdb,kia_sportage_2011/kia_sportage_2011_2.jpg,444,332,RGB,35.9375,False,False
VMMRdb,toyota_corolla_2014/2014 toyota Corolla_00J0J_7LZwKApp5L8_600x450.jpg,600,337,RGB,37.208984375,False,False
VMMRdb,toyota_tundra_2001/toyota_tundra_2001_36.jpg,588,440,RGB,73.994140625,False,False
VMMRdb,ford_f350_2004/2004 FORD F350 4X4 CREW CAB_00n0n_30YFbOVp2CS_600x450.jpg,600,450,RGB,24.86328125,False,False
VMMRdb,subaru_outback_2000/subaru_outback_2000_23.jpg,588,440,RGB,79.44140625,False,False
VMMRdb,cadillac_escalade_2011/2011 Cadilac escalade_00l0l_aoNdCuE2ARQ_600x450.jpg,600,450,RGB,31.396484375,False,False
VMMRdb,mazda_protege_1998/mazda_protege_1998_18.jpg,412,292,RGB,47.4287109375,False,False
VMMRdb,toyota_corolla_1996/00T0T_igZzrWtcC2m_600x450.jpg,600,338,RGB,24.55859375,False,False
VMMRdb,saturn_sl1_1995/saturn_sl1_1995_2.jpg,312,236,RGB,30.7353515625,False,False
VMMRdb,ford_focus_2003/ford_focus_2003_134.jpg,508,380,RGB,45.5654296875,False,False
VMMRdb,ford_focus_2004/2004 ford focus_00p0p_hMD02XqR7v5_600x450.jpg,600,450,RGB,48.95703125,False,False
VMMRdb,buick_parkavenue_1998/buick_parkavenue_1998_3.jpg,548,408,RGB,66.4482421875,False,False
VMMRdb,cadillac_catera_1998/1998 Cadillac Caterra_01010_3fEtwBAJiOb_600x450.jpg,600,450,RGB,58.6064453125,False,False
VMMRdb,chevrolet_astro_1990/1990 chevrolet astro passenger_00r0r_WV5a3btNy9_600x450.jpg,450,450,RGB,26.810546875,False,False
VMMRdb,hyundai_elantra_2013/2013 hyundai elantra blue_00o0o_5Lqmb5IzymY_600x450.jpg,600,450,RGB,41.40234375,False,False
VMMRdb,ford_thunderbird_1964/1964 ford thunderbird_00b0b_12ztoa0S9nS_600x450.jpg,253,450,RGB,25.87109375,False,False
VMMRdb,honda_civic_2000/2000 2000 Honda Civic_00v0v_pxMkQI8CID_600x450.jpg,337,450,RGB,40.16015625,False,False
VMMRdb,nissan_sentra_1995/nissan_sentra_1995_1.jpg,332,252,RGB,21.3994140625,False,False
VMMRdb,ford_f150_1997/ford_f150_1997_11.jpg,312,236,RGB,30.359375,False,False
VMMRdb,dodge_neon_2004/dodge_neon_2004_96.jpg,508,380,RGB,45.4833984375,False,False
VMMRdb,toyota_rav4_2006/00j0j_1k0VjhNG4fR_600x450.jpg,600,450,RGB,34.71484375,False,False
VMMRdb,ford_f150_2011/2011 FORD F150_00g0g_fgYSjF4tXIO_600x450.jpg,600,337,RGB,38.3330078125,False,False
VMMRdb,toyota_camry_le_2004/2004 Toyota Camry LE_01212_1arM4UbO0bk_600x450.jpg,600,450,RGB,41.794921875,False,False
VMMRdb,mercury_grandmarquis_2003/2003 MERCURY GRAND MARQUIS GS_00909_jGfBwToZ78S_600x450.jpg,600,337,RGB,30.7705078125,False,False
VMMRdb,cadillac_allante_1992/1992 Cadillac Allante_00000_etoZnuPKjXH_600x450.jpg,600,337,RGB,43.875,False,False
VMMRdb,ford_fiesta_2013/2013 Ford Fiesta_00I0I_2lhk8fREs8M_600x450.jpg,600,450,RGB,52.21484375,False,False
VMMRdb,pontiac_catalina_1979/pontiac_catalina_1979_0.jpg,312,236,RGB,22.7138671875,False,False
VMMRdb,bmw_528i_1998/bmw_528i_1998_65.jpg,548,408,RGB,41.0087890625,False,False
VMMRdb,volkswagen_passat_2014/2014 Volkswagen Passat_00V0V_44orTqVSfqv_600x450.jpg,600,450,RGB,30.2548828125,False,False
VMMRdb,nissan_maxima_2003/01010_2TiJfXPz3Wj_600x450.jpg,600,450,RGB,37.955078125,False,False
VMMRdb,toyota_avalon_2007/toyota_avalon_2007_18.jpg,588,440,RGB,73.1552734375,False,False
VMMRdb,chevrolet_corvette_2005/2005 chevrolet corvette_01515_bneIFt23Fnh_600x450.jpg,600,337,RGB,36.8115234375,False,False
VMMRdb,chevrolet_suburban_1997/1997 chevrolet 1500 suburban_01515_lgiJpcqysuC_600x450.jpg,600,360,RGB,39.9814453125,False,False
VMMRdb,ford_focus_2012/2012 ford focus_00606_6ntMzi7orFN_600x450.jpg,600,337,RGB,35.9921875,False,False
VMMRdb,mazda_6_wagon_2004/mazda_6_2004_59.jpg,548,408,RGB,44.607421875,False,False
VMMRdb,toyota_mr2_1987/1987 Toyota MR2_00505_syqQ9rZeZO_600x450.jpg,600,450,RGB,50.8056640625,False,False
VMMRdb,nissan_frontier_2006/2006 Nissan Frontier_00j0j_joKhrb4m1cY_600x450.jpg,600,450,RGB,51.294921875,False,False
VMMRdb,mazda_protege_2002/mazda_protege_2002_6.jpg,548,408,RGB,60.650390625,False,False
VMMRdb,mercury_mountaineer_1998/mercury_mountaineer_1998_9.jpg,312,236,RGB,31.9619140625,False,False
VMMRdb,toyota_corolla_2001/toyota_corolla_2001_104.jpg,476,356,RGB,47.8408203125,False,False
VMMRdb,isuzu_ascender_2003/2003 2003 Isuzu Ascender Extended LS_00707_hdIdkXuZUL5_600x450.jpg,338,450,RGB,24.7578125,False,False
VMMRdb,honda_civic_2007/2007 Honda civic_00I0I_5mgLdJqcGQV_600x450.jpg,600,450,RGB,35.17578125,False,False
VMMRdb,gmc_yukon_1500_2015/2015 GMC Yukon Denali_00404_7KpWt9WWugB_600x450.jpg,600,450,RGB,45.5302734375,False,False
VMMRdb,honda_cr-v_2004/honda_crv_2004_43.jpg,388,288,RGB,35.1103515625,False,False
VMMRdb,bmw_325i_2001/2001 BMW 325i_61k6G-HOmML._UY472_.jpg,1233,472,RGB,60.22265625,False,False
VMMRdb,honda_odyssey_2001/00Z0Z_6g4vjH73Afo_600x450.jpg,432,324,RGB,19.087890625,False,False
VMMRdb,mini_cooper_2006/mini_coopers_2006_22.jpg,476,356,RGB,69.892578125,False,False
VMMRdb,gmc_jimmy_1996/gmc_jimmy_1996_20.jpg,508,380,RGB,68.2060546875,False,False
VMMRdb,ford_explorer_2002/ford_explorer_2002_353.jpg,588,440,RGB,58.4853515625,False,False
VMMRdb,chrysler_300_2003/2003 chrysler 300_00L0L_9Id5QOf8m0I_600x450.jpg,600,450,RGB,53.6015625,False,False
VMMRdb,hyundai_sonata_2009/hyundai_sonata_2009_36.jpg,548,408,RGB,54.9912109375,False,False
VMMRdb,mazda_5_2012/2012 mazda 5_00j0j_argtDiEfuHa_600x450.jpg,600,400,RGB,46.59375,False,False
VMMRdb,mercedes benz_s420_1997/mercedes_s420_1997_8.jpg,444,332,RGB,50.3984375,False,False
VMMRdb,plymouth_breeze_1999/1999 plymouth breeze_00R0R_i83oushVq1k_600x450.jpg,600,337,RGB,22.8037109375,False,False
VMMRdb,toyota_corolla_2007/00T0T_ek3lJ2DiXSN_600x450.jpg,600,450,RGB,56.8056640625,False,False
VMMRdb,lexus_is250_2006/2006 Lexus is250_00z0z_iKD0nVCxjty_600x450.jpg,600,450,RGB,42.03125,False,False
VMMRdb,honda_odyssey_2002/00B0B_gC6jsmS833e_600x450.jpg,600,450,RGB,42.7958984375,False,False
VMMRdb,infiniti_i35_2002/infiniti_i35_2002_0.jpg,476,356,RGB,46.267578125,False,False
VMMRdb,toyota_avalon_2011/toyota_avalon_2011_5.jpg,548,408,RGB,48.9677734375,False,False
VMMRdb,mini_cooper_2004/mini_cooper_2004_19.jpg,588,440,RGB,67.50390625,False,False
VMMRdb,lexus_gs350_2007/2007 Lexus GS350_00f0f_5b8DlyeEFeR_600x450.jpg,600,450,RGB,46.591796875,False,False
VMMRdb,pontiac_montana_2004/2004 Pontiac montana_00g0g_9s1GlQ8XSEh_600x450.jpg,600,337,RGB,39.2451171875,False,False
VMMRdb,honda_accord_1992/1992 Honda Accord_01111_4k6mmg0BaIi_600x450.jpg,600,337,RGB,35.322265625,False,False
VMMRdb,ford_f150_1994/1994 f-150_00404_k6ZHQ5bU6LH_600x450.jpg,600,337,RGB,40.36328125,False,False
VMMRdb,jeep_liberty_2003/jeep_liberty_2003_32.jpg,388,288,RGB,40.791015625,False,False
VMMRdb,chevrolet_suburban_1984/1984 Chevy Suburban 4WD Silverado_01010_bw02ShbpiqJ_600x450.jpg,600,450,RGB,51.06640625,False,False
VMMRdb,chevrolet_c10_1972/chevrolet_c10_1972_1.jpg,444,332,RGB,53.4619140625,False,False
VMMRdb,toyota_camry_1993/toyota_camry_1993_40.jpg,332,252,RGB,34.375,False,False
VMMRdb,chevrolet_astro_2002/2002 Chevy Astro_00Z0Z_3TxRctS4cyW_600x450.jpg,600,450,RGB,23.45703125,False,False
VMMRdb,toyota_corolla_2009/00l0l_fON7V6Hy9n9_600x450.jpg,600,450,RGB,33.705078125,False,False
VMMRdb,ford_ranger_2007/2007 Ford Ranger XLT_00o0o_5j6TWPEWUZ9_600x450.jpg,600,450,RGB,42.880859375,False,False
VMMRdb,audi_q7_2008/00808_i9D5I1Xn6LC_600x450.jpg,600,337,RGB,24.82421875,False,False
VMMRdb,ford_explorer_2002/2002 Ford Explorer_01313_exuI19kuoW0_600x450.jpg,600,450,RGB,50.6103515625,False,False
VMMRdb,toyota_camry_2006/2006 toyota camry_00M0M_8DSgNXwbYat_600x450.jpg,600,450,RGB,37.517578125,False,False
VMMRdb,nissan_versa_2007/nissan_versa_2007_15.jpg,600,450,RGB,71.177734375,False,False
VMMRdb,honda_civic_1998/01212_O33u3mquGn_600x450.jpg,600,337,RGB,37.3681640625,False,False
VMMRdb,cadillac_cts_2005/cadillac_cts_2005_48.jpg,508,380,RGB,30.662109375,False,False
VMMRdb,dodge_dart_1964/1964 Dodge Dart GT_00q0q_91DggyUPS0C_600x450.jpg,600,360,RGB,40.1240234375,False,False
VMMRdb,mercury_grandmarquis_2004/mercury_grandmarquis_2004_28.jpg,508,380,RGB,44.681640625,False,False
VMMRdb,kia_optima_2007/2007 KIA OPTIMA LX_00d0d_bAWQBdMykYW_600x450.jpg,337,450,RGB,14.732421875,False,False
VMMRdb,dodge_w100_1988/dodge_w100_1988_0.jpg,388,288,RGB,51.0166015625,False,False
VMMRdb,honda_accord_2004/2004 Honda Accord_00000_4SFqVt4l31s_600x450.jpg,600,448,RGB,37.3125,False,False
VMMRdb,toyota_celica_2001/toyota_celica_2001_31.jpg,272,204,RGB,21.8583984375,False,False
VMMRdb,toyota_prius_2007/toyota_prius_2007_22.jpg,548,392,RGB,78.14453125,False,False
VMMRdb,ford_mustang_1985/00u0u_pKCYlMCNop_600x450.jpg,600,450,RGB,42.216796875,False,False
VMMRdb,ford_fiesta_2011/2011 Ford Fiesta SES_01717_f7HGhowIzrM_600x450.jpg,600,450,RGB,42.2314453125,False,False
VMMRdb,chevrolet_blazer_2001/chevrolet_blazer_2001_26.jpg,440,380,RGB,37.5546875,False,False
VMMRdb,honda_cr-v_1998/00A0A_g5keuL3sOj5_600x450.jpg,600,450,RGB,36.3330078125,False,False
VMMRdb,toyota_solara_2001/toyota_solara_2001_8.jpg,548,408,RGB,77.0888671875,False,False
VMMRdb,mercedes benz_c240_2001/mercedes_c240_2001_19.jpg,292,220,RGB,26.9111328125,False,False
VMMRdb,honda_accord_1996/honda_accord_1996_89.jpg,332,252,RGB,36.9951171875,False,False
VMMRdb,ford_mustang_1986/00404_elfydw0QxhP_600x450.jpg,600,450,RGB,30.16015625,False,False
VMMRdb,jeep_grand_cherokee_1999/jeep_grandcherokee_1999_148.jpg,548,408,RGB,54.18359375,False,False
VMMRdb,honda_accord_1997/honda_accord_1997_47.jpg,476,356,RGB,45.8330078125,False,False
VMMRdb,ford_escape_2001/ford_escape_2001_26.jpg,272,204,RGB,25.48828125,False,False
VMMRdb,volkswagen_jetta_2006/volkswagen_jetta_2006_44.jpg,332,252,RGB,35.8828125,False,False
VMMRdb,ford_ranchero_1957/ford_ranchero_1957_1.jpg,412,308,RGB,41.8818359375,False,False
VMMRdb,nissan_altima_2000/nissan_altima_2000_19.jpg,412,308,RGB,44.9677734375,False,False
VMMRdb,pontiac_g6_2007/pontiac_g6_2007_112.jpg,332,252,RGB,29.216796875,False,False
VMMRdb,volkswagen_beetle_1978/1978 Volkswagon Beetle_00n0n_6SJ6NVaQtsg_600x450.jpg,600,450,RGB,45.1357421875,False,False
VMMRdb,ford_explorer_1998/1998 FORD EXPLORER XLT_00A0A_8yLDafYyHJn_600x450.jpg,600,399,RGB,29.38671875,False,False
VMMRdb,bmw_535i_2008/2008 bmw 535i_00r0r_in2VDwnsrm_600x450.jpg,600,450,RGB,44.3876953125,False,False
VMMRdb,honda_civic_coupe_1997/honda_civiccoupe_1997_35.jpg,272,204,RGB,23.8369140625,False,False
VMMRdb,honda_accord_2008/honda_accord_2008_4.jpg,508,380,RGB,46.6474609375,False,False
VMMRdb,hyundai_sonata_2001/hyundai_sonata_2001_18.jpg,444,332,RGB,50.7822265625,False,False
VMMRdb,bmw_325xi_2005/2005 BMW 325XI_00b0b_kZS2UGV0ORY_600x450.jpg,600,450,RGB,37.3935546875,False,False
VMMRdb,jeep_wrangler_2007/2007 Jeep Wrangler_00202_duOHmyTldo3_600x450.jpg,337,450,RGB,41.4296875,False,False
VMMRdb,chevrolet_corvette_2008/2008 chevrolet corvette convertible_00101_iNJvuvyd97x_600x450.jpg,338,450,RGB,21.9599609375,False,False
VMMRdb,honda_civic_1999/1999 Honda civic_01111_3redQbtJMZL_600x450.jpg,600,337,RGB,26.5087890625,False,False
VMMRdb,toyota_sienna_2008/toyota_sienna_2008_22.jpg,548,376,RGB,66.1318359375,False,False
VMMRdb,nissan_sentra_1994/00y0y_arejjgcCcPs_600x450.jpg,600,450,RGB,38.01953125,False,False
VMMRdb,chrysler_300_2012/2012 chrysler 300c_00L0L_eSTjkxeFKAf_600x450.jpg,600,400,RGB,42.875,False,False
VMMRdb,honda_civic_1999/1999 honda civic_00q0q_cPGx4ko9wxi_600x450.jpg,600,450,RGB,54.4423828125,False,False
VMMRdb,ford_ranger_1999/1999 Ford 4x4 Ranger_00j0j_4kSz4RpH481_600x450.jpg,600,450,RGB,46.9794921875,False,False
VMMRdb,volkswagen_golf_2005/volkswagen_golf_2005_14.jpg,508,380,RGB,62.529296875,False,False
VMMRdb,bmw_325i_2001/bmw_325i_2001_25.jpg,360,268,RGB,46.81640625,False,False
VMMRdb,pontiac_solstice_2006/00O0O_kvCdUFyJi9r_600x450.jpg,600,450,RGB,34.8056640625,False,False
VMMRdb,ford_explorer_1998/ford_explorer_1998_174.jpg,292,220,RGB,29.6005859375,False,False
VMMRdb,ford_mustang_1971/00L0L_cT7E8mc2be9_600x450.jpg,600,450,RGB,53.5791015625,False,False
VMMRdb,chevrolet_malibu_2008/2008 Chevy malibu_00l0l_69JMfOsUxJU_600x450.jpg,600,337,RGB,31.44921875,False,False
VMMRdb,bmw_m6_2007/00X0X_l2eka21m5PM_600x450.jpg,600,450,RGB,39.482421875,False,False
VMMRdb,dodge_colt_1994/1994 Dodge Colt Coupe_00l0l_iGCfOaIrvow_600x450.jpg,600,450,RGB,58.404296875,False,False
VMMRdb,honda_accord_1996/00G0G_dZv95ZaRpE3_600x450.jpg,600,337,RGB,34.103515625,False,False
VMMRdb,audi_a4_2002/00p0p_3raJpW1sBIN_600x450.jpg,480,360,RGB,29.046875,False,False
VMMRdb,ford_crown victoria_1986/1986 ford crown victoria_00u0u_ak2UQH0infx_600x450.jpg,600,450,RGB,31.08984375,False,False
VMMRdb,ford_f450_2000/2000 Ford f450_00e0e_k9TPV9UdlBL_600x450.jpg,338,450,RGB,31.44140625,False,False
VMMRdb,volkswagen_jetta_2007/2007 volkswagen jetta_00b0b_kQ5C2NptQBq_600x450.jpg,600,337,RGB,31.720703125,False,False
VMMRdb,pontiac_g6_2009/00e0e_6vgXzYIaSSB_600x450.jpg,600,421,RGB,35.3125,False,False
VMMRdb,chevrolet_pickup_1940/1940 chevy  pickup_00909_7fN8mPAdPvg_600x450.jpg,600,450,RGB,49.8447265625,False,False
VMMRdb,nissan_sentra_1996/1996 nissan sentra_01414_75sM5I83YAp_600x450.jpg,600,450,RGB,44.998046875,False,False
VMMRdb,toyota_corolla_2002/toyota_corolla_2002_58.jpg,548,408,RGB,49.966796875,False,False
VMMRdb,chevrolet_s10_1997/chevrolet_s10_1997_20.jpg,312,236,RGB,26.41796875,False,False
VMMRdb,volvo_xc90_2003/volvo_xc90_2003_3.jpg,588,440,RGB,52.154296875,False,False
VMMRdb,chevrolet_corvette_2004/2004 Chevrolet Corvette_01717_hvXQNujAGM4_600x450.jpg,337,450,RGB,21.08984375,False,False
VMMRdb,ford_excursion_2004/2004 ford excursion_00k0k_85f7t1l7vhl_600x450.jpg,600,337,RGB,34.4482421875,False,False
VMMRdb,gmc_sierra_1500_1986/1986 GMC SIERRA_01212_iZtKnvvOlvr_600x450.jpg,600,450,RGB,44.0244140625,False,False
VMMRdb,saab_9-3_convertible_1999/1999 saab 9-3 convertible_01717_1ke3QHzStQj_600x450.jpg,600,450,RGB,59.1953125,False,False
VMMRdb,ford_crown victoria_2003/ford_crownvictoria_2003_11.jpg,588,440,RGB,62.1982421875,False,False
VMMRdb,mercury_mountaineer_2005/2005 MERCURY MOUNTANIER_00S0S_lMIrUtd4dDz_600x450.jpg,600,450,RGB,36.1728515625,False,False
VMMRdb,honda_prelude_1992/1992 Honda prelude_00c0c_6nquPEnQQD0_600x450.jpg,460,450,RGB,34.7119140625,False,False
VMMRdb,bmw_325i_1995/1995 BMW 325i_00Z0Z_a1N9znINf4K_600x450.jpg,600,450,RGB,58.1298828125,False,False
VMMRdb,nissan_240sx_1995/1995 Nissan 240sx_00E0E_hpUSvYrWeIv_600x450.jpg,600,450,RGB,32.5673828125,False,False
VMMRdb,chevrolet_corvette_1978/chevrolet_corvette_1978_19.jpg,312,236,RGB,35.5693359375,False,False
VMMRdb,lexus_gs300_2001/2001 lexus gs300_01212_4PUjdoYRhTC_600x450.jpg,600,337,RGB,25.85546875,False,False
VMMRdb,ford_explorer_2002/2002 EXPLORER XLT_00606_1nj36CRDPFY_600x450.jpg,600,450,RGB,28.490234375,False,False
VMMRdb,ford_f150_2014/2014 Ford f-150_00o0o_hzhu7IiGOnA_600x450.jpg,337,450,RGB,22.8720703125,False,False
VMMRdb,chevrolet_trailblazer_2006/chevrolet_trailblazer_2006_63.jpg,312,236,RGB,33.720703125,False,False
VMMRdb,nissan_versa_2007/00k0k_49fUI7qcT4G_600x450.jpg,600,450,RGB,42.2021484375,False,False
VMMRdb,ford_taurus_2006/ford_taurus_2006_61.jpg,388,288,RGB,29.7744140625,False,False
VMMRdb,honda_pilot_2011/honda_pilot_2011_5.jpg,548,376,RGB,67.822265625,False,False
VMMRdb,dodge_ram_3500_2014/2014 Dodge 3500_00m0m_9MJqOkQ5ev5_600x450.jpg,600,450,RGB,42.1748046875,False,False
VMMRdb,mazda_6_2006/00a0a_hHdayzqbfo3_600x450.jpg,600,450,RGB,53.4541015625,False,False
VMMRdb,dodge_intrepid_2002/dodge_intrepid_2002_31.jpg,256,192,RGB,15.0224609375,False,False
VMMRdb,ford_fusion_2011/2011 Ford Fusion_01313_R2QH9wkWYy_600x450.jpg,600,450,RGB,47.146484375,False,False
VMMRdb,hyundai_elantra_2011/2011 Hyundai elantra_00l0l_irXGVXNSirl_600x450.jpg,253,450,RGB,19.4833984375,False,False
VMMRdb,mercedes benz_c240_2002/mercedes_c240_2002_12.jpg,476,356,RGB,42.466796875,False,False
VMMRdb,chevrolet_silverado_2005/2005 Chevrolet Silverado_00t0t_e7pPdNPbRom_600x450.jpg,600,450,RGB,38.634765625,False,False
VMMRdb,kia_sportage_2006/kia_sportage_2006_20.jpg,312,236,RGB,30.9404296875,False,False
VMMRdb,scion_tc_2006/2006 scion tc_00c0c_1nHdDfZ4mDQ_600x450.jpg,600,450,RGB,45.5849609375,False,False
VMMRdb,chevrolet_corvette_1985/01212_7SBY9vK0Baw_600x450.jpg,337,450,RGB,25.08203125,False,False
VMMRdb,mercedes benz_gl450_2007/mercedes_gl450_2007_18.jpg,548,408,RGB,76.08984375,False,False
VMMRdb,acura_tl_2000/00P0P_6hbaqYSB7bj_600x450.jpg,600,450,RGB,36.5546875,False,False
VMMRdb,mini_cooper_2011/mini_cooper_2011_10.jpg,312,236,RGB,33.1220703125,False,False
VMMRdb,ford_f100_1971/ford_f100_1971_2.jpg,548,408,RGB,85.9208984375,False,False
VMMRdb,bmw_x5_2009/2009 BMW X5 4.8 XDRIVE_00t0t_6lKVowqArRC_600x450.jpg,600,450,RGB,48.4345703125,False,False
VMMRdb,ford_expedition_2003/ford_expedition_2003_106.jpg,548,408,RGB,62.923828125,False,False
VMMRdb,bmw_525i_2003/bmw_525i_2003_26.jpg,476,356,RGB,55.6064453125,False,False
VMMRdb,chevrolet_silverado_2004/2004 Chevrolet Silverado 2500HD_00K0K_dBLaaMFC9Xu_600x450.jpg,600,450,RGB,52.2548828125,False,False
VMMRdb,chevrolet_cavalier_2002/chevrolet_cavalier_2002_10.jpg,248,192,RGB,15.7509765625,False,False
VMMRdb,nissan_versa_2012/2012 nissan versa hatchback s_00I0I_7ynSYLbF0qC_600x450.jpg,600,337,RGB,32.4697265625,False,False
VMMRdb,chevrolet_camaro_1973/1973 chevrolet camaro_00n0n_C567DEoiMi_600x450.jpg,600,385,RGB,32.5556640625,False,False
VMMRdb,jeep_wrangler_rubicon_2006/2006 JEEP RUBICON_01717_6Zcu6vr5OKH_600x450.jpg,337,450,RGB,21.65234375,False,False
VMMRdb,mercedes benz_sl380_1983/1983 Mercedes-benz 380SL_01111_aRIiDPo2utv_600x450.jpg,600,450,RGB,40.4873046875,False,False
VMMRdb,dodge_neon_2005/dodge_neon_2005_37.jpg,548,408,RGB,53.6513671875,False,False
VMMRdb,chevrolet_silverado_2010/2010 Chevy Silverado_00u0u_a50ZU51L85k_600x450.jpg,600,450,RGB,58.46875,False,False
VMMRdb,mercedes benz_e350_2006/2006 mercedes-benz e350 wagon_00I0I_jSOSS7skXvn_600x450.jpg,600,450,RGB,50.1376953125,False,False
VMMRdb,bmw_325i_2002/bmw_325i_2002_72.jpg,332,252,RGB,24.6748046875,False,False
VMMRdb,mercury_monterey_1974/1974 mercury monterey_00A0A_4wL8SvDYadk_600x450.jpg,600,400,RGB,49.447265625,False,False
VMMRdb,ford_expedition_1998/ford_expedition_1998_125.jpg,312,236,RGB,29.1220703125,False,False
VMMRdb,lincoln_continental_1977/1977 Lincoln Continental_41XfeyxV0nL.jpg,500,176,RGB,16.1875,False,False
VMMRdb,honda_civic_1999/honda_civic_1999_170.jpg,388,288,RGB,35.12109375,False,False
VMMRdb,ford_f150_2007/ford_f150_2007_92.jpg,508,380,RGB,63.3876953125,False,False
VMMRdb,chevrolet_impala_2006/chevrolet_impala_2006_118.jpg,548,408,RGB,62.1142578125,False,False
VMMRdb,gmc_c4500_2003/2003 Gmc c4500 topkick_00N0N_30JFiZagfyt_600x450.jpg,600,337,RGB,40.3857421875,False,False
VMMRdb,lincoln_mkt_2010/2010 Lincoln MKT_00H0H_dUItiVmCDhB_600x450.jpg,562,421,RGB,41.8193359375,False,False
VMMRdb,ford_mustang_mach_2003/2003 Ford Mustang Mach 1_00g0g_foOvzBIfowU_600x450.jpg,600,339,RGB,29.869140625,False,False
VMMRdb,nissan_murano_2006/nissan_murano_2006_21.jpg,548,408,RGB,48.91015625,False,False
VMMRdb,cadillac_escalade_2007/2007 Cadillac Escalade_00d0d_6oiRCH0AnUA_600x450.jpg,600,337,RGB,39.3955078125,False,False
VMMRdb,ford_mustang_1995/00k0k_4BR18TdytEn_600x450.jpg,600,450,RGB,31.625,False,False
VMMRdb,toyota_scion_2007/2007 toyota scion tc_00l0l_6LIqVJtiqgt_600x450.jpg,600,337,RGB,22.9111328125,False,False
VMMRdb,jeep_liberty_2005/2005 Jeep Liberty_01010_hZy4PC7ch0I_600x450.jpg,600,337,RGB,41.611328125,False,False
VMMRdb,mercedes benz_ml320_1998/mercedes_ml320_1998_23.jpg,256,192,RGB,12.0263671875,False,False
VMMRdb,nissan_altima_2002/nissan_altima_2002_81.jpg,292,220,RGB,29.09765625,False,False
VMMRdb,ford_f250_2005/2005 FORD F- 250 LARIAT_00Y0Y_id7QUM306b2_600x450.jpg,600,448,RGB,46.3251953125,False,False
VMMRdb,chevrolet_trailblazer_2004/2004 chevrolet trailblazer_00b0b_9rvSFxsrPrl_600x450.jpg,600,450,RGB,39.4619140625,False,False
VMMRdb,chevrolet_silverado_2010/2010 Chevrolet Silverado_00101_5ZDmVoFfKlf_600x450.jpg,600,365,RGB,30.7197265625,False,False
VMMRdb,chevrolet_sonic_2014/2014 chevrolet sonic_00A0A_llmTUhnitn2_600x450.jpg,600,337,RGB,27.7705078125,False,False
VMMRdb,ford_fusion_2011/2011 Ford Fusion_B1cldnDw4xS._UY560_.png,747,560,RGB,36.138671875,False,False
VMMRdb,honda_cr-v_1999/00I0I_4KoTUojEsQQ_600x450.jpg,600,450,RGB,41.2646484375,False,False
VMMRdb,nissan_versa_2011/nissan_versa_2011_23.jpg,600,450,RGB,65.873046875,False,False
VMMRdb,dodge_ram_1500_1997/1997 Dodge 1500 4x4_00x0x_cjGkk28bZw3_600x450.jpg,600,450,RGB,60.6416015625,False,False
VMMRdb,isuzu_rodeo_1998/isuzu_rodeo_1998_10.jpg,292,220,RGB,22.9521484375,False,False
VMMRdb,nissan_sentra_2008/nissan_sentra_2008_8.jpg,332,252,RGB,37.111328125,False,False
VMMRdb,dodge_grand caravan_1998/dodge_grandcaravan_1998_24.jpg,588,440,RGB,57.611328125,False,False
VMMRdb,chrysler_300_2011/2011 Chrysler 300_71TCWEQvgXL._UY560_.jpg,1248,560,RGB,70.9794921875,False,True
VMMRdb,toyota_tacoma_2009/toyota_tacoma_2009_2.jpg,388,288,RGB,31.1484375,False,False
VMMRdb,ford_mustang_1998/1998 ford mustang_00a0a_1VPomSHkEVX_600x450.jpg,253,450,RGB,27.263671875,False,False
VMMRdb,chevrolet_montecarlo_2007/chevrolet_montecarlo_2007_1.jpg,548,408,RGB,52.7373046875,False,False
VMMRdb,toyota_corolla_1995/1995 toyota corolla_00I0I_9GnC6ozYTvj_600x450.jpg,600,448,RGB,48.1357421875,False,False
VMMRdb,nissan_quest_2007/nissan_quest_2007_35.jpg,312,236,RGB,28.7138671875,False,False
VMMRdb,buick_lacrosse_2010/buick_lacrosse_2010_3.jpg,360,268,RGB,31.9697265625,False,False
VMMRdb,cadillac_escalade_2009/2009 Escalade_00h0h_3bZECM104Jk_600x450.jpg,600,450,RGB,35.8125,False,False
VMMRdb,honda_odyssey_2005/2005 Honda OdysseyTouring Edition_00y0y_4uVw0vS8YKJ_600x450.jpg,600,450,RGB,40.8896484375,False,False
VMMRdb,chrysler_300_2015/2015 chrysler 300S_00V0V_2IIqLuDL02U_600x450.jpg,600,450,RGB,43.322265625,False,False
VMMRdb,honda_accord_1993/honda_accord_1993_30.jpg,476,356,RGB,51.14453125,False,False
VMMRdb,honda_civic_2001/honda_civic_2001_47.jpg,588,440,RGB,55.9951171875,False,False
VMMRdb,chevrolet_camaro_1985/chevrolet_camaro_1985_3.jpg,388,288,RGB,25.26953125,False,False
VMMRdb,cadillac_deville_2002/cadillac_deville_2002_18.jpg,476,356,RGB,40.1669921875,False,False
VMMRdb,lexus_es350_2007/lexus_es350_2007_17.jpg,444,332,RGB,51.4150390625,False,False
VMMRdb,toyota_avalon_2003/2003 Toyota Avalon_01111_ceC5vUwep00_600x450.jpg,600,337,RGB,48.3701171875,False,False
VMMRdb,ford_f150_1986/ford_f150_1986_8.jpg,388,288,RGB,36.74609375,False,False
VMMRdb,ford_escort_1993/ford_escort_1993_0.jpg,252,192,RGB,19.650390625,False,False
VMMRdb,ford_focus_2007/ford_focus_2007_110.jpg,476,356,RGB,65.755859375,False,False
VMMRdb,jeep_patriot_2007/jeep_patriot_2007_16.jpg,508,380,RGB,53.091796875,False,False
VMMRdb,chevrolet_silverado_2011/2011 CHEVY SILVERADO 1500_00000_jB439a3oczB_600x450.jpg,600,400,RGB,29.1533203125,False,False
VMMRdb,dodge_magnum_2004/00T0T_cqYSy5cfZWB_600x450.jpg,600,400,RGB,38.4384765625,False,False
VMMRdb,chevrolet_aveo_2005/2005 CHEVY AVEO_00Y0Y_cQ4PQtJ5CYm_600x450.jpg,600,450,RGB,54.2900390625,False,False
VMMRdb,ford_escape_2004/ford_escape_2004_54.jpg,332,252,RGB,25.9873046875,False,False
VMMRdb,chevrolet_avalanche_2004/00i0i_1BytYx7k2Kj_600x450.jpg,600,447,RGB,29.685546875,False,False
VMMRdb,nissan_sentra_2001/nissan_sentra_2001_9.jpg,444,332,RGB,55.716796875,False,False
VMMRdb,nissan_quest_1999/nissan_quest_1999_33.jpg,312,236,RGB,27.533203125,False,False
VMMRdb,gmc_sierra_1500_2001/gmc_sierra_2001_28.jpg,548,408,RGB,60.041015625,False,False
VMMRdb,pontiac_vibe_2004/2004 pontiac vibe_00c0c_llfGlKkZNQt_600x450.jpg,600,450,RGB,34.3828125,False,False
VMMRdb,toyota_sequoia_2003/2003 Toyota Sequoia_00R0R_f9ofnqN4OmR_600x450.jpg,600,450,RGB,23.6171875,False,False
VMMRdb,dodge_durango_2000/dodge_durango_2000_92.jpg,332,252,RGB,22.583984375,False,False
VMMRdb,dodge_ram_1500_2002/2002 dodge ram_00k0k_bBSNEt8r9nK_600x450.jpg,320,240,RGB,15.9296875,False,False
VMMRdb,ford_explorer_2003/2003 ford explorer_00O0O_jOtVZmVAixe_600x450.jpg,600,450,RGB,66.6025390625,False,False
VMMRdb,chevrolet_cobalt_2010/2010 chevy cobalt_00j0j_fEqwJ8aXAkF_600x450.jpg,600,450,RGB,35.02734375,False,False
VMMRdb,dodge_dakota_2005/dodge_dakota_2005_24.jpg,412,308,RGB,50.580078125,False,False
VMMRdb,chevrolet_impala_2001/chevrolet_impala_2001_12.jpg,332,252,RGB,31.5146484375,False,False
VMMRdb,toyota_tundra_2001/2001 Toyota Tundra_00k0k_fQCZJpFfCIQ_600x450.jpg,253,450,RGB,23.8857421875,False,False
VMMRdb,ford_focus_2006/2006 ford focus_00O0O_416zrnKai6f_600x450.jpg,600,450,RGB,45.8251953125,False,False
VMMRdb,ford_f150_1998/1998 ford f150 xlt_00202_dKhq4z8Kihb_600x450.jpg,600,337,RGB,40.0859375,False,False
VMMRdb,gmc_acadia_2007/2007 GMC Acadia_00h0h_dbiLWwb99I9_600x450.jpg,600,337,RGB,27.3779296875,False,False
VMMRdb,buick_century_1999/buick_century_1999_7.jpg,412,308,RGB,49.0546875,False,False
VMMRdb,mercedes benz_s500_2001/mercedes_s500_2001_2.jpg,588,440,RGB,89.8818359375,False,False
VMMRdb,buick_century_2000/buick_century_2000_21.jpg,292,220,RGB,29.080078125,False,False
VMMRdb,chevrolet_impala_2004/01010_lpVjE3ZEFvj_600x450.jpg,600,450,RGB,38.4599609375,False,False
VMMRdb,volvo_s40_2000/volvo_s40_2000_12.jpg,588,440,RGB,69.0732421875,False,False
VMMRdb,chevrolet_camaro_1987/1987 Camaro_00N0N_dced8qTnJSh_600x450.jpg,600,450,RGB,39.59765625,False,False
VMMRdb,mercury_mountaineer_2004/mercury_mountaineer_2004_56.jpg,548,408,RGB,52.8828125,False,False
VMMRdb,chrysler_pacifica_2005/chrysler_pacifica_2005_5.jpg,600,450,RGB,78.1015625,False,False
VMMRdb,honda_accord_1995/00j0j_8wMQU7d05NY_600x450.jpg,600,450,RGB,67.8408203125,False,False
VMMRdb,chevrolet_aveo_2004/00j0j_eUnIg0FXSej_600x450.jpg,562,450,RGB,36.5390625,False,False
VMMRdb,ford_explorer_1999/1999 Ford explorer_00H0H_h2rLc6hPjxO_600x450.jpg,600,337,RGB,32.6259765625,False,False
VMMRdb,chevrolet_corvette_1996/01616_4mFB8AxWTzW_600x450.jpg,600,450,RGB,47.240234375,False,False
VMMRdb,subaru_wrx_2002/2002 Subaru wrx_00x0x_cdnYZHxhYev_600x450.jpg,600,337,RGB,38.5654296875,False,False
VMMRdb,bmw_328i_1997/1997 BMW 328i_00C0C_d3byC0o7ouT_600x450.jpg,337,450,RGB,28.19921875,False,False
VMMRdb,jeep_cherokee_1991/jeep_cherokee_1991_5.jpg,248,204,RGB,21.0185546875,False,False
VMMRdb,chrysler_300_2006/chrysler_300_2006_54.jpg,360,268,RGB,33.728515625,False,False
VMMRdb,isuzu_rodeo_1998/isuzu_rodeo_1998_13.jpg,332,252,RGB,36.23046875,False,False
VMMRdb,toyota_rav4_2003/toyota_rav4_2003_20.jpg,548,408,RGB,61.70703125,False,False
VMMRdb,nissan_murano_2007/nissan_murano_2007_7.jpg,588,440,RGB,60.50390625,False,False
VMMRdb,lincoln_ls_2001/lincoln_ls_2001_36.jpg,444,332,RGB,67.7509765625,False,False
VMMRdb,toyota_camry_1996/toyota_camry_1996_66.jpg,360,268,RGB,29.08984375,False,False
VMMRdb,chevrolet_s10_1998/1998 Chevy S10_00606_1PdO4hO56TX_600x450.jpg,600,337,RGB,45.26953125,False,False
VMMRdb,pontiac_vibe_2005/pontiac_vibe_2005_26.jpg,508,380,RGB,50.6328125,False,False
VMMRdb,chevrolet_impala_2004/chevrolet_impala_2004_121.jpg,272,204,RGB,24.1591796875,False,False
VMMRdb,chevrolet_malibu_2008/2008 Chevrolet Malibu_00r0r_l5Wu7wh2tEM_600x450.jpg,600,450,RGB,39.44921875,False,False
VMMRdb,hummer_h3_2007/hummer_h3_2007_9.jpg,272,204,RGB,27.1884765625,False,False
VMMRdb,audi_a4_2003/2003 AUDI A4 QUATTRO_00101_hk9LVCNHeM8_600x450.jpg,600,450,RGB,46.78125,False,False
VMMRdb,ford_ranger_1983/1983 FORD RANGER_00l0l_33TXEXi4GWx_600x450.jpg,600,337,RGB,25.16796875,False,False
VMMRdb,bmw_x5_2007/BMW_X5_2007_19.jpg,600,450,RGB,76.4619140625,False,False
VMMRdb,dodge_grand caravan_2001/dodge_grandcaravan_2001_55.jpg,548,408,RGB,68.4208984375,False,False
VMMRdb,jeep_grand_cherokee_2007/jeep_grandcherokee_2007_24.jpg,336,252,RGB,30.876953125,False,False
VMMRdb,infiniti_i30_2001/infiniti_i30_2001_5.jpg,360,268,RGB,44.2021484375,False,False
VMMRdb,dodge_charger_1988/00P0P_b2IVQahu2ti_600x450.jpg,600,450,RGB,47.310546875,False,False
VMMRdb,ford_f150_2007/2007 Ford F-150_01616_fo45oyz6Bsa_600x450.jpg,600,450,RGB,40.01171875,False,False
VMMRdb,kia_sorento_2003/2003 kia sorento_00J0J_cMDmLKLoCRs_600x450.jpg,600,337,RGB,35.2265625,False,False
VMMRdb,chevrolet_malibu_2001/chevrolet_malibu_2001_94.jpg,336,252,RGB,33.87890625,False,False
VMMRdb,scion_xa_2004/2004 Scion xA_913iVxOkCHL._UY560_.png,878,560,RGB,45.8984375,False,False
VMMRdb,chevrolet_express_2008/2008 Chevrolet Express Van_01717_dA7MONmgZ5P_600x450.jpg,600,450,RGB,40.6064453125,False,False
VMMRdb,dodge_durango_1999/1999 dodge durango_00p0p_83zFVqWocV2_600x450.jpg,600,450,RGB,58.1533203125,False,False
VMMRdb,pontiac_g6_2006/pontiac_g6_2006_81.jpg,292,220,RGB,25.826171875,False,False
VMMRdb,acura_integra_1992/acura_integra_1992_8.jpg,412,308,RGB,30.4111328125,False,False
VMMRdb,bmw_750i_2009/bmw_750li_2009_2.jpg,508,380,RGB,50.126953125,False,False
VMMRdb,toyota_camry_2007/toyota_camry_2007_55.jpg,548,408,RGB,64.3671875,False,False
VMMRdb,chevrolet_impala_2010/2010 chevrolet impala_00V0V_jeKmfYkbt5V_600x450.jpg,600,450,RGB,50.9755859375,False,False
VMMRdb,nissan_maxima_2003/00101_hlqhagQyI9Y_600x450.jpg,600,450,RGB,38.28515625,False,False
VMMRdb,jeep_grand_cherokee_2000/jeep_grandcherokee_2000_167.jpg,588,440,RGB,78.763671875,False,False
VMMRdb,honda_cr-v_2006/honda_crv_2006_18.jpg,548,408,RGB,63.5048828125,False,False
VMMRdb,honda_accord_1991/honda_accord_1991_0.jpg,360,268,RGB,26.7314453125,False,False
VMMRdb,ford_f150_2002/2002 Ford F150_00G0G_78YFpAwUppI_600x450.jpg,600,337,RGB,23.83984375,False,False
VMMRdb,suzuki_forenza_2004/suzuki_forenza_2004_27.jpg,256,192,RGB,15.26953125,False,False
VMMRdb,nissan_maxima_2004/2004 nissan maxima_01212_9N5J1POMn1G_600x450.jpg,337,450,RGB,22.6083984375,False,False
VMMRdb,nissan_maxima_2006/2006 nissan maxima_00909_9xN0POHmOkk_600x450.jpg,600,450,RGB,38.3251953125,False,False
VMMRdb,chevrolet_montecarlo_2003/chevrolet_montecarlo_2003_30.jpg,548,376,RGB,73.3349609375,False,False
VMMRdb,jaguar_s-type_2002/jaguar_stype_2002_10.jpg,548,408,RGB,67.5849609375,False,False
VMMRdb,nissan_350z_2004/nissan_350z_2004_39.jpg,312,236,RGB,28.892578125,False,False
VMMRdb,chevrolet_equinox_2005/2005 chevy equinox_00U0U_aVF0IKN2fZS_600x450.jpg,337,450,RGB,19.7646484375,False,False
VMMRdb,dodge_grand caravan_2000/dodge_grandcaravan_2000_70.jpg,588,440,RGB,83.1044921875,False,False
VMMRdb,chevrolet_blazer_1978/chevrolet_k5blazer_1978_1.jpg,476,356,RGB,61.1884765625,False,False
VMMRdb,toyota_corolla_1996/01212_5I3Vu8uGB48_600x450.jpg,600,450,RGB,51.845703125,False,False
VMMRdb,saturn_ion_2005/saturn_ion_2005_23.jpg,476,356,RGB,48.736328125,False,False
VMMRdb,toyota_solara_2003/00V0V_bp1lyFmUtDF_600x450.jpg,600,450,RGB,28.48046875,False,False
VMMRdb,mazda_3_2010/mazda_3_2010_27.jpg,312,236,RGB,29.2373046875,False,False
VMMRdb,toyota_tacoma_2001/toyota_tacoma_2001_27.jpg,360,268,RGB,30.9033203125,False,False
VMMRdb,jeep_grand_cherokee_2000/jeep_grandcherokee_2000_166.jpg,312,236,RGB,37.92578125,False,False
VMMRdb,ford_ranger_1995/1995 ford ranger_00Z0Z_4V56FjR1qmC_600x450.jpg,600,450,RGB,33.6748046875,False,False
VMMRdb,nissan_frontier_2006/2006 Nissan Frontier_00909_d1AoMs01jD2_600x450.jpg,337,450,RGB,27.0625,False,False
VMMRdb,bmw_x5_2002/bmw_x5_2002_36.jpg,600,450,RGB,89.80859375,False,False
VMMRdb,honda_civic_coupe_2004/honda_civiccoupe_2004_0.jpg,548,408,RGB,60.1298828125,False,False
VMMRdb,gmc_envoy_2007/01313_5x5QsWabaD0_600x450.jpg,600,450,RGB,33.466796875,False,False
VMMRdb,volkswagen_jetta_2011/volkswagen_jetta_2011_28.jpg,332,252,RGB,27.146484375,False,False
VMMRdb,honda_accord_2 door_2004/2004 honda accord 2-door coupe_00m0m_eB9q7BqKQAs_600x450.jpg,600,337,RGB,27.505859375,False,False
VMMRdb,chevrolet_impala_2007/2007 Chevrolet Impala_00101_dYXXdm3FXFx_600x450.jpg,600,337,RGB,35.5478515625,False,False
VMMRdb,honda_civic_2007/honda_civic_2007_49.jpg,412,308,RGB,40.0107421875,False,False
VMMRdb,jeep_grand_cherokee_2002/2002 Jeep Grand Cherokee_01212_gGdF0zrXtvo_600x450.jpg,600,450,RGB,40.740234375,False,False
VMMRdb,lincoln_towncar_2005/2005 TOWN CAR LINCOLN_00v0v_1vmJpmUDnUg_600x450.jpg,600,337,RGB,30.1650390625,False,False
VMMRdb,bmw_325i_2003/2003 bmw 325i_00R0R_heGSdIB8CQP_600x450.jpg,600,450,RGB,29.794921875,False,False
VMMRdb,ford_edge_2011/2011 ford edge_00V0V_2SnLY7i28LR_600x450.jpg,600,450,RGB,49.203125,False,False
VMMRdb,chevrolet_silverado_2004/2004 2004 chevrolet 2500_00L0L_jSadCfi6RdL_600x450.jpg,300,168,RGB,13.96484375,False,False
VMMRdb,nissan_pathfinder_2000/2000 nissan pathfinder_00v0v_cCUs1XnInu_600x450.jpg,600,448,RGB,43.58984375,False,False
VMMRdb,chevrolet_silverado_2003/2003 CHEVY 2500_00l0l_28nwRCearQs_600x450.jpg,600,450,RGB,28.11328125,False,False
VMMRdb,honda_civic_1993/honda_civic_1993_75.jpg,272,204,RGB,23.1923828125,False,False
VMMRdb,nissan_quest_2004/00E0E_kcedCxVMaf8_600x450.jpg,600,448,RGB,37.3330078125,False,False
VMMRdb,dodge_nitro_2009/dodge_nitro_2009_1.jpg,548,408,RGB,50.5908203125,False,False
VMMRdb,chevrolet_cavalier_1999/1999 Chevy cavalier_00G0G_6EkHiJVcuQi_600x450.jpg,337,450,RGB,24.6435546875,False,False
VMMRdb,dodge_ram_1500_2014/2014 dodge ram 1500_00v0v_g27uodrlyEy_600x450.jpg,600,450,RGB,38.447265625,False,False
VMMRdb,toyota_tacoma_1999/1999 toyota tacoma_00t0t_cwVPaMMD3Pd_600x450.jpg,600,450,RGB,51.6689453125,False,False
VMMRdb,cadillac_deville_2001/cadillac_deville_2001_32.jpg,412,308,RGB,51.17578125,False,False
VMMRdb,ford_explorer_2002/ford_explorer_2002_48.jpg,600,450,RGB,90.98828125,False,False
VMMRdb,jeep_grand_cherokee_1995/jeep_grandcherokee_1995_29.jpg,588,440,RGB,65.494140625,False,False
VMMRdb,dodge_durango_2001/dodge_durango_2001_148.jpg,256,192,RGB,16.2021484375,False,False
VMMRdb,toyota_tundra_2012/toyota_tundra_2012_2.jpg,388,288,RGB,27.076171875,False,False
VMMRdb,toyota_prius_2005/toyota_prius_2005_39.jpg,548,408,RGB,62.3232421875,False,False
VMMRdb,acura_tl_2005/acura_tl_2005_69.jpg,388,288,RGB,26.2978515625,False,False
VMMRdb,infiniti_m30_1991/1991 1991 Infiniti M30_00Q0Q_6pllmpf1KHO_600x450.jpg,600,337,RGB,45.30078125,False,False
VMMRdb,honda_civic_1990/honda_civic_1990_3.jpg,336,252,RGB,26.0693359375,False,False
VMMRdb,dodge_ram_3500_2007/2007 Dodge Ram 3500_00i0i_hCAG0GX87W4_600x450.jpg,320,240,RGB,14.005859375,False,False
VMMRdb,chevrolet_camaro_2001/chevrolet_camaro_2001_18.jpg,292,220,RGB,25.482421875,False,False
VMMRdb,mitsubishi_eclipse_2003/mitsubishi_eclipse_2003_2.jpg,548,408,RGB,60.94140625,False,False
VMMRdb,dodge_magnum_2000/00J0J_ieCKYSVXG2d_600x450.jpg,337,450,RGB,25.1845703125,False,False
VMMRdb,hyundai_accent_2012/hyundai_accent_2012_4.jpg,508,380,RGB,50.98046875,False,False
VMMRdb,volkswagen_jetta_2004/volkswagen_jetta_2004_52.jpg,336,252,RGB,31.6943359375,False,False
VMMRdb,dodge_grand caravan_1996/dodge_grandcaravan_1996_9.jpg,332,252,RGB,23.0263671875,False,False
VMMRdb,mitsubishi_eclipse_convertible_2010/2010 mitsubishi eclipse convertible_00Y0Y_1yb040k0Zk1_600x450.jpg,600,450,RGB,55.61328125,False,False
VMMRdb,volvo_s60_2002/00909_idqT6UTJ9Di_600x450.jpg,600,450,RGB,25.5849609375,False,False
VMMRdb,bmw_z3_1998/1998 bmw z3 roadster_00X0X_augCA45gfYl_600x450.jpg,600,450,RGB,53.58203125,False,False
VMMRdb,chevrolet_camaro_1996/1996 chev camaro_00g0g_k6hrc1pnxDW_600x450.jpg,600,450,RGB,33.9853515625,False,False
VMMRdb,chevrolet_hhr_2006/chevrolet_hhr_2006_4.jpg,388,288,RGB,38.6748046875,False,False
VMMRdb,honda_pilot_2009/2009 Honda Pilot_00D0D_gWuTs6IaEsY_600x450.jpg,600,337,RGB,34.1279296875,False,False
VMMRdb,bmw_335i_2008/bmw_335i_2008_15.jpg,336,252,RGB,32.447265625,False,False
VMMRdb,oldsmobile_starfire_1964/1964 Oldsmobile Starfire Convertible_00v0v_gmhKmFdRJJl_600x450.jpg,600,450,RGB,58.9990234375,False,False
VMMRdb,mercury_milan_2008/mercury_milan_2008_3.jpg,388,288,RGB,45.1826171875,False,False
VMMRdb,honda_element_2010/2010 Honda Element_E1fTfJ1x9fS._UY560_.png,747,560,RGB,40.2275390625,False,False
VMMRdb,bmw_740i_1998/1998 BMW 740i_00d0d_53epxz55wPX_600x450.jpg,337,450,RGB,27.6982421875,False,False
VMMRdb,chevrolet_corvette_2005/00h0h_djOpoZSywHd_600x450.jpg,600,400,RGB,37.4404296875,False,False
VMMRdb,bmw_330i_2002/bmw_330i_2002_8.jpg,508,380,RGB,52.4619140625,False,False
VMMRdb,toyota_rav4_1999/00i0i_cTbbyWuBNVD_600x450.jpg,600,450,RGB,47.0986328125,False,False
VMMRdb,jeep_grand_cherokee_2007/jeep_grandcherokee_2007_61.jpg,256,192,RGB,16.61328125,False,False
VMMRdb,chevrolet_suburban_1997/chevrolet_v2500suburban_1997_0.jpg,360,268,RGB,32.029296875,False,False
VMMRdb,volkswagen_jetta_2002/2002 VW Jetta_00Y0Y_lmIOkG6Og6a_600x450.jpg,600,337,RGB,29.7763671875,False,False
VMMRdb,mini_cooper_2006/mini_coopers_2006_57.jpg,312,236,RGB,27.8271484375,False,False
VMMRdb,mazda_mx5_miata_1996/mazda_mx5miata_1996_3.jpg,388,288,RGB,33.130859375,False,False
VMMRdb,toyota_celica_2001/2001 Toyota Celica GT_01313_uT3RfXK3fI_600x450.jpg,600,450,RGB,40.3984375,False,False
VMMRdb,buick_lesabre_1994/1994 buick lesabre_00R0R_6l1RedNtaFM_600x450.jpg,600,450,RGB,41.4404296875,False,False
VMMRdb,dodge_durango_2002/2002 Dodge Durango_00N0N_aDR9ek5RU19_600x450.jpg,600,360,RGB,48.8388671875,False,False
VMMRdb,ford_explorer_2007/00J0J_iRUuRSUuc9T_600x450.jpg,600,450,RGB,43.1240234375,False,False
VMMRdb,gmc_envoy_2004/gmc_envoy_2004_66.jpg,476,356,RGB,65.666015625,False,False
VMMRdb,nissan_altima_2006/2006 nissan altima_00g0g_3uSQTGYXhXZ_600x450.jpg,600,449,RGB,54.1748046875,False,False
VMMRdb,honda_fit_2009/2009 honda fit_00909_4HXsWLVVNKS_600x450.jpg,600,337,RGB,30.0986328125,False,False
VMMRdb,audi_a6_2004/00S0S_QJHwFzU18d_600x450.jpg,600,338,RGB,40.53515625,False,False
VMMRdb,toyota_4runner_2003/toyota_4runner_2003_61.jpg,548,408,RGB,80.14453125,False,False
VMMRdb,lincoln_navigator_2001/lincoln_navigator_2001_22.jpg,548,408,RGB,49.138671875,False,False
VMMRdb,nissan_maxima_2009/2009 NISSAN MAXIMA_01313_1QJZzURO4um_600x450.jpg,600,415,RGB,42.46484375,False,False
VMMRdb,lexus_hs250h_2010/2010 Lexus HS250H_00202_aNUXpPD5ep_600x450.jpg,600,292,RGB,21.76171875,False,False
VMMRdb,ford_escort_1999/ford_escort_1999_44.jpg,548,408,RGB,62.4248046875,False,False
VMMRdb,pontiac_firebird_1991/pontiac_firebird_1991_5.jpg,272,204,RGB,17.359375,False,False
VMMRdb,chevrolet_trailblazer_2005/00404_j84D7qAOu0j_600x450.jpg,600,337,RGB,39.841796875,False,False
VMMRdb,gmc_sierra_1500_2002/gmc_sierra_2002_24.jpg,588,440,RGB,77.26953125,False,False
VMMRdb,ford_explorer_2002/00u0u_laRhu5ZPTsD_600x450.jpg,600,450,RGB,53.001953125,False,False
VMMRdb,toyota_highlander_2005/2005 Highlander SUV_00x0x_i6N9eT88mG5_600x450.jpg,600,450,RGB,34.1494140625,False,False
VMMRdb,saturn_sl1_1999/saturn_sl1_1999_5.jpg,336,252,RGB,33.1435546875,False,False
VMMRdb,ford_e250_1992/1992 ford e250 econoline_00f0f_8iZkTF5kA4D_600x450.jpg,337,450,RGB,43.46484375,False,False
VMMRdb,honda_accord_1997/00K0K_iEPN805BpMh_600x450.jpg,600,400,RGB,35.14453125,False,False
VMMRdb,jeep_grand_cherokee_1994/jeep_grandcherokee_1994_30.jpg,508,380,RGB,48.619140625,False,False
VMMRdb,infiniti_g35_coupe_2007/2007 Infinity G35_00303_5LPoqViwdoz_600x450.jpg,600,325,RGB,28.3154296875,False,False
VMMRdb,chevrolet_avalanche_2002/2002 Chevy Avalanche 2500 4x4_00N0N_kiQX4EvSPV3_600x450.jpg,600,450,RGB,36.845703125,False,False
VMMRdb,honda_civic_2000/honda_civic_2000_195.jpg,312,236,RGB,34.98828125,False,False
VMMRdb,chrysler_sebring_1997/1997 chrysler sebring convertible_00p0p_hJ7BrADnVtG_600x450.jpg,600,450,RGB,42.8984375,False,False
VMMRdb,mazda_3_2007/2007 Mazda 3_00l0l_dRj8emE6TzC_600x450.jpg,600,450,RGB,36.810546875,False,False
VMMRdb,ford_falcon_1966/1966 Ford Falcon_00M0M_4pva6KPmLxW_600x450.jpg,600,450,RGB,47.0712890625,False,False
VMMRdb,lexus_is250_2006/2006 lexus is250_00E0E_5fazE0uMLzw_600x450.jpg,600,450,RGB,36.607421875,False,False
VMMRdb,dodge_durango_2000/dodge_durango_2000_46.jpg,332,252,RGB,24.3974609375,False,False
VMMRdb,jeep_grand_cherokee_1999/jeep_grandcherokee_1999_86.jpg,360,268,RGB,31.2080078125,False,False
VMMRdb,honda_odyssey_2006/honda_odysseyexl_2006_1.jpg,248,192,RGB,15.8955078125,False,False
VMMRdb,acura_tl_2006/2006 Acura TL_00505_cZel06ncoPp_600x450.jpg,600,450,RGB,31.6572265625,False,False
VMMRdb,bmw_318i_1997/bmw_318i_1997_5.jpg,548,408,RGB,58.7587890625,False,False
VMMRdb,chrysler_town&country_2000/chrysler_towncountry_2000_20.jpg,292,220,RGB,21.28515625,False,False
VMMRdb,gmc_yukon_1500_2002/2002 gmc 1500 yukon denali xl_00j0j_hn4xoZnOsgG_600x450.jpg,600,450,RGB,47.783203125,False,False
VMMRdb,chevrolet_silverado_2001/chevrolet_silverado_2001_57.jpg,548,408,RGB,53.775390625,False,False
VMMRdb,nissan_altima_2005/nissan_altima_2005_81.jpg,388,276,RGB,34.7451171875,False,False
VMMRdb,ford_crown victoria_2005/ford_crownvictoria_2005_2.jpg,292,220,RGB,28.966796875,False,False
VMMRdb,chevrolet_s10_2002/chevrolet_s10_2002_21.jpg,412,308,RGB,44.416015625,False,False
VMMRdb,nissan_altima_2005/nissan_altima_2005_239.jpg,292,220,RGB,27.076171875,False,False
VMMRdb,chevrolet_corvette_1993/1993 CHEVY CORVETTE_01313_9EZFfFbVGpV_600x450.jpg,600,337,RGB,42.11328125,False,False
VMMRdb,mazda_cx9_2011/mazda_cx9_2011_2.jpg,588,440,RGB,54.654296875,False,False
VMMRdb,nissan_altima_2003/2003 Nissan Altima_01515_vAf2aZPqx9_600x450.jpg,600,450,RGB,31.2021484375,False,False
VMMRdb,ford_mustang_2000/00i0i_l7bNbc0XGiO_600x450.jpg,600,337,RGB,34.2109375,False,False
VMMRdb,acura_mdx_2011/2011 Acura MDX_71F4PVxJHML._UY560_.jpg,1028,560,RGB,55.15625,False,True
VMMRdb,dodge_durango_2011/00d0d_hmpiDxDcS9r_600x450.jpg,600,450,RGB,46.6337890625,False,False
VMMRdb,honda_odyssey_2000/2000 honda odyssey_00000_3WJkGGvZvI5_600x450.jpg,270,450,RGB,25.607421875,False,False
VMMRdb,mercedes benz_slk350_2006/2006 Slk350_00g0g_h7rk5xuN1oN_600x450.jpg,600,450,RGB,36.0576171875,False,False
VMMRdb,ford_f150_2002/ford_f150_2002_87.jpg,548,408,RGB,75.2998046875,False,False
VMMRdb,audi_a4_2003/2003 audi a4 1.8t quattro_00f0f_1iZn48hKJq8_600x450.jpg,600,398,RGB,39.51953125,False,False
VMMRdb,bmw_535i_2011/2011 BMW 535i GT_A13oC6cqpYL._UY560_.png,1002,560,RGB,48.3447265625,False,True
VMMRdb,ford_mustang_1996/00G0G_3CidYPNFdJW_600x450.jpg,600,448,RGB,47.171875,False,False
VMMRdb,mercedes benz_cl500_2000/mercedes_cl500_2000_1.jpg,272,204,RGB,25.6162109375,False,False
VMMRdb,bmw_525i_2001/bmw_525i_2001_5.jpg,332,252,RGB,35.4541015625,False,False
VMMRdb,chevrolet_malibu_2004/2004 Chevy Malibu_00H0H_48sKqqj0dRO_600x450.jpg,600,450,RGB,41.1533203125,False,False
VMMRdb,nissan_maxima_1999/nissan_maxima_1999_38.jpg,548,408,RGB,62.4462890625,False,False
VMMRdb,toyota_sequoia_2010/toyota_sequoia_2010_3.jpg,332,252,RGB,26.96484375,False,False
VMMRdb,chevrolet_camaro_2010/chevrolet_camaro_2010_35.jpg,508,380,RGB,55.2724609375,False,False
VMMRdb,pontiac_g5_2007/2007 pontiac g5_00v0v_ilfsyrgTuSe_600x450.jpg,600,337,RGB,32.208984375,False,False
VMMRdb,chevrolet_trailblazer_2005/chevrolet_trailblazer_2005_16.jpg,600,450,RGB,89.2177734375,False,False
VMMRdb,nissan_altima_1997/01111_ePItTaQHhK_600x450.jpg,600,450,RGB,31.658203125,False,False
VMMRdb,nissan_maxima_2004/nissan_maxima_2004_178.jpg,548,408,RGB,52.9599609375,False,False
VMMRdb,toyota_estima_1990/1990 Toyota Estima_00i0i_jQDiOTKkDcE_600x450.jpg,600,399,RGB,28.7900390625,False,False
VMMRdb,ford_mustang_1987/1987 Ford Mustang_00U0U_3mHI1VO6IVT_600x450.jpg,600,337,RGB,35.1279296875,False,False
VMMRdb,dodge_durango_2005/dodge_durango_2005_73.jpg,444,332,RGB,44.2294921875,False,False
VMMRdb,volvo_850_1995/volvo_850_1995_6.jpg,444,332,RGB,60.828125,False,False
VMMRdb,volkswagen_golf_2001/volkswagen_golf_2001_4.jpg,548,408,RGB,68.74609375,False,False
VMMRdb,honda_civic_coupe_1997/1997 honda civic coupe_00d0d_dzeKUpc32Lm_600x450.jpg,600,450,RGB,52.7373046875,False,False
VMMRdb,honda_accord_1999/1999 Honda Accord_00A0A_hQ2GaxclJGi_600x450.jpg,600,450,RGB,41.216796875,False,False
VMMRdb,mitsubishi_eclipse_1999/mitsubishi_eclipse_1999_29.jpg,412,308,RGB,46.0927734375,False,False
VMMRdb,toyota_pickup_1994/1994 Toyota pickup_00W0W_5vVVKvxhJne_600x450.jpg,337,450,RGB,25.3251953125,False,False
VMMRdb,acura_tl_2005/acura_tl_2005_65.jpg,548,408,RGB,68.4521484375,False,False
VMMRdb,toyota_corolla_s_2005/2005 Toyota Corolla S_01313_dM1dLJKhmDp_600x450.jpg,600,337,RGB,30.576171875,False,False
VMMRdb,ford_mustang_2010/2010 Ford Mustang_00E0E_5eqsdfqcob7_600x450.jpg,337,450,RGB,30.2861328125,False,False
VMMRdb,chevrolet_blazer_1972/chevrolet_blazer_1972_1.jpg,332,252,RGB,26.2119140625,False,False
VMMRdb,toyota_sienna_2000/toyota_sienna_2000_80.jpg,548,408,RGB,75.3193359375,False,False
VMMRdb,ford_f250_2011/2011 ford f250_00E0E_5FKveWIRyGU_600x450.jpg,600,337,RGB,35.435546875,False,False
VMMRdb,ford_explorer_2004/ford_explorer_2004_294.jpg,272,204,RGB,21.2763671875,False,False
VMMRdb,isuzu_rodeo_1994/isuzu_rodeo_1994_3.jpg,444,332,RGB,69.509765625,False,False
VMMRdb,pontiac_g6_2009/2009 Pontiac G6_00U0U_8VmEN6Q9VFy_600x450.jpg,600,450,RGB,41.0693359375,False,False
VMMRdb,chrysler_pt cruiser_2005/2005 chrysler pt cruiser_00707_hTZlUY9E2AZ_600x450.jpg,600,450,RGB,51.5947265625,False,False
VMMRdb,volkswagen_jetta_2002/2002 Jetta_00s0s_2RzSf1FvKZj_600x450.jpg,600,450,RGB,51.541015625,False,False
VMMRdb,honda_accord_2005/honda_accord_2005_114.jpg,256,192,RGB,15.3369140625,False,False
VMMRdb,ford_explorer_2000/ford_explorer_2000_101.jpg,588,440,RGB,64.3955078125,False,False
VMMRdb,honda_civic_1998/1998 honda civic_01717_4JEfpczfx11_600x450.jpg,600,450,RGB,50.5576171875,False,False
VMMRdb,chevrolet_tahoe_1997/chevrolet_tahoe_1997_35.jpg,412,308,RGB,44.6484375,False,False
VMMRdb,hyundai_elantra_2006/2006 hyundai elantra_01212_jGtACTjrr8X_600x450.jpg,600,450,RGB,45.71484375,False,False
VMMRdb,lexus_gx470_2004/lexus_gx470_2004_21.jpg,476,328,RGB,45.412109375,False,False
VMMRdb,dodge_ram_1500_2007/2007 Dodge Ram_00N0N_4LOZYPSyhm8_600x450.jpg,600,450,RGB,45.826171875,False,False
VMMRdb,ford_explorer_2002/ford_explorer_2002_109.jpg,588,440,RGB,75.38671875,False,False
VMMRdb,infiniti_g35_2004/infiniti_g35_2004_45.jpg,256,192,RGB,14.88671875,False,False
VMMRdb,pontiac_grandprix_2008/2008 pontiac grand prix_00101_6fFW6NNG4NE_600x450.jpg,600,450,RGB,44.8779296875,False,False
VMMRdb,chevrolet_caprice_1992/1992 Chevy Caprice_00202_1LoXZqlTwqU_600x450.jpg,600,337,RGB,31.689453125,False,False
VMMRdb,kia_optima_2004/2004 kia optima_00z0z_5wyT4CWepT4_600x450.jpg,600,450,RGB,32.5703125,False,False
VMMRdb,chevrolet_venture_2000/chevrolet_venture_2000_44.jpg,588,440,RGB,66.3486328125,False,False
VMMRdb,nissan_quest_2001/00J0J_ePgk5DqhdXk_600x450.jpg,600,450,RGB,37.7978515625,False,False
VMMRdb,pontiac_sunfire_2001/2001 pontiac sunfire_00Z0Z_6YWP71XFjMg_600x450.jpg,600,450,RGB,43.0009765625,False,False
VMMRdb,chevrolet_tahoe_2011/2011 chevrolet 1500 tahoe_00p0p_uG1S418JAu_600x450.jpg,600,372,RGB,26.4873046875,False,False
VMMRdb,honda_accord_1998/honda_accord_1998_162.jpg,508,380,RGB,53.8623046875,False,False
VMMRdb,scion_tc_2010/scion_tc_2010_11.jpg,508,380,RGB,44.8125,False,False
VMMRdb,honda_civic_2004/2004 Honda Civic_00404_7ViI793dNMT_600x450.jpg,600,392,RGB,38.2763671875,False,False
VMMRdb,mitsubishi_eclipse_2006/00o0o_3VlueNnXc6c_600x450.jpg,600,378,RGB,41.3203125,False,False
VMMRdb,bmw_x5_2003/00T0T_bBz2uxhTuYO_600x450.jpg,600,450,RGB,34.138671875,False,False
VMMRdb,mazda_b3000_2000/2000 mazda b3000_00C0C_fjv1ZodXBHh_600x450.jpg,600,450,RGB,34.4130859375,False,False
VMMRdb,ford_taurus_2002/ford_taurus_2002_129.jpg,312,236,RGB,28.705078125,False,False
VMMRdb,toyota_rav4_1997/toyota_rav4_1997_31.jpg,508,380,RGB,39.609375,False,False
VMMRdb,ford_mustang_1966/ford_mustang_1966_20.jpg,548,376,RGB,102.533203125,False,False
VMMRdb,chevrolet_corvette_1974/00505_dv2JPjA9KTI_600x450.jpg,600,450,RGB,48.822265625,False,False
VMMRdb,mitsubishi_lancer_2006/2006 Mitsubishi Lancer_00606_fMLXTn3A0TO_600x450.jpg,600,450,RGB,45.923828125,False,False
VMMRdb,ford_freestar_2005/ford_freestar_2005_28.jpg,548,408,RGB,77.23828125,False,False
VMMRdb,ford_f150_1994/ford_f150_1994_0.jpg,444,332,RGB,56.96875,False,False
VMMRdb,toyota_tercel_1998/1998 toyota tercel_00909_giIfzL6ZG6B_600x450.jpg,600,450,RGB,32.951171875,False,False
VMMRdb,chrysler_concorde_1999/chrysler_concorde_1999_14.jpg,312,236,RGB,28.6708984375,False,False
VMMRdb,ford_escort_1999/1999 ford escort zx2_01010_gasHqitTfEq_600x450.jpg,337,450,RGB,28.12109375,False,False
VMMRdb,jaguar_xj_2013/2013 Jaguar XJ_A12vq1Z2UaL._UY560_.png,1634,560,RGB,81.1171875,False,False
VMMRdb,volvo_s60_2002/volvo_s60_2002_69.jpg,388,288,RGB,28.2919921875,False,False
VMMRdb,nissan_altima_2001/2001 nissan  altima_00S0S_bns2YmnWz9a_600x450.jpg,600,337,RGB,23.9130859375,False,False
VMMRdb,volkswagen_jetta_2005/Volkswagon_Jetta_2005_6.jpg,600,450,RGB,86.2509765625,False,False
VMMRdb,ford_taurus_2006/ford_taurus_2006_78.jpg,508,356,RGB,50.009765625,False,False
VMMRdb,chevrolet_c10_1977/1977 chevrolet 10_00P0P_3XTU8ta2w2q_600x450.jpg,337,450,RGB,22.1650390625,False,False
VMMRdb,chevrolet_suburban_2000/2000 chevrolet 1500 suburban_00L0L_6xRO88c4mO8_600x450.jpg,600,337,RGB,27.560546875,False,False
VMMRdb,nissan_sentra_2011/2011 nissan sentra_00808_3sL2GWwInRP_600x450.jpg,600,337,RGB,36.193359375,False,False
VMMRdb,chevrolet_tahoe_2003/chevrolet_tahoe_2003_48.jpg,312,236,RGB,24.85546875,False,False
VMMRdb,honda_civic_coupe_2005/honda_civiccoupe_2005_11.jpg,508,380,RGB,48.650390625,False,False
VMMRdb,acura_tsx_2007/2007 acura tsx_01212_luxaNWWy8QB_600x450.jpg,600,450,RGB,51.6728515625,False,False
VMMRdb,ford_f250_2003/2003 Ford  F250_00O0O_8xcz9T8I5jH_600x450.jpg,600,450,RGB,58.15625,False,False
VMMRdb,toyota_4runner_2000/2000 toyota 4runner_00p0p_7gW44tgDIXB_600x450.jpg,600,450,RGB,59.373046875,False,False
VMMRdb,audi_a4_1999/00X0X_eYx5GxeozcU_600x450.jpg,600,450,RGB,40.3251953125,False,False
VMMRdb,audi_a4_2006/2006 Audi A4_00B0B_7eMY1YvhKap_600x450.jpg,600,337,RGB,46.2587890625,False,False
VMMRdb,jaguar_x-type_2003/2003 jaguar x-type_00606_ggEv27NCxed_600x450.jpg,350,233,RGB,18.2861328125,False,False
VMMRdb,ford_f150_2005/2005 Ford F-150_00505_2wYCNFniS9z_600x450.jpg,600,450,RGB,44.5576171875,False,False
VMMRdb,ford_ranger_1998/1998 1998 ford ranger_00R0R_jtcarGbIpzj_600x450.jpg,600,450,RGB,54.95703125,False,False
VMMRdb,chevrolet_montecarlo_1986/chevrolet_montecarlo_1986_9.jpg,548,408,RGB,87.458984375,False,False
VMMRdb,nissan_altima_2013/00505_fTSjZY3NLwB_600x450.jpg,600,401,RGB,34.90625,False,False
VMMRdb,infiniti_i30_1998/1998 Infiniti i30_00N0N_daeKAhd3eCx_600x450.jpg,338,450,RGB,33.994140625,False,False
VMMRdb,pontiac_firebird_1995/1995 pontiac firebird_01111_brIzpkkxkpc_600x450.jpg,600,450,RGB,40.232421875,False,False
VMMRdb,mini_cooper_2004/mini_coopers_2004_5.jpg,388,288,RGB,32.986328125,False,False
VMMRdb,ford_f100_1971/ford_f100_1971_3.jpg,444,332,RGB,66.5048828125,False,False
VMMRdb,ford_mustang_2007/ford_mustang_2007_59.jpg,508,380,RGB,41.759765625,False,False
VMMRdb,lexus_rx330_2006/2006 LEXUS RX 330_00w0w_jUshmWrwe3F_600x450.jpg,600,450,RGB,42.375,False,False
VMMRdb,scion_xb_2008/2008 Scion xB_00Y0Y_6FIRyA9zX5G_600x450.jpg,337,450,RGB,27.138671875,False,False
VMMRdb,nissan_pathfinder_2001/nissan_pathfinder_2001_16.jpg,600,450,RGB,64.998046875,False,False
VMMRdb,acura_tl_2004/acura_tl_2004_48.jpg,600,450,RGB,79.6220703125,False,False
VMMRdb,nissan_maxima_2006/00F0F_gOmenyLjVti_600x450.jpg,600,450,RGB,47.2265625,False,False
VMMRdb,ford_taurus_2002/2002 ford taurus_00G0G_dyoDiaXzoLc_600x450.jpg,337,450,RGB,29.1630859375,False,False
VMMRdb,chevrolet_aveo_2008/chevrolet_aveo_2008_26.jpg,332,252,RGB,33.8876953125,False,False
VMMRdb,honda_accord_1991/1991 Honda Accord_00L0L_99vYW3v75Dq_600x450.jpg,600,450,RGB,61.0107421875,False,False
CompCars,140/1196/2013/0bd7c74b3e0c90.jpg,950,539,RGB,139.208984375,False,False
CompCars,108/1536/2012/9b7d704829b4f3.jpg,908,626,RGB,140.2890625,False,False
CompCars,159/1581/2010/1eb673e8a8ed39.jpg,800,567,RGB,89.2802734375,False,False
CompCars,122/613/2013/092ab7e97953fc.jpg,800,567,RGB,119.892578125,False,False
CompCars,70/1857/2014/64c8cac808b81d.jpg,908,626,RGB,84.990234375,False,False
CompCars,77/127/2014/24b2074e2fe571.jpg,908,626,RGB,91.341796875,False,False
CompCars,150/389/2010/0b3d02f0c39a71.jpg,800,552,RGB,57.7333984375,False,False
CompCars,78/18/2009/8e07b2a04f54d8.jpg,800,567,RGB,46.32421875,False,False
CompCars,39/1358/2014/2de4b4b348484a.jpg,800,567,RGB,66.005859375,False,False
CompCars,137/1730/2014/e7a895dfb880a0.jpg,800,567,RGB,45.365234375,False,False
CompCars,15/827/2015/4d16afb3161553.jpg,908,626,RGB,80.572265625,False,False
CompCars,64/1457/2011/b172bfebd4450b.jpg,800,567,RGB,119.234375,False,False
CompCars,94/1235/2012/9851bdb94a0973.jpg,908,626,RGB,60.3037109375,False,False
CompCars,159/1585/2013/3728ffcdf78d83.jpg,908,626,RGB,72.0419921875,False,True
CompCars,73/479/2011/c3d34cf92c3a6c.jpg,908,626,RGB,90.0546875,False,False
CompCars,38/1955/2009/1daa767a18bae2.jpg,800,567,RGB,66.046875,False,False
CompCars,68/933/2010/f3f72681aa9e5a.jpg,904,626,RGB,126.3408203125,False,False
CompCars,140/1221/2013/b0587067745581.jpg,908,626,RGB,56.546875,False,False
CompCars,122/632/2012/74bf861fc8921d.jpg,908,626,RGB,71.8173828125,False,False
CompCars,45/1029/2013/0dd585af1509df.jpg,800,552,RGB,92.998046875,False,False
CompCars,36/552/2015/5d3513d61d0e41.jpg,800,567,RGB,116.9189453125,False,False
CompCars,95/920/2013/380db106b18ac5.jpg,908,626,RGB,91.7900390625,False,False
CompCars,118/965/2006/48eea9c38f9147.jpg,800,567,RGB,58.9072265625,False,False
CompCars,73/490/2014/fb679ff85d5170.jpg,908,626,RGB,95.90625,False,False
CompCars,45/1035/2014/ad8b4c768f4548.jpg,908,626,RGB,142.873046875,False,False
CompCars,100/229/2012/fd8a4022327812.jpg,800,567,RGB,67.748046875,False,False
CompCars,118/1000/2011/65f0ec46576f98.jpg,908,626,RGB,138.5703125,False,False
CompCars,154/1055/2014/2cb1be0456de13.jpg,908,626,RGB,77.4404296875,False,False
CompCars,81/108/2014/de44184fd6c79f.jpg,908,626,RGB,82.30078125,False,False
CompCars,102/255/2011/f108605dd69757.jpg,1024,718,RGB,113.0380859375,False,False
CompCars,127/1179/2013/f1c4da4b83e4eb.jpg,800,484,RGB,54.4052734375,False,False
CompCars,28/1886/2013/5c00e479b9805a.jpg,800,567,RGB,113.568359375,False,False
CompCars,100/212/2013/a458741e94b250.jpg,800,567,RGB,84.029296875,False,False
CompCars,48/320/2011/ed746a2aa92411.jpg,908,626,RGB,86.1748046875,False,False
CompCars,140/1206/2010/f3acc54be7154d.jpg,800,567,RGB,60.2421875,False,False
CompCars,69/1472/2013/7cc645de5c7569.jpg,800,567,RGB,80.119140625,False,False
CompCars,95/923/2011/58ed3c1d512da5.jpg,908,626,RGB,60.9423828125,False,False
CompCars,100/210/2012/31d93ddc41aff8.jpg,800,567,RGB,103.740234375,False,False
CompCars,142/1141/2013/30135098a37ffb.jpg,800,567,RGB,169.0380859375,False,False
CompCars,27/1088/2009/cf1b891c30b23f.jpg,800,567,RGB,163.9677734375,False,False
CompCars,113/733/2014/719a70801f973e.jpg,800,552,RGB,118.6953125,False,False
CompCars,157/1917/2011/0df54818a45de4.jpg,800,484,RGB,81.44140625,False,False
CompCars,73/464/2012/590d4718049343.jpg,800,484,RGB,113.6787109375,False,False
CompCars,33/571/2012/7c9a202a075dc3.jpg,908,626,RGB,73.544921875,False,False
CompCars,81/84/2015/d94d2713c337bf.jpg,800,567,RGB,75.5771484375,False,False
CompCars,33/571/2012/3de8d5ce0f7dd3.jpg,800,567,RGB,68.8466796875,False,False
CompCars,140/1206/2014/daee6cf32ba50a.jpg,908,626,RGB,117.525390625,False,False
CompCars,39/1332/2013/20c68dc6ffc2c2.jpg,800,567,RGB,74.515625,False,False
CompCars,77/124/2014/2ca5e13744a876.jpg,908,626,RGB,200.0859375,False,False
CompCars,97/870/2013/6910c6d731c902.jpg,900,567,RGB,167.630859375,False,False
CompCars,101/819/2014/f3117298116c7c.jpg,800,567,RGB,116.97265625,False,False
CompCars,118/960/2009/25966a2e1d22cb.jpg,800,551,RGB,63.9326171875,False,False
CompCars,157/1915/2013/6d753bdecdc11e.jpg,908,626,RGB,74.1552734375,False,False
CompCars,49/1436/2010/96806ddad9173d.jpg,800,552,RGB,131.1708984375,False,False
CompCars,157/1905/2011/bb597063e5dfd0.jpg,800,484,RGB,49.9443359375,False,False
CompCars,36/549/2014/a837257204484d.jpg,800,552,RGB,68.2939453125,False,False
CompCars,140/1185/2012/572b4bffb1902f.jpg,908,626,RGB,66.59375,False,False
CompCars,162/1630/2014/2155bafeaf65cc.jpg,800,484,RGB,59.330078125,False,False
CompCars,140/1180/2014/3652932ec66f8c.jpg,800,567,RGB,141.6064453125,False,False
CompCars,90/1244/2012/0d21cee9336627.jpg,800,567,RGB,91.4638671875,False,False
CompCars,38/1956/2010/5c77e453504981.jpg,908,626,RGB,123.6015625,False,False
CompCars,15/839/2011/3fe24e1d691f34.jpg,800,552,RGB,71.046875,False,False
CompCars,102/282/2010/4c65c0bd1b5f53.jpg,908,626,RGB,44.0087890625,False,False
CompCars,142/1140/2011/200b05b653bce5.jpg,908,626,RGB,113.8505859375,False,False
CompCars,102/260/2010/11196b5cea4106.jpg,800,484,RGB,57.7890625,False,False
CompCars,53/771/2015/55835303364527.jpg,800,567,RGB,95.4970703125,False,False
CompCars,77/154/2014/cdc528121ac605.jpg,908,626,RGB,84.8564453125,False,False
CompCars,69/1472/2012/5bad7fe8b36f78.jpg,908,626,RGB,74.2021484375,False,False
CompCars,75/1652/2007/01116cc4fe33dd.jpg,800,567,RGB,67.3505859375,False,False
CompCars,145/521/2007/ef65225a90fdcf.jpg,800,567,RGB,40.1171875,False,False
CompCars,78/22/2013/3d4057d0136bd1.jpg,908,626,RGB,53.1142578125,False,True
CompCars,73/470/2011/81fd3f68825212.jpg,908,626,RGB,72.33984375,False,False
CompCars,134/655/2014/31ecf074686eca.jpg,800,567,RGB,62.359375,False,False
CompCars,75/1672/2014/3f61f29f146670.jpg,800,567,RGB,79.6591796875,False,False
CompCars,77/128/2014/d1f261f0508d93.jpg,900,567,RGB,86.1396484375,False,False
CompCars,159/1576/2015/b019eb795b89a8.jpg,800,567,RGB,114.1328125,False,False
CompCars,152/401/2014/00e61fc4b52208.jpg,800,567,RGB,161.0576171875,False,False
CompCars,69/1476/2011/ea4a9bbaa273bf.jpg,800,567,RGB,57.3095703125,False,False
CompCars,118/961/2011/8ebce26f58cb72.jpg,908,626,RGB,67.41796875,False,False
CompCars,148/1562/2014/a187e35d6ecc52.jpg,1024,718,RGB,95.8359375,False,False
CompCars,142/1138/2013/944c6d2e1aeb63.jpg,908,626,RGB,70.8583984375,False,False
CompCars,71/690/2014/1382be9186f060.jpg,908,626,RGB,84.0380859375,False,False
CompCars,78/9/2014/f134eda544364f.jpg,800,552,RGB,41.5712890625,False,False
CompCars,33/579/2012/debe58e72e15f6.jpg,908,626,RGB,98.439453125,False,False
CompCars,58/329/2010/f4caa89e455024.jpg,800,567,RGB,124.708984375,False,False
CompCars,122/618/2013/acb579bc4251d0.jpg,800,567,RGB,105.5693359375,False,False
CompCars,26/1692/2010/d48f9fa3b942f2.jpg,908,626,RGB,141.8916015625,False,False
CompCars,159/1571/2009/bca45a3f344306.jpg,908,626,RGB,78.5419921875,False,False
CompCars,142/1134/2011/247b6f26e09e98.jpg,908,626,RGB,90.61328125,False,False
CompCars,53/766/2014/832325e01633d6.jpg,800,567,RGB,64.4443359375,False,False
CompCars,71/688/2008/db272c1da0973e.jpg,908,626,RGB,135.638671875,False,False
CompCars,36/548/2014/4d3f9234e54acf.jpg,800,567,RGB,66.06640625,False,False
CompCars,32/547/2012/38657bae3b3702.jpg,800,552,RGB,135.544921875,False,False
CompCars,54/192/2012/d0c07d309eb5d1.jpg,906,625,RGB,179.984375,False,False
CompCars,102/287/2011/95b88601c1f13a.jpg,800,567,RGB,48.13671875,False,False
CompCars,63/1465/2009/16b8d1e17a412f.jpg,800,567,RGB,63.08984375,False,False
CompCars,105/295/2010/bd4cb1bbe6927b.jpg,800,482,RGB,107.9306640625,False,False
CompCars,51/1162/2013/ccf8c153def822.jpg,800,567,RGB,105.423828125,False,False
CompCars,28/1891/2009/d72bc360e5c3e6.jpg,800,567,RGB,96.5537109375,False,False
CompCars,155/814/2013/aec3db489f53ef.jpg,908,626,RGB,63.0810546875,False,False
CompCars,97/894/2012/297490c7e42401.jpg,800,567,RGB,112.4267578125,False,False
CompCars,73/451/2011/1459d917b5b958.jpg,908,626,RGB,73.470703125,False,False
CompCars,118/996/2009/4feb22b84b292e.jpg,800,567,RGB,66.3701171875,False,False
CompCars,72/709/2011/2833c63ab3ac0b.jpg,800,567,RGB,103.24609375,False,False
CompCars,162/1613/2010/27e3d0b7e868d8.jpg,908,627,RGB,65.099609375,False,False
CompCars,77/170/2010/878891f79d7fc3.jpg,800,567,RGB,107.7216796875,False,False
CompCars,101/816/2011/a3d52081b5ff98.jpg,908,626,RGB,118.27734375,False,False
CompCars,157/1916/2010/8684f2d3fe7d84.jpg,950,540,RGB,152.5654296875,False,False
CompCars,118/956/2013/379979ba097b06.jpg,800,508,RGB,96.2177734375,False,False
CompCars,73/435/2011/00a0a430957440.jpg,908,626,RGB,77.927734375,False,False
CompCars,108/1528/2013/4f337b6d89e391.jpg,906,625,RGB,87.3662109375,False,False
CompCars,78/47/2010/f8d38abf8a183f.jpg,800,567,RGB,107.95703125,False,False
CompCars,70/1857/2014/6fe1adec4d0ec6.jpg,800,567,RGB,102.205078125,False,False
CompCars,120/1686/2012/7d3cc73c5d387f.jpg,800,552,RGB,151.3740234375,False,False
CompCars,81/75/2013/f1f57e519634e6.jpg,800,567,RGB,51.927734375,False,False
CompCars,95/931/2015/ba0ab100d9c2dd.jpg,800,552,RGB,118.5693359375,False,False
CompCars,39/1327/2012/a721ef403143a2.jpg,800,567,RGB,113.556640625,False,False
CompCars,102/281/2012/81dee7a20d9766.jpg,908,626,RGB,109.8408203125,False,False
CompCars,103/1842/2011/48b22d7fdf28d5.jpg,908,626,RGB,129.01953125,False,False
CompCars,150/379/2009/1167bb35c9082e.jpg,800,567,RGB,119.44921875,False,False
CompCars,50/1129/2010/abad93037bcb2a.jpg,800,567,RGB,54.7041015625,False,False
CompCars,99/1044/2013/23fca4ef4939b6.jpg,800,567,RGB,121.3505859375,False,False
CompCars,77/136/2013/3d68f7f185c387.jpg,908,626,RGB,75.39453125,False,False
CompCars,50/1128/2012/2e2e1a75560e7f.jpg,908,626,RGB,144.0908203125,False,False
CompCars,73/478/2013/8650f36878ead2.jpg,800,567,RGB,119.7861328125,False,False
CompCars,37/1984/2013/432786a53033ab.jpg,908,626,RGB,51.8310546875,False,False
CompCars,36/548/2014/98d64fd6422eba.jpg,800,567,RGB,52.744140625,False,False
CompCars,30/1895/2008/1caa24e5ac7382.jpg,800,567,RGB,89.421875,False,False
CompCars,100/247/2012/cbdf1b0e8c34f9.jpg,800,567,RGB,97.2666015625,False,False
CompCars,110/1098/2013/ef88235898a973.jpg,800,567,RGB,56.8642578125,False,False
CompCars,43/1901/2010/f1027a41fd0206.jpg,908,626,RGB,89.9189453125,False,False
CompCars,60/351/2014/ffcecb053873a3.jpg,950,541,RGB,59.1875,False,False
CompCars,95/932/2013/f1903fa8e924aa.jpg,908,626,RGB,77.4306640625,False,False
CompCars,78/21/2013/4c97c054f8ad56.jpg,908,626,RGB,65.0859375,False,False
CompCars,108/1522/2014/416490b1a0eb95.jpg,800,567,RGB,66.4921875,False,False
CompCars,122/627/2013/e387dc6d3cf1ef.jpg,908,626,RGB,75.1962890625,False,False
CompCars,140/1205/2012/dbab575db7e8d3.jpg,800,567,RGB,62.623046875,False,False
CompCars,81/70/2012/64ac0f9eedde16.jpg,908,626,RGB,70.9814453125,False,False
CompCars,151/424/2013/6b43fbde8deea2.jpg,908,626,RGB,55.23046875,False,True
CompCars,55/1592/2014/c462fc7ed055f5.jpg,800,552,RGB,141.958984375,False,False
CompCars,101/817/2010/2c73b650f20d2f.jpg,908,626,RGB,93.654296875,False,False
CompCars,117/1169/2013/400810ead19b8e.jpg,908,626,RGB,73.607421875,False,False
CompCars,54/188/2013/e313bb66d1efb9.jpg,908,626,RGB,95.9794921875,False,False
CompCars,102/255/2011/fa8e17a0aca0bd.jpg,800,484,RGB,78.6923828125,False,False
CompCars,154/1056/2012/04b9f9d4ff548f.jpg,800,567,RGB,64.1572265625,False,False
CompCars,157/1930/2014/e323cde2afdc82.jpg,800,567,RGB,56.716796875,False,False
CompCars,27/1068/2013/e55e4deef66c28.jpg,908,626,RGB,220.5,False,False
CompCars,69/1490/2010/02a3e7da3ddc08.jpg,908,626,RGB,150.6806640625,False,False
CompCars,97/857/2014/9e349fe87528e8.jpg,800,567,RGB,126.416015625,False,False
CompCars,128/1892/2014/00597889df8f01.jpg,908,626,RGB,73.9599609375,False,False
CompCars,139/1639/2013/3fd254220bec8c.jpg,800,567,RGB,114.2314453125,False,False
CompCars,121/671/2014/4fbe938cf2948f.jpg,1024,718,RGB,143.1455078125,False,False
CompCars,158/1255/2010/6f4263cd171bf0.jpg,908,626,RGB,122.185546875,False,False
CompCars,68/935/2014/c59389afa6353a.jpg,800,484,RGB,61.869140625,False,False
CompCars,68/938/2012/46b139d266e7de.jpg,800,567,RGB,122.5048828125,False,False
CompCars,157/1943/2004/f5ae7abc723026.jpg,908,626,RGB,81.4443359375,False,False
CompCars,77/142/2015/d407b99d529967.jpg,800,567,RGB,51.82421875,False,False
CompCars,142/1137/2015/281999edc444e2.jpg,800,567,RGB,51.4521484375,False,False
CompCars,136/1782/2009/2dec816744c68a.jpg,800,567,RGB,48.94140625,False,False
CompCars,140/1183/2014/18998e430d707f.jpg,800,567,RGB,45.3935546875,False,False
CompCars,88/1420/2012/9460a8041ed8ca.jpg,908,626,RGB,105.08203125,False,False
CompCars,43/1902/2008/0eb19499182a4b.jpg,908,626,RGB,67.076171875,False,False
CompCars,14/1831/2013/478f71b1e48745.jpg,908,626,RGB,89.9130859375,False,False
CompCars,111/1720/2009/efddacd3194163.jpg,800,567,RGB,91.1630859375,False,False
CompCars,77/153/2014/7d0e76b5123167.jpg,800,484,RGB,53.423828125,False,False
CompCars,28/1874/2011/7155be61305a43.jpg,800,567,RGB,96.291015625,False,False
CompCars,139/1648/2014/96d916b1176b52.jpg,800,567,RGB,65.990234375,False,False
CompCars,14/1832/2007/5190c4ed2c2124.jpg,800,567,RGB,165.470703125,False,False
CompCars,11/734/2014/a7835aabe4c979.jpg,908,626,RGB,104.4404296875,False,False
CompCars,134/648/2008/b742256eb0fcba.jpg,950,657,RGB,87.1826171875,False,False
CompCars,123/1396/2014/a102a0bbf227e8.jpg,908,626,RGB,168.91015625,False,False
CompCars,97/873/2012/97c5d28eb1066d.jpg,908,626,RGB,60.337890625,False,False
CompCars,69/1472/2012/95b91c34ff0f45.jpg,908,626,RGB,72.5244140625,False,False
CompCars,136/1782/2009/e3fdf2735cd51f.jpg,800,567,RGB,50.96875,False,False
CompCars,159/1569/2014/81888f21c94a71.jpg,908,626,RGB,73.8505859375,False,False
CompCars,12/1318/2014/32aa96a7e2169f.jpg,800,567,RGB,61.25390625,False,False
CompCars,114/1437/2008/2a0706bc6166e0.jpg,909,627,RGB,205.2333984375,False,False
CompCars,122/585/2014/188fe1f859674b.jpg,908,626,RGB,67.4501953125,False,False
CompCars,67/1698/2011/b2e1f6b6389b5e.jpg,800,567,RGB,91.4853515625,False,False
CompCars,81/103/2009/1d9a3d37db5a11.jpg,909,627,RGB,98.361328125,False,False
CompCars,113/732/2014/eaf9e5dc966b69.jpg,800,567,RGB,62.826171875,False,True
CompCars,28/1880/2013/784780ea25bfde.jpg,908,626,RGB,86.4697265625,False,False
CompCars,75/1659/2013/cc9e9bac01fb89.jpg,800,567,RGB,101.998046875,False,False
CompCars,69/1477/2012/6fa6e2751dc2a1.jpg,800,552,RGB,65.1552734375,False,False
CompCars,103/1845/2013/8e1cdf4979e850.jpg,908,626,RGB,69.38671875,False,False
CompCars,38/1954/2011/bf9ff822c855ad.jpg,800,567,RGB,76.6640625,False,False
CompCars,30/1897/2013/b5574214937606.jpg,800,567,RGB,123.4794921875,False,False
CompCars,103/1849/2011/2cf3e92e27e87b.jpg,909,627,RGB,88.3330078125,False,False
CompCars,70/1863/2012/9535a274f96407.jpg,908,626,RGB,129.439453125,False,False
CompCars,81/93/2014/a5b9cdec3c10b8.jpg,908,626,RGB,90.8154296875,False,False
CompCars,103/1851/2013/e2906da9bed99b.jpg,800,567,RGB,56.37890625,False,False
CompCars,39/1358/2014/1c7e259e301faf.jpg,800,567,RGB,106.466796875,False,False
CompCars,150/384/2013/4af5a21eee2b9a.jpg,800,567,RGB,104.2353515625,False,False
CompCars,92/755/2016/0aff1cafebe8bc.jpg,800,552,RGB,101.6298828125,False,False
CompCars,54/200/2013/4baf63631be91c.jpg,800,567,RGB,105.369140625,False,False
CompCars,43/1901/2010/a201747dc1388c.jpg,800,567,RGB,76.0,False,False
CompCars,100/251/2015/b040e708f42c93.jpg,908,626,RGB,164.8740234375,False,False
CompCars,120/1686/2012/01718229506dfc.jpg,908,626,RGB,80.7880859375,False,False
CompCars,27/1066/2010/adb46691f6a322.jpg,908,626,RGB,70.5205078125,False,False
CompCars,15/829/2011/bacabb4708585f.jpg,908,626,RGB,93.474609375,False,False
CompCars,118/999/2010/cf9211d8dca46f.jpg,800,567,RGB,60.314453125,False,False
CompCars,68/944/2014/5e815afb8641de.jpg,908,626,RGB,90.6943359375,False,False
CompCars,111/1706/2012/05ad8722f24341.jpg,908,626,RGB,144.9228515625,False,False
CompCars,100/250/2013/adcacc8efce34b.jpg,908,626,RGB,117.25390625,False,False
CompCars,78/17/2010/f3936853d71b75.jpg,800,567,RGB,46.9189453125,False,False
CompCars,140/1195/2008/ebf8bda99ac48b.jpg,910,628,RGB,136.6328125,False,False
CompCars,21/1303/2013/5cfa595b0f0fa1.jpg,800,567,RGB,99.2998046875,False,False
CompCars,157/1917/2011/bbe4e6d1e7da1f.jpg,908,626,RGB,61.2421875,False,False
CompCars,118/964/2014/d7824c4fc38495.jpg,800,567,RGB,50.744140625,False,False
CompCars,11/735/2011/312b674783272e.jpg,908,626,RGB,278.626953125,False,False
CompCars,77/154/2011/bcdee267885ebe.jpg,908,626,RGB,91.1787109375,False,False
CompCars,111/1704/2014/74e9e45dbb24ae.jpg,800,552,RGB,47.0283203125,False,False
CompCars,11/736/2014/1db1a581c210c0.jpg,908,626,RGB,99.845703125,False,False
CompCars,149/1800/2014/5def05ac395076.jpg,908,626,RGB,72.4892578125,False,False
CompCars,105/303/2011/03c666404132c0.jpg,800,567,RGB,71.498046875,False,False
CompCars,118/973/2013/43c87fb3754b80.jpg,800,567,RGB,77.85546875,False,False
CompCars,122/622/2008/466b6abe4a24d9.jpg,800,567,RGB,68.3056640625,False,False
CompCars,36/554/2012/a9849038a51826.jpg,908,626,RGB,55.044921875,False,False
CompCars,115/701/2009/b666863cd8ffd1.jpg,800,485,RGB,71.1806640625,False,False
CompCars,113/729/2011/abc0c4bb5072e6.jpg,800,567,RGB,87.2470703125,False,False
CompCars,81/86/2010/ddd9668fe38eba.jpg,800,482,RGB,60.091796875,False,False
CompCars,157/1925/2012/a6d4c1b62c4c52.jpg,908,626,RGB,67.5859375,False,False
CompCars,39/1388/2014/5be42f13b54c2c.jpg,800,567,RGB,82.21875,False,False
CompCars,21/1302/2011/8c2d1a66bba8e8.jpg,800,567,RGB,99.7841796875,False,False
CompCars,58/342/2013/5e1f5faefbfbda.jpg,908,626,RGB,82.6552734375,False,False
CompCars,97/883/2015/60a4ecdc6cc138.jpg,908,626,RGB,132.1904296875,False,False
CompCars,97/871/2009/a6a12a3a862f54.jpg,909,627,RGB,76.6513671875,False,False
CompCars,158/1256/2010/1051186d912241.jpg,908,626,RGB,152.5908203125,False,False
CompCars,37/1984/2013/233e2d47ab7398.jpg,800,567,RGB,108.90625,False,False
CompCars,157/1917/2014/97b390c9c9af4e.jpg,800,485,RGB,84.4345703125,False,False
CompCars,120/1689/2010/b5599e697a6f92.jpg,800,484,RGB,47.626953125,False,False
CompCars,145/518/2009/06caae52ecf2c5.jpg,908,627,RGB,91.0029296875,False,False
CompCars,163/723/2013/651b922fd37642.jpg,800,552,RGB,58.541015625,False,False
CompCars,115/707/2012/6ca06ea105f31a.jpg,800,552,RGB,73.3056640625,False,False
CompCars,62/354/2013/0e81bda443dad9.jpg,1024,718,RGB,97.40234375,False,False
CompCars,118/967/2005/620305dff02a7f.jpg,800,567,RGB,78.9775390625,False,False
CompCars,81/112/2011/af8a7a270e0cf8.jpg,800,567,RGB,68.244140625,False,False
CompCars,114/1443/2014/9cc51a0a8c0227.jpg,800,567,RGB,77.6455078125,False,False
CompCars,117/1169/2013/2f7e8ffcf95dcd.jpg,800,499,RGB,117.048828125,False,False
CompCars,112/662/2015/12c1abab28683f.jpg,800,567,RGB,54.0830078125,False,False
CompCars,88/1417/2012/88f653a1ccc71c.jpg,800,552,RGB,42.416015625,False,False
CompCars,118/965/2006/dc0cbeaf3db3be.jpg,800,567,RGB,108.181640625,False,False
CompCars,94/1240/2015/6c7138f154e7f6.jpg,800,567,RGB,114.6591796875,False,False
CompCars,69/1490/2009/8c6e088b7b5749.jpg,909,627,RGB,68.078125,False,False
CompCars,38/1957/2011/047ef9ede9fada.jpg,908,626,RGB,127.5185546875,False,False
CompCars,95/924/2013/7c62bb5d782248.jpg,800,567,RGB,69.1669921875,False,False
CompCars,39/1358/2014/cc1d2be82a107c.jpg,800,567,RGB,59.6650390625,False,False
CompCars,163/722/2011/4ff226a05dde32.jpg,800,567,RGB,71.765625,False,False
CompCars,97/857/2014/8316399786d163.jpg,908,626,RGB,78.302734375,False,False
CompCars,114/1439/2012/7ab0c07055b792.jpg,1024,718,RGB,119.5966796875,False,False
CompCars,54/202/2014/778a773b6baab4.jpg,800,567,RGB,134.720703125,False,False
CompCars,81/114/2012/64639ec36f2255.jpg,800,567,RGB,58.4248046875,False,False
CompCars,97/864/2010/8bbd520df0731b.jpg,800,567,RGB,116.515625,False,False
CompCars,4/511/2014/0e3f242aba9aa1.jpg,800,567,RGB,93.4677734375,False,False
CompCars,95/920/2013/1eb89b198c336e.jpg,800,567,RGB,54.6689453125,False,False
CompCars,134/655/2014/22ea942f738d47.jpg,908,626,RGB,56.857421875,False,False
CompCars,141/1825/2011/412467d296a484.jpg,800,567,RGB,54.978515625,False,False
CompCars,73/459/2014/cb46b5eb7ab762.jpg,1024,718,RGB,133.642578125,False,False
CompCars,97/877/2013/ff83c813a5aa10.jpg,800,567,RGB,187.572265625,False,False
CompCars,94/1237/2010/64907bdb4a116b.jpg,800,488,RGB,44.9443359375,False,False
CompCars,122/621/2007/852beb6eead920.jpg,800,567,RGB,64.244140625,False,False
CompCars,8/1047/2011/588adf992ba9e7.jpg,908,626,RGB,96.9736328125,False,False
CompCars,112/664/2011/d65d1c2752a9fb.jpg,908,626,RGB,54.2490234375,False,False
CompCars,36/554/2010/161b84e0abc93d.jpg,909,629,RGB,99.82421875,False,False
CompCars,77/164/2015/cfc6f6b4124b2b.jpg,800,552,RGB,79.421875,False,False
CompCars,131/1024/2015/7f058e89a51325.jpg,800,552,RGB,60.1611328125,False,False
CompCars,110/1100/2006/940fd9e4c789ad.jpg,800,567,RGB,59.98828125,False,False
CompCars,58/342/2013/791f1645eecc70.jpg,908,626,RGB,88.892578125,False,False
CompCars,102/257/2013/e2b288b1193658.jpg,904,623,RGB,63.720703125,False,False
CompCars,162/1614/2012/72d5fcd5e8c7de.jpg,908,626,RGB,64.25,False,False
CompCars,7/683/2010/c23bba7ddd6b14.jpg,800,567,RGB,102.2890625,False,False
CompCars,102/265/2007/18f519e644ef68.jpg,800,567,RGB,59.0517578125,False,False
CompCars,75/1667/2010/d05904c8990fe5.jpg,800,485,RGB,71.8271484375,False,False
CompCars,81/69/2013/8233c5dff4b94a.jpg,908,626,RGB,257.8837890625,False,False
CompCars,111/1721/2010/429ff241a754ac.jpg,908,626,RGB,118.7587890625,False,False
CompCars,111/1706/2015/f8e50e424fce61.jpg,908,626,RGB,103.7734375,False,False
CompCars,160/788/2011/83af8265aaaa46.jpg,908,626,RGB,122.24609375,False,False
CompCars,73/438/2014/8bc8651945f053.jpg,800,552,RGB,115.94921875,False,False
CompCars,58/327/2010/22794632adbfd1.jpg,909,627,RGB,139.8408203125,False,False
CompCars,149/1811/2012/de8fd8e0873321.jpg,800,567,RGB,103.884765625,False,False
CompCars,78/32/2014/2889d7cead6c4c.jpg,908,626,RGB,108.6005859375,False,False
CompCars,35/555/2014/e13f69741337ef.jpg,800,567,RGB,63.724609375,False,False
CompCars,92/756/2013/d0bbabd77c08ae.jpg,908,626,RGB,90.2763671875,False,False
CompCars,140/1197/2013/1748155b0ac276.jpg,800,484,RGB,57.35546875,False,False
CompCars,157/1944/2015/32a30bce06a6fe.jpg,800,567,RGB,62.384765625,False,False
CompCars,157/1926/2013/c82e4f4b2674eb.jpg,800,567,RGB,75.5771484375,False,False
CompCars,28/1888/2006/d1b100b7fc4b4a.jpg,800,567,RGB,63.31640625,False,False
CompCars,39/1328/2010/d962eb525c7b8a.jpg,908,626,RGB,63.689453125,False,False
CompCars,122/612/2009/18cbaead4e5360.jpg,909,627,RGB,70.7373046875,False,False
CompCars,145/523/2013/c0ae4955e09911.jpg,800,567,RGB,124.236328125,False,False
CompCars,86/1314/2013/7267285c0df386.jpg,908,626,RGB,196.517578125,False,False
CompCars,71/690/2015/25ed75ac767509.jpg,800,567,RGB,57.8994140625,False,False
CompCars,21/1303/2012/bfb423e3b133ff.jpg,800,482,RGB,52.072265625,False,False
CompCars,158/1274/2013/c0c82b161d7564.jpg,908,626,RGB,123.8271484375,False,False
CompCars,28/1870/2009/6939d69872ecdc.jpg,800,567,RGB,130.1171875,False,False
CompCars,139/1644/2012/3adff46a0ce4d7.jpg,800,567,RGB,82.9755859375,False,False
CompCars,154/1056/2012/adf4fa7d0791a3.jpg,800,567,RGB,80.763671875,False,False
CompCars,95/915/2009/3cd0c03675b4ec.jpg,908,626,RGB,157.6806640625,False,False
CompCars,78/19/2013/707b5318136b69.jpg,904,623,RGB,63.1884765625,False,False
CompCars,78/18/2002/37a47936a09c70.jpg,800,567,RGB,54.072265625,False,False
CompCars,84/1971/2012/18210394d73468.jpg,844,541,RGB,63.5595703125,False,True
CompCars,73/503/2013/4c7535cdaaa1b1.jpg,908,626,RGB,71.1826171875,False,False
CompCars,162/1615/2013/05f4267384a2a6.jpg,800,567,RGB,74.271484375,False,False
CompCars,152/410/2010/9ac12b654dd3b3.jpg,800,484,RGB,62.1611328125,False,False
CompCars,73/445/2015/4d156d02f3ad7f.jpg,908,626,RGB,74.7900390625,False,False
CompCars,101/816/2010/88a313bc2db6fd.jpg,800,567,RGB,117.9033203125,False,False
CompCars,102/269/2013/00e103004f76ef.jpg,800,567,RGB,115.951171875,False,False
CompCars,106/1313/2010/c5d9ece4aa6f22.jpg,800,567,RGB,54.171875,False,False
CompCars,95/916/2014/db3260a6bc87b5.jpg,800,567,RGB,118.1455078125,False,False
CompCars,89/1785/2007/5bc62fe6e7fae2.jpg,748,528,RGB,49.62890625,False,False
CompCars,78/21/2013/819fadac56c062.jpg,909,627,RGB,115.583984375,False,False
CompCars,60/352/2013/881bccab7594da.jpg,800,567,RGB,79.3642578125,False,False
CompCars,162/1628/2014/b2640c5d27cf7b.jpg,800,567,RGB,128.4404296875,False,False
CompCars,150/378/2012/b2ad6c90ed5a8f.jpg,908,626,RGB,86.6123046875,False,False
CompCars,81/122/2014/0d624ebca38c35.jpg,800,567,RGB,76.810546875,False,False
CompCars,53/770/2010/58731e9b93756e.jpg,908,626,RGB,92.51171875,False,False
CompCars,140/1207/2012/f5e104e60855d5.jpg,908,626,RGB,124.064453125,False,False
CompCars,157/1915/2013/4cd3eb44efaeb3.jpg,908,626,RGB,61.6708984375,False,False
CompCars,108/1524/2011/b384cefa4b5aa7.jpg,800,567,RGB,59.8916015625,False,False
CompCars,94/1235/2014/0635acdbe57b79.jpg,800,567,RGB,66.046875,False,False
CompCars,111/1718/2014/f06c6773cb0dce.jpg,800,567,RGB,77.2783203125,False,False
CompCars,97/872/2009/7c9b927fbf75fa.jpg,908,626,RGB,51.951171875,False,False
CompCars,134/651/unknown/11d44cf31dad59.jpg,908,626,RGB,71.42578125,False,False
CompCars,152/419/2010/3c53d792ec60e4.jpg,800,567,RGB,50.3388671875,False,False
CompCars,39/1349/2014/518d3b0181db5f.jpg,800,567,RGB,154.59375,False,False
CompCars,68/937/2007/7a92482e887da3.jpg,800,567,RGB,62.37109375,False,False
CompCars,36/548/2014/6219a6c450b726.jpg,800,552,RGB,70.84765625,False,False
CompCars,159/1571/2011/50f607d33f5b6d.jpg,800,482,RGB,50.5185546875,False,False
CompCars,132/1229/2013/fd9bcb958b9090.jpg,908,626,RGB,57.4208984375,False,False
CompCars,120/1689/2010/1073d461f0d684.jpg,800,552,RGB,68.0859375,False,False
CompCars,132/1229/2009/466f6c3a4f8688.jpg,909,627,RGB,119.251953125,False,False
CompCars,95/919/2014/01e3191253da61.jpg,908,626,RGB,56.0634765625,False,False
CompCars,118/957/2015/d88e48e4c1e954.jpg,800,567,RGB,149.2939453125,False,False
CompCars,108/1526/2014/dc6b584bd6b114.jpg,800,567,RGB,121.0390625,False,False
CompCars,100/211/2014/efd348e7f6d63e.jpg,800,567,RGB,146.8408203125,False,False
CompCars,146/1740/2010/94364dff700807.jpg,800,567,RGB,64.90625,False,False
CompCars,105/308/2013/05029311b6bb20.jpg,800,567,RGB,84.1259765625,False,False
CompCars,108/1522/2014/626c2b98104d66.jpg,800,567,RGB,152.087890625,False,False
CompCars,154/1058/2010/16ecdc7c337ad2.jpg,800,567,RGB,63.318359375,False,False
CompCars,39/1341/2007/d12cb9bc68b721.jpg,800,567,RGB,56.154296875,False,False
CompCars,48/322/2011/e978cd7b931275.jpg,908,626,RGB,164.306640625,False,False
CompCars,4/516/2012/a165a9866ab96a.jpg,800,567,RGB,105.845703125,False,False
CompCars,150/391/2011/306b7c91cb8867.jpg,800,567,RGB,79.796875,False,False
CompCars,133/1604/2014/ac61767886dcfd.jpg,800,567,RGB,63.294921875,False,False
CompCars,51/1159/2011/b976e5044e2e4f.jpg,908,626,RGB,68.642578125,False,False
CompCars,95/924/2013/6e2bae3f1c46e6.jpg,800,567,RGB,101.6123046875,False,False
CompCars,39/1329/2014/705ddabb47ec2e.jpg,908,626,RGB,59.205078125,False,False
CompCars,100/209/2011/f5c7fe0cc08a3f.jpg,908,626,RGB,62.9228515625,False,False
CompCars,149/1792/2015/036c0359845eff.jpg,800,552,RGB,101.837890625,False,False
CompCars,113/729/2013/3fb8942f1b5946.jpg,950,541,RGB,134.1826171875,False,False
CompCars,114/1445/2013/5742cb183d8bf6.jpg,800,502,RGB,107.9599609375,False,False
CompCars,158/1285/2015/e743c62a115337.jpg,908,626,RGB,73.330078125,False,False
CompCars,27/1066/2010/7d62959e4c761f.jpg,800,567,RGB,97.9306640625,False,False
CompCars,102/254/2014/5ecaf5af32dbd1.jpg,800,419,RGB,109.9140625,False,False
CompCars,37/1989/2014/6b40de33864c2b.jpg,800,416,RGB,83.302734375,False,False
CompCars,118/987/2011/4c75be88559e86.jpg,800,567,RGB,47.0849609375,False,False
CompCars,122/597/2011/ddda5614d46e11.jpg,908,626,RGB,105.2119140625,False,False
CompCars,38/1956/2010/620e52a2c71d8a.jpg,800,563,RGB,57.9384765625,False,False
CompCars,157/1934/2010/91f9192d00c0ac.jpg,908,626,RGB,78.88671875,False,True
CompCars,139/1641/2013/0d7e647162d71f.jpg,800,567,RGB,95.98046875,False,False
CompCars,148/1563/2014/be7f458a0b29f3.jpg,800,567,RGB,72.2763671875,False,False
CompCars,28/1870/2009/e920c6e9c75728.jpg,909,627,RGB,178.30078125,False,False
CompCars,78/13/2014/13f81b82da52ea.jpg,800,567,RGB,74.55078125,False,False
CompCars,73/439/2013/5a6c01c5238405.jpg,908,626,RGB,62.8173828125,False,False
CompCars,57/1606/2015/1f82b5c74a6d42.jpg,800,567,RGB,52.5654296875,False,False
CompCars,14/1836/2014/d9475905cc973f.jpg,800,567,RGB,108.1650390625,False,False
CompCars,108/1528/2014/d17d986c1ac876.jpg,800,500,RGB,94.67578125,False,False
CompCars,105/299/2011/b018c0015d11dd.jpg,908,626,RGB,83.7783203125,False,False
CompCars,32/547/2012/b3bb7f1a8258d2.jpg,800,552,RGB,90.1416015625,False,False
CompCars,135/945/2010/593d14fb1eab93.jpg,908,626,RGB,59.4560546875,False,False
CompCars,26/1696/2015/e18c23cac1ce19.jpg,800,552,RGB,39.3818359375,False,False
CompCars,112/663/2014/460ba7f72f0f10.jpg,908,626,RGB,74.1484375,False,False
CompCars,151/427/2015/d1782de2c62096.jpg,800,567,RGB,72.4638671875,False,False
CompCars,159/1582/2012/bfc05d174a98b7.jpg,800,567,RGB,60.5791015625,False,False
CompCars,100/235/2013/23af13bd4d50bd.jpg,908,626,RGB,94.5068359375,False,False
CompCars,27/1066/2010/6bfe0338ef7893.jpg,800,567,RGB,66.048828125,False,False
CompCars,78/19/2012/ef397dbbcb9986.jpg,908,626,RGB,71.375,False,False
CompCars,81/108/2014/9f7757a221b03b.jpg,908,626,RGB,63.3515625,False,False
CompCars,39/1374/2009/dcb2e33a8b0211.jpg,800,567,RGB,123.7314453125,False,False
CompCars,103/1845/2008/26f0c3655c05ec.jpg,950,657,RGB,180.248046875,False,False
CompCars,69/1480/2009/0e95cb537ab37d.jpg,800,567,RGB,86.2802734375,False,False
CompCars,158/1251/2010/6b75d5a0fe39dd.jpg,908,626,RGB,74.1376953125,False,False
CompCars,115/701/2010/23a21eb787c495.jpg,800,567,RGB,95.0341796875,False,False
CompCars,140/1200/2015/2d35bd788673f9.jpg,800,567,RGB,49.943359375,False,False
CompCars,28/1864/2013/7cfa4045942b26.jpg,800,567,RGB,48.7109375,False,False
CompCars,40/1091/2014/9a6b03a5fe0a4b.jpg,800,567,RGB,79.017578125,False,False
CompCars,77/163/2014/9beb1ae5d0154a.jpg,908,626,RGB,92.8466796875,False,False
CompCars,118/973/2013/2f5b0a4bad84b2.jpg,800,552,RGB,63.3701171875,False,False
CompCars,39/1332/2009/fc14ecf2749511.jpg,909,627,RGB,129.119140625,False,False
CompCars,39/1336/2010/6b383a68c8d7d6.jpg,908,603,RGB,102.181640625,False,False
CompCars,160/787/2014/00d31fb8662e73.jpg,908,626,RGB,81.0439453125,False,False
CompCars,111/1702/2011/a32ad50a79dfa5.jpg,908,626,RGB,110.7685546875,False,False
CompCars,100/216/2012/36726a00c6ea4a.jpg,908,626,RGB,143.5810546875,False,False
CompCars,105/301/2011/39d1a91c0207a5.jpg,908,626,RGB,129.8173828125,False,False
CompCars,118/987/2011/71c1a8fbc7b354.jpg,800,567,RGB,103.4013671875,False,False
CompCars,45/1029/2013/15e6eeae7b642c.jpg,800,552,RGB,77.58984375,False,False
CompCars,49/1436/2010/d992a7a28ca5bb.jpg,1024,718,RGB,166.330078125,False,False
CompCars,58/327/2014/f998864a199a9d.jpg,950,541,RGB,194.2568359375,False,False
CompCars,53/772/2010/010df9fb87444b.jpg,908,626,RGB,53.5869140625,False,False
CompCars,162/1629/2010/b9f18e12f5522c.jpg,907,626,RGB,108.3564453125,False,False
CompCars,81/73/2008/795a6837daa846.jpg,908,626,RGB,84.646484375,False,False
CompCars,152/411/2013/8a50c9bc6d7fcb.jpg,800,567,RGB,47.4052734375,False,False
CompCars,102/258/2014/8a73028fa3dd09.jpg,800,417,RGB,45.4599609375,False,False
CompCars,122/622/2008/c7525847c8a58e.jpg,800,567,RGB,45.58984375,False,False
CompCars,108/1522/2014/3aac54704f4b4d.jpg,800,567,RGB,61.22265625,False,False
CompCars,54/191/2014/1596562dcfcc01.jpg,908,626,RGB,88.9892578125,False,False
CompCars,134/655/2013/67c15f03f6b182.jpg,800,567,RGB,80.9912109375,False,False
CompCars,160/794/2011/acf358e5fba71a.jpg,907,626,RGB,55.72265625,False,False
CompCars,77/127/2011/b8862cb000521e.jpg,908,626,RGB,181.0009765625,False,False
CompCars,100/217/2014/e11af9424c2115.jpg,909,626,RGB,90.1494140625,False,False
CompCars,39/1392/2011/a6eb5e85c99135.jpg,908,626,RGB,142.6748046875,False,False
CompCars,127/1177/2014/846f07156118fb.jpg,800,552,RGB,59.8154296875,False,False
CompCars,160/797/2013/243e891a02f0f3.jpg,800,567,RGB,59.0556640625,False,False
CompCars,148/1563/2013/4cda465024b677.jpg,908,626,RGB,140.8525390625,False,False
CompCars,105/298/2012/0b0dcb7dc70759.jpg,800,567,RGB,88.59375,False,False
CompCars,73/435/2009/a7055b39d777a7.jpg,908,626,RGB,75.263671875,False,False
CompCars,48/319/2013/107fc29d2c780a.jpg,908,626,RGB,66.23046875,False,False
CompCars,112/663/2011/35d1e956c634cd.jpg,800,567,RGB,90.7705078125,False,False
CompCars,122/609/2008/266ce60baab0fd.jpg,800,567,RGB,66.81640625,False,False
CompCars,157/1914/2010/828b58c991055c.jpg,800,482,RGB,63.248046875,False,False
CompCars,102/266/2013/e0845291a386ea.jpg,908,626,RGB,66.033203125,False,False
CompCars,118/1002/2016/8e6ba8c3462225.jpg,800,567,RGB,61.9326171875,False,False
CompCars,142/1137/2014/1c2eeea4975858.jpg,908,626,RGB,89.2958984375,False,False
CompCars,131/1017/2009/c2beb94313b577.jpg,909,627,RGB,131.71875,False,False
CompCars,162/1614/2012/10cfac76ffffa1.jpg,908,626,RGB,64.259765625,False,False
CompCars,132/1226/2015/d24af3a66e36d0.jpg,800,567,RGB,52.779296875,False,False
CompCars,162/1613/2010/e30a6122d634f3.jpg,908,627,RGB,109.2568359375,False,False
CompCars,155/808/2011/8808d289143ffd.jpg,800,552,RGB,69.4189453125,False,False
CompCars,118/982/2013/53098a1ce44615.jpg,800,567,RGB,116.9580078125,False,False
CompCars,5/1041/2006/d711d3d3395240.jpg,800,567,RGB,115.8818359375,False,False
CompCars,73/435/2013/7e951f2564c00d.jpg,908,626,RGB,73.26953125,False,False
CompCars,81/69/2013/08ec342002a1cc.jpg,908,626,RGB,110.0634765625,False,False
CompCars,115/707/2012/ef62486a09125d.jpg,908,626,RGB,155.9111328125,False,False
CompCars,127/1175/2013/389a2abd71b175.jpg,904,623,RGB,61.59765625,False,False
CompCars,82/343/2014/e6de95d4ca301e.jpg,800,567,RGB,89.865234375,False,False
CompCars,97/879/2010/484ff028356609.jpg,800,567,RGB,107.564453125,False,False
CompCars,78/24/2010/4bbd9df1e9fadd.jpg,800,484,RGB,38.6357421875,False,False
CompCars,97/860/2013/e0c7f272964745.jpg,800,567,RGB,69.408203125,False,False
CompCars,69/1481/2014/8c2bf9a43c4676.jpg,950,541,RGB,135.7197265625,False,False
CompCars,34/565/2010/d823a57295947c.jpg,1024,718,RGB,126.552734375,False,False
CompCars,15/832/2012/9ac1f4eb7aeaae.jpg,800,567,RGB,72.5185546875,False,False
CompCars,105/302/2010/c87be09edc1154.jpg,908,626,RGB,72.333984375,False,False
CompCars,64/1451/2013/a5c889a897fa9e.jpg,800,567,RGB,60.3564453125,False,False
CompCars,35/563/2012/a65bc7adb9fbdc.jpg,800,567,RGB,65.3291015625,False,False
CompCars,90/1244/2012/8c0a3d4e73a51d.jpg,800,567,RGB,73.142578125,False,False
CompCars,73/508/2009/a4a50d5b68dfc6.jpg,908,627,RGB,81.7119140625,False,False
CompCars,75/1659/2013/8173e23e16c9ab.jpg,908,626,RGB,118.9208984375,False,False
CompCars,105/298/2010/485a5c4b225aab.jpg,800,567,RGB,68.00390625,False,False
CompCars,114/1445/2011/8af0cab1375c0b.jpg,800,567,RGB,161.8876953125,False,False
CompCars,154/1051/2007/b659eeef1bcfe6.jpg,800,567,RGB,90.5146484375,False,False
CompCars,5/1042/2009/6da6118fe74e39.jpg,800,567,RGB,56.451171875,False,True
CompCars,55/1590/2010/f394d922b4e44f.jpg,908,626,RGB,48.62109375,False,False
CompCars,78/32/2012/1208defed08985.jpg,908,626,RGB,69.7236328125,False,False
CompCars,77/154/2012/0d39ca29f20023.jpg,800,484,RGB,57.9619140625,False,False
CompCars,108/1530/2009/274bc8afdce324.jpg,800,567,RGB,97.1630859375,False,False
CompCars,146/1745/2012/64ffe5ac6891bc.jpg,800,567,RGB,66.125,False,False
CompCars,81/69/2013/a9ee4db46af4e8.jpg,908,626,RGB,163.935546875,False,False
CompCars,80/952/2012/fbb4bc0527b2ad.jpg,800,552,RGB,74.5048828125,False,False
CompCars,157/1927/2014/83cb7f5030056d.jpg,908,626,RGB,72.28515625,False,False
CompCars,94/1236/2009/f01c5951961571.jpg,800,482,RGB,46.62109375,False,False
CompCars,70/1857/2013/dfa26ee6e68ce8.jpg,800,552,RGB,84.515625,False,False
CompCars,149/1811/2012/e753ae9456c1bc.jpg,800,567,RGB,103.3349609375,False,False
CompCars,103/1849/2008/d1fb13fb6de2da.jpg,800,567,RGB,64.5615234375,False,False
CompCars,97/908/2015/870e87680607e0.jpg,800,567,RGB,116.53125,False,False
CompCars,81/94/2013/4e164f8b292843.jpg,908,626,RGB,71.6220703125,False,False
CompCars,83/372/2008/0b273f538ba9d2.jpg,800,567,RGB,69.30859375,False,False
CompCars,145/517/2012/1d7bfcfe1102b5.jpg,908,626,RGB,122.865234375,False,False
CompCars,157/1917/2013/fed246d1b3bc9b.jpg,800,482,RGB,64.6025390625,False,False
CompCars,6/1776/2006/d111ea89bacdf1.jpg,800,567,RGB,125.1259765625,False,False
CompCars,15/832/2012/0930c39d7f5ba6.jpg,800,567,RGB,84.927734375,False,False
CompCars,159/1573/2010/1e3b98d5cbed71.jpg,908,626,RGB,129.140625,False,False
CompCars,78/4/2015/900c93c427f64c.jpg,800,567,RGB,83.22265625,False,False
CompCars,162/1634/2012/1d2a2edcb32d11.jpg,908,626,RGB,55.50390625,False,False
CompCars,140/1194/2012/8acdb6d33553b7.jpg,908,626,RGB,61.642578125,False,False
CompCars,111/1720/2012/525e14b1d3b772.jpg,800,567,RGB,71.1435546875,False,False
CompCars,149/1793/2009/2cb11f630e60f4.jpg,909,627,RGB,149.46484375,False,False
CompCars,128/1894/2014/cd80defe685aac.jpg,908,626,RGB,136.8564453125,False,False
CompCars,140/1190/2012/06e72fe67a2621.jpg,908,626,RGB,54.7548828125,False,False
CompCars,97/885/2013/cae17abde05a4c.jpg,800,567,RGB,77.6474609375,False,False
CompCars,97/902/2014/c58b74589ba43b.jpg,800,567,RGB,84.583984375,False,False
CompCars,81/91/2014/2ae5635156d8e3.jpg,800,484,RGB,48.861328125,False,False
CompCars,45/1029/2013/88969bb1bc5123.jpg,800,552,RGB,60.9443359375,False,False
CompCars,133/1602/2009/2dd1ea0adc78e2.jpg,909,627,RGB,94.0615234375,False,False
CompCars,162/1631/2015/310531c9316b01.jpg,908,626,RGB,186.083984375,False,False
CompCars,135/945/2012/1956321b401b78.jpg,800,567,RGB,50.12109375,False,True
CompCars,54/189/2011/1f693d7964379b.jpg,908,626,RGB,126.3740234375,False,False
CompCars,158/1269/2009/25b827befbb7dd.jpg,800,551,RGB,77.4228515625,False,False
CompCars,102/291/2015/903324cf0ff6f6.jpg,800,567,RGB,97.787109375,False,False
CompCars,112/670/2013/41617c52760bae.jpg,800,567,RGB,54.169921875,False,False
CompCars,105/314/2011/6d0b6e5a958afb.jpg,908,626,RGB,146.9072265625,False,False
CompCars,69/1478/2010/383244efa71db9.jpg,1024,718,RGB,91.6181640625,False,False
CompCars,125/780/2011/7c721e4b56b8e4.jpg,908,626,RGB,75.6435546875,False,False
CompCars,44/1772/2008/16315a653e38c5.jpg,800,567,RGB,67.5712890625,False,False
CompCars,111/1708/2006/bb139614d41848.jpg,800,567,RGB,71.2265625,False,False
CompCars,39/1321/2010/73da25e6b98e6b.jpg,908,626,RGB,179.326171875,False,False
CompCars,81/78/2013/8980e19fb5dfc4.jpg,908,626,RGB,78.9609375,False,False
CompCars,78/1/2012/dee84a5406895b.jpg,908,626,RGB,88.75390625,False,False
CompCars,100/249/2013/7fc0e7c25c40fa.jpg,800,567,RGB,159.6328125,False,False
CompCars,53/764/2015/b03d2ae04cc6b4.jpg,800,567,RGB,144.2392578125,False,False
CompCars,120/1688/2009/a6c425ed32c0e5.jpg,909,627,RGB,87.6865234375,False,False
CompCars,78/33/2016/b4e745d1092a27.jpg,800,567,RGB,90.5634765625,False,False
CompCars,27/1068/2013/95c7addabc6290.jpg,908,626,RGB,220.16796875,False,False
CompCars,158/1257/2012/4d6a9c0f28c174.jpg,800,567,RGB,118.1591796875,False,False
CompCars,157/1917/2014/1df134a32c14e8.jpg,908,626,RGB,71.0712890625,False,False
CompCars,81/75/2013/b689ddbde89994.jpg,800,567,RGB,59.6787109375,False,False
CompCars,84/1970/2013/9a6cdb64ee80eb.jpg,800,484,RGB,52.3935546875,False,False
CompCars,28/1864/2013/5db00a83ea7369.jpg,800,567,RGB,47.623046875,False,False
CompCars,75/1672/2014/48163241339254.jpg,800,567,RGB,83.0732421875,False,False
CompCars,50/1123/2011/229cd3f45df7bb.jpg,908,626,RGB,166.259765625,False,False
CompCars,97/868/2014/86d95d1a5af9b1.jpg,908,626,RGB,175.626953125,False,False
CompCars,157/1906/2014/7fa422b2a9eaa1.jpg,800,552,RGB,148.27734375,False,False
CompCars,140/1218/2014/8563e121c0c091.jpg,950,541,RGB,129.80078125,False,False
CompCars,73/503/2015/782988d324789c.jpg,800,567,RGB,121.3720703125,False,False
CompCars,158/1264/2009/39c47bcdd40322.jpg,910,628,RGB,121.552734375,False,False
CompCars,60/352/2014/53230e76f362e2.jpg,800,552,RGB,125.818359375,False,False
CompCars,158/1277/2010/8eeb5bcd53242f.jpg,908,626,RGB,161.0078125,False,False
CompCars,122/590/2012/6edd27f69a5f4d.jpg,800,484,RGB,42.61328125,False,False
CompCars,122/622/2008/b40cbcc7924042.jpg,800,567,RGB,58.0986328125,False,False
CompCars,77/148/2014/f8406f0ca54280.jpg,908,626,RGB,74.8486328125,False,False
CompCars,39/1350/2016/451caedf03c2f3.jpg,800,567,RGB,76.9140625,False,False
CompCars,149/1796/2010/7ae6c8f884d6cb.jpg,908,626,RGB,183.3046875,False,False
CompCars,162/1619/2009/844d753779d2b5.jpg,909,626,RGB,78.3046875,False,False
CompCars,77/140/2015/fce62d892880ce.jpg,800,567,RGB,56.8974609375,False,True
CompCars,64/1454/2010/dd1fc87e3bf089.jpg,1024,718,RGB,131.2138671875,False,False
CompCars,115/707/2012/e19ed5036a124e.jpg,908,626,RGB,143.5166015625,False,False
CompCars,73/478/2013/81182f31f90f10.jpg,800,567,RGB,54.7138671875,False,False
CompCars,27/1066/2013/06894eb0f04e1a.jpg,908,626,RGB,141.5927734375,False,False
CompCars,53/766/2014/baf38fca4194a4.jpg,800,567,RGB,82.513671875,False,False
CompCars,154/1054/2015/759cc5e00117c1.jpg,800,567,RGB,95.45703125,False,False
CompCars,139/1645/2012/84c62a7e359ad9.jpg,908,626,RGB,79.5732421875,False,False
CompCars,78/61/2012/40e19a90e0a12a.jpg,800,485,RGB,88.3388671875,False,False
CompCars,37/1984/2011/7f345bb32b3001.jpg,800,567,RGB,84.490234375,False,False
CompCars,35/557/2014/3713de373acb77.jpg,908,626,RGB,89.2255859375,False,False
CompCars,77/185/2012/2221dce05662d3.jpg,800,552,RGB,68.2080078125,False,False
CompCars,162/1631/2011/b106746be79c4e.jpg,908,626,RGB,113.2080078125,False,False
CompCars,37/1993/2009/51ef1716098b4a.jpg,900,567,RGB,73.5966796875,False,False
CompCars,134/649/2008/a2c4c1c8ce75da.jpg,908,603,RGB,63.9677734375,False,False
CompCars,73/497/2015/80d958146a22a2.jpg,800,609,RGB,68.626953125,False,False
CompCars,150/392/2010/e67b9e01c3d0f5.jpg,908,626,RGB,133.3046875,False,False
CompCars,100/248/2012/3df1725f98c1d8.jpg,800,552,RGB,137.5712890625,False,False
CompCars,102/273/2014/853f19639b8224.jpg,908,626,RGB,88.6259765625,False,True
CompCars,100/215/2014/1399654192d9a5.jpg,908,626,RGB,110.87890625,False,False
CompCars,134/657/2011/d28e2dbb198fa3.jpg,800,567,RGB,112.3076171875,False,False
CompCars,76/367/2009/ab46ca26760850.jpg,910,628,RGB,138.18359375,False,False
CompCars,88/1417/2012/205c397a3b2c6e.jpg,800,567,RGB,83.3017578125,False,False
CompCars,154/1063/2011/6f8c318e595bc2.jpg,800,567,RGB,64.556640625,False,False
CompCars,159/1586/2014/35c44fbd7b76cf.jpg,908,626,RGB,91.681640625,False,False
CompCars,160/790/2014/00ed5ec5bebbd4.jpg,908,626,RGB,67.3642578125,False,True
CompCars,151/424/2013/539a0b3f16ef85.jpg,800,417,RGB,50.2353515625,False,False
CompCars,127/1176/2012/86f2d8f55bd1d8.jpg,908,626,RGB,72.962890625,False,False
CompCars,152/407/2012/64ee0f5d914daa.jpg,800,567,RGB,53.4296875,False,False
CompCars,87/673/2013/45a4aa88443d5b.jpg,800,567,RGB,126.5380859375,False,False
CompCars,137/1733/2009/d1ed4de40eb2c2.jpg,909,627,RGB,53.3701171875,False,False
CompCars,39/1344/2014/642cb45e3691d6.jpg,800,567,RGB,122.67578125,False,False
CompCars,87/674/2013/2fe9892112b0b1.jpg,908,626,RGB,96.23828125,False,False
CompCars,158/1251/2013/2c65e2dde5f7e3.jpg,906,625,RGB,63.0009765625,False,False
CompCars,32/544/2012/5ac6b12df3a69e.jpg,800,567,RGB,84.7451171875,False,False
CompCars,122/633/2015/e4e5269f72f8a9.jpg,800,567,RGB,137.0126953125,False,False
CompCars,87/673/2012/6351adcf357cc3.jpg,908,626,RGB,66.27734375,False,False
CompCars,111/1704/2014/491aa39bfd1a49.jpg,908,626,RGB,50.86328125,False,False
CompCars,36/551/2014/de474284ea6421.jpg,800,564,RGB,65.5498046875,False,False
CompCars,58/334/2012/c3f8e4c61fb519.jpg,800,567,RGB,96.87109375,False,False
CompCars,78/31/2013/03e04f3aba3936.jpg,908,626,RGB,71.3681640625,False,False
CompCars,140/1189/2015/2594087a7bdfa6.jpg,908,626,RGB,66.419921875,False,False
CompCars,100/212/2013/a34bf8d95d47d2.jpg,800,567,RGB,83.7470703125,False,False
CompCars,69/1473/2011/b7648ffb253445.jpg,800,567,RGB,112.8916015625,False,False
CompCars,105/305/2015/1739d8bad63540.jpg,800,417,RGB,106.1474609375,False,False
CompCars,76/366/2013/8a4b3f873d029d.jpg,906,625,RGB,110.9306640625,False,False
CompCars,89/1786/2009/cf5e41e47e0b80.jpg,1024,718,RGB,107.5869140625,False,False
CompCars,160/790/2011/f887f1b12d475b.jpg,800,567,RGB,59.15234375,False,False
CompCars,54/201/2014/169f2ecf3aba2f.jpg,800,559,RGB,128.6015625,False,False
CompCars,73/477/2014/c8571a33aaa605.jpg,800,567,RGB,70.794921875,False,False
CompCars,77/141/2014/94c7b3873e0f61.jpg,908,626,RGB,142.7392578125,False,False
CompCars,160/791/2013/7dea340141145c.jpg,800,552,RGB,127.2666015625,False,False
CompCars,73/506/2013/48547c234d8b7b.jpg,800,484,RGB,107.9609375,False,False
CompCars,140/1189/2015/250676a2f03b92.jpg,908,626,RGB,54.6484375,False,False
CompCars,81/108/2014/172d21312a26a9.jpg,908,626,RGB,88.45703125,False,False
CompCars,69/1472/2012/1f67a4e78eb6d5.jpg,908,626,RGB,79.7685546875,False,False
CompCars,108/1537/2012/05bbd0fad2e353.jpg,800,567,RGB,119.55859375,False,False
CompCars,148/1556/2011/6a15783e3e6a2a.jpg,800,567,RGB,59.673828125,False,True
CompCars,139/1646/2016/cb72c56d1d448f.jpg,800,567,RGB,89.18359375,False,False
CompCars,132/1229/2009/c632d59435b930.jpg,909,627,RGB,126.279296875,False,False
CompCars,134/654/2011/a59c666390916f.jpg,800,567,RGB,128.6005859375,False,False
CompCars,145/521/2007/7287bc9be20c9a.jpg,800,567,RGB,68.658203125,False,False
CompCars,102/290/2011/d37942cf419429.jpg,800,567,RGB,123.6572265625,False,False
CompCars,94/1231/2015/d27ea652f08987.jpg,908,626,RGB,74.9150390625,False,False
CompCars,97/857/2014/c7e6fb35a98c15.jpg,800,567,RGB,106.41015625,False,False
CompCars,81/104/2013/08f0e4a5348a71.jpg,800,567,RGB,111.6669921875,False,False
CompCars,39/1341/2004/0b2439f90e8e88.jpg,800,567,RGB,77.12109375,False,True
CompCars,39/1322/2015/1103177a812cc9.jpg,800,567,RGB,59.6591796875,False,False
CompCars,97/890/2012/549de95ba3fffd.jpg,800,567,RGB,92.6796875,False,False
CompCars,39/1389/2013/7acfc4ba6b8c6b.jpg,908,626,RGB,110.3818359375,False,False
CompCars,102/263/2013/2bceca70f3d449.jpg,908,626,RGB,126.1845703125,False,False
CompCars,87/680/2014/8f26f1b9fff026.jpg,800,567,RGB,73.923828125,False,False
CompCars,112/670/2013/b7528a94a92533.jpg,908,626,RGB,47.7099609375,False,False
CompCars,55/1594/2014/98427719fe756a.jpg,800,567,RGB,64.755859375,False,False
CompCars,31/533/2014/a669ca2708f039.jpg,908,626,RGB,88.3232421875,False,False
CompCars,139/1642/2008/d8d16368cae1e6.jpg,800,567,RGB,78.8857421875,False,False
CompCars,73/463/2012/d0fe273847fbbb.jpg,800,552,RGB,61.2158203125,False,False
CompCars,27/1073/2008/dfcca396f138d6.jpg,909,627,RGB,68.353515625,False,False
CompCars,78/23/2012/69b09fdfb93401.jpg,908,626,RGB,70.015625,False,False
CompCars,160/797/2013/074e1257a5bd64.jpg,800,567,RGB,52.12890625,False,True
CompCars,36/550/2012/4d2483e9870302.jpg,800,484,RGB,61.720703125,False,False
CompCars,15/835/2013/91c14ac9d84c9f.jpg,800,567,RGB,64.54296875,False,False
CompCars,157/1905/2014/0e7825d9769b24.jpg,908,626,RGB,82.26171875,False,False
CompCars,39/1388/2014/7b63d6a793c7ec.jpg,800,567,RGB,147.3212890625,False,False
CompCars,36/553/2014/8ab37d47d5a0c5.jpg,800,500,RGB,109.541015625,False,False
CompCars,159/1573/2013/03ef987f963566.jpg,800,567,RGB,135.5673828125,False,False
CompCars,100/239/2004/7e6563d33867c8.jpg,908,626,RGB,86.23046875,False,False
CompCars,73/437/2004/3c6171a92f37e5.jpg,640,447,RGB,75.2724609375,False,False
CompCars,100/214/2015/e9fc2b2b219dce.jpg,800,567,RGB,93.6982421875,False,False
CompCars,58/342/2013/dfd35238b16f75.jpg,908,626,RGB,70.638671875,False,False
CompCars,73/474/2011/40ac8909e60b3a.jpg,800,567,RGB,65.224609375,False,False
CompCars,162/1614/2013/22d32b26dd17ec.jpg,800,567,RGB,72.39453125,False,False
CompCars,48/326/2016/0dd474523a3787.jpg,800,567,RGB,41.6591796875,False,False
CompCars,78/4/2015/e5f8c27f09aacc.jpg,800,567,RGB,62.9560546875,False,False
CompCars,97/859/2014/cc28e5ed1d4890.jpg,908,626,RGB,50.6201171875,False,False
CompCars,72/712/2009/4a9caa72cbf297.jpg,800,567,RGB,122.9951171875,False,False
CompCars,97/853/2012/c7f83804abdfa6.jpg,908,626,RGB,90.6494140625,False,False
CompCars,140/1187/2007/dfb79dd6a988fd.jpg,800,567,RGB,68.18359375,False,False
CompCars,95/917/2013/b7d438ab694eae.jpg,906,625,RGB,62.888671875,False,False
CompCars,105/298/2012/18d5ea34b62a2d.jpg,908,626,RGB,95.1396484375,False,False
CompCars,108/1527/2014/1c2b77e2270897.jpg,800,567,RGB,107.78125,False,False
CompCars,48/321/2013/2a4d0759cd13cd.jpg,908,626,RGB,171.166015625,False,False
CompCars,118/968/2010/29baa32b3e7c21.jpg,908,626,RGB,150.3916015625,False,False
CompCars,37/1989/2014/f701cce7779fa0.jpg,800,567,RGB,68.169921875,False,False
CompCars,81/72/2008/80fa8cd771edaf.jpg,908,626,RGB,76.814453125,False,False
CompCars,131/1019/2011/5a3f5208e40389.jpg,908,626,RGB,65.0634765625,False,False
CompCars,77/152/2014/a4bb4b0eea6f7e.jpg,908,626,RGB,57.451171875,False,False
CompCars,97/854/2014/2e241f65ad29bd.jpg,908,626,RGB,62.9716796875,False,False
CompCars,127/1177/2014/e978ae6885e3e1.jpg,800,552,RGB,56.6357421875,False,False
CompCars,78/14/2013/8f356c8be78cc9.jpg,800,567,RGB,59.5537109375,False,False
CompCars,102/268/2012/978e4b040981ad.jpg,800,567,RGB,56.095703125,False,False
CompCars,95/932/2014/84af862441af18.jpg,908,626,RGB,65.4716796875,False,False
CompCars,66/1994/2012/0664f29e658052.jpg,908,626,RGB,74.9453125,False,False
CompCars,122/591/2011/0b9c627d6befa4.jpg,800,484,RGB,59.388671875,False,False
CompCars,81/122/2015/62fa97fe4662c5.jpg,800,567,RGB,96.9931640625,False,False
CompCars,148/1558/2011/1de13d88620e8b.jpg,800,552,RGB,67.2666015625,False,False
CompCars,82/346/2012/2ca8a250c2e740.jpg,800,567,RGB,64.78125,False,False
CompCars,69/1494/2006/b0c792cc4b5a9c.jpg,800,567,RGB,109.314453125,False,False
CompCars,44/1772/2010/6a943af719d3c1.jpg,800,567,RGB,67.3232421875,False,False
CompCars,27/1066/2010/cf5237723ad4cd.jpg,908,626,RGB,77.8193359375,False,False
CompCars,81/92/2014/8e5f750ef512a1.jpg,908,626,RGB,165.8271484375,False,False
CompCars,12/1318/2014/606c6f08907b42.jpg,908,626,RGB,68.689453125,False,False
CompCars,131/1008/2015/5caf10ee7dac5b.jpg,800,552,RGB,77.3828125,False,False
CompCars,111/1705/2013/e3314e83be6969.jpg,908,626,RGB,64.4453125,False,False
CompCars,118/993/2011/ae3f9bdc3fb90e.jpg,800,567,RGB,101.486328125,False,False
CompCars,105/301/2011/afc3b578b8dc4c.jpg,908,626,RGB,72.5634765625,False,False
CompCars,48/318/2014/07aeb3d0aa9515.jpg,950,539,RGB,123.7783203125,False,False
CompCars,108/1531/2008/cb2593accb15cf.jpg,910,628,RGB,78.0732421875,False,False
CompCars,73/505/2014/c7aac59cd485bc.jpg,908,626,RGB,80.9296875,False,False
CompCars,102/256/2011/20d9a3af14b66c.jpg,908,626,RGB,57.15625,False,False
CompCars,111/1708/2006/1053c39b1f387e.jpg,800,567,RGB,113.1767578125,False,False
CompCars,149/1800/2014/aff0dd160429a6.jpg,908,626,RGB,117.7841796875,False,False
CompCars,158/1259/2009/59ed887ec214e3.jpg,909,626,RGB,117.9140625,False,False
CompCars,135/945/2010/93d8ff50299f7a.jpg,800,567,RGB,64.3154296875,False,False
CompCars,73/440/2008/cdb058aa48dd98.jpg,908,626,RGB,135.9404296875,False,False
CompCars,75/1661/2013/cb9a3871f77d08.jpg,800,567,RGB,72.896484375,False,False
CompCars,123/1398/2012/535502efbce080.jpg,950,539,RGB,110.2880859375,False,False
CompCars,61/349/2014/33491f793bfe1a.jpg,800,567,RGB,122.33203125,False,False
CompCars,131/1024/2015/06c752ec99b5f0.jpg,800,552,RGB,91.142578125,False,False
CompCars,78/12/2013/9fc922f5c425ed.jpg,800,567,RGB,69.2158203125,False,False
CompCars,77/144/2013/7c179e40812fd3.jpg,950,539,RGB,65.595703125,False,False
CompCars,55/1596/2015/3b123b49bdac1c.jpg,800,552,RGB,41.513671875,False,False
CompCars,162/1611/2010/f7812ab93b226b.jpg,908,626,RGB,141.5771484375,False,False
CompCars,48/319/2012/87df9a537354fe.jpg,908,626,RGB,84.998046875,False,False
CompCars,35/563/2014/d2babde6fe937a.jpg,800,500,RGB,105.4130859375,False,False
CompCars,97/892/2013/f9b2e582b02eb2.jpg,800,567,RGB,132.4404296875,False,False
CompCars,38/1953/2012/ee747bd1900d32.jpg,800,567,RGB,94.9892578125,False,False
CompCars,50/1129/2010/f498f51a5ced44.jpg,800,567,RGB,172.03125,False,False
CompCars,154/1063/2011/74a3e55341fc2d.jpg,800,484,RGB,54.7412109375,False,False
CompCars,148/1555/2014/fac09e5075aacd.jpg,800,567,RGB,71.5146484375,False,False
CompCars,77/137/2015/cfc7f983a60fdd.jpg,800,567,RGB,111.0869140625,False,False
CompCars,28/1864/2013/a9cf67cfeb463c.jpg,800,521,RGB,120.298828125,False,False
CompCars,131/1012/2011/bf51697ea74b9e.jpg,908,626,RGB,74.3876953125,False,False
CompCars,160/807/2011/b14d29c1f1f9c8.jpg,908,626,RGB,73.708984375,False,False
CompCars,101/821/2014/20fb6b910baf36.jpg,908,626,RGB,104.3310546875,False,False
CompCars,153/1749/2015/ae016c9d857fc7.jpg,800,552,RGB,87.2890625,False,False
CompCars,78/32/2012/9716e110149a09.jpg,908,626,RGB,131.82421875,False,False
CompCars,81/94/2014/95d238f4f70656.jpg,908,626,RGB,69.80859375,False,False
CompCars,28/1873/2009/8befc92ca8a91f.jpg,908,626,RGB,91.103515625,False,False
CompCars,7/681/2011/a661da3109e8f2.jpg,908,626,RGB,179.1162109375,False,False
CompCars,143/1841/2014/6be8579ec5c652.jpg,908,626,RGB,73.4033203125,False,False
CompCars,162/1615/2013/d43cd75aafe636.jpg,800,567,RGB,111.046875,False,False
CompCars,149/1817/2012/307f5a8742a20b.jpg,800,567,RGB,81.3251953125,False,False
CompCars,78/32/2011/982f8d985f0c01.jpg,908,626,RGB,132.53515625,False,False
CompCars,114/1440/2007/5104ac434e1f04.jpg,800,567,RGB,130.57421875,False,False
CompCars,159/1571/2010/dce52439227af7.jpg,800,551,RGB,66.6708984375,False,False
CompCars,101/820/2015/3d87e42897f2d4.jpg,800,567,RGB,76.34375,False,False
CompCars,134/642/2014/83d35a282cd43e.jpg,800,500,RGB,96.2861328125,False,False
CompCars,122/626/2013/8a30010cedd06d.jpg,800,567,RGB,124.0029296875,False,False
CompCars,94/1243/2008/fe35c9905d07b4.jpg,800,567,RGB,62.77734375,False,False
CompCars,86/1314/2013/053d88f4e41ec2.jpg,908,626,RGB,187.970703125,False,False
CompCars,118/981/2012/0196e1aa571c7e.jpg,800,567,RGB,82.84375,False,False
CompCars,134/642/2014/4faa5a88712fc8.jpg,800,567,RGB,115.6640625,False,False
CompCars,67/1699/2009/75ef4202914747.jpg,800,567,RGB,70.212890625,False,False
CompCars,118/995/2012/e3966defc26d78.jpg,800,567,RGB,48.873046875,False,False
CompCars,152/406/2012/c5e3fd509a07fa.jpg,800,567,RGB,128.224609375,False,False
CompCars,108/1529/2011/cc40cdc4a60d2f.jpg,908,626,RGB,101.111328125,False,False
CompCars,122/605/2013/0ec4d6866c4f0a.jpg,908,626,RGB,142.857421875,False,False
CompCars,157/1935/2014/a7564cb2220887.jpg,800,567,RGB,121.4208984375,False,False
CompCars,139/1641/2013/9cb6dfe5842de7.jpg,800,567,RGB,146.9228515625,False,False
CompCars,114/1441/2013/a3123328cca8c6.jpg,800,1388,RGB,248.685546875,False,False
CompCars,95/914/2014/e5509fc03a0b1f.jpg,800,567,RGB,77.435546875,False,False
CompCars,78/5/2012/6d92023e4653ff.jpg,908,626,RGB,69.982421875,False,False
CompCars,108/1543/2010/ec2056af5f588f.jpg,908,626,RGB,82.6943359375,False,False
CompCars,78/67/2014/87d7f5d944dbaa.jpg,908,626,RGB,55.0908203125,False,False
CompCars,92/749/2010/2c8443edc266dc.jpg,800,567,RGB,94.4287109375,False,False
CompCars,152/397/2014/319f4b484a5cf5.jpg,800,417,RGB,81.6279296875,False,False
CompCars,122/603/2011/0198d2f6dd2101.jpg,908,626,RGB,61.953125,False,False
CompCars,94/1233/2010/0db0c4c7b3aa5f.jpg,908,627,RGB,61.9287109375,False,False
CompCars,138/1412/2014/fbea57d7d38965.jpg,908,626,RGB,117.3759765625,False,False
CompCars,31/533/2014/46c48cb7a07f42.jpg,908,626,RGB,103.7255859375,False,False
CompCars,35/557/2014/84830f94d4c251.jpg,800,552,RGB,57.1328125,False,False
CompCars,88/1424/2013/6de5b224f22ac3.jpg,800,567,RGB,89.875,False,False
CompCars,81/93/2014/10b7877aa3847e.jpg,908,626,RGB,146.22265625,False,False
CompCars,73/473/2010/08fc22a38d9675.jpg,908,626,RGB,78.4990234375,False,False
CompCars,108/1534/2011/4393442f93a4ed.jpg,800,567,RGB,68.865234375,False,False
CompCars,105/308/2013/c35fca6f2816a2.jpg,800,567,RGB,100.9599609375,False,False
CompCars,77/137/2015/f99c6a6ff10963.jpg,800,567,RGB,123.97265625,False,False
CompCars,73/434/2014/a312ef07e19219.jpg,908,626,RGB,94.2353515625,False,False
CompCars,159/1587/2014/f4febf6a6c5084.jpg,800,566,RGB,76.732421875,False,False
CompCars,28/1888/2010/b452f52b30c720.jpg,908,626,RGB,57.962890625,False,False
CompCars,76/364/2011/e675abe9685cab.jpg,908,626,RGB,118.8837890625,False,False
CompCars,131/1006/2013/4995b17a874911.jpg,800,567,RGB,235.634765625,False,False
CompCars,122/618/2013/1db9c2f5d32175.jpg,800,567,RGB,60.640625,False,False
CompCars,75/1672/2014/bd40fb3fbfb001.jpg,1000,695,RGB,85.912109375,False,False
CompCars,77/144/2010/082ff3d90a0a34.jpg,800,484,RGB,44.337890625,False,False
CompCars,36/550/2012/fafb5381b06f50.jpg,800,567,RGB,52.05859375,False,False
CompCars,122/629/2011/daedcfb343f18a.jpg,800,567,RGB,104.5654296875,False,False
CompCars,78/14/2014/5ae8ee24b57285.jpg,800,567,RGB,65.1396484375,False,False
CompCars,26/1692/2015/0aaea7df580b1e.jpg,908,626,RGB,105.0107421875,False,False
CompCars,142/1137/2013/5f487e1b2b0a9f.jpg,908,626,RGB,160.6298828125,False,False
CompCars,97/892/2013/f2376ae614b5f0.jpg,800,567,RGB,130.7177734375,False,False
CompCars,135/947/unknown/ff883497a73f5f.jpg,909,627,RGB,68.6630859375,False,False
CompCars,157/1906/2014/4962166bce252a.jpg,800,552,RGB,67.6142578125,False,False
CompCars,39/1335/2012/efeee85707221b.jpg,800,567,RGB,74.751953125,False,False
CompCars,15/841/2013/e010949ae5a566.jpg,800,567,RGB,62.4150390625,False,False
CompCars,73/461/2014/1738714085a0aa.jpg,908,626,RGB,79.3720703125,False,False
CompCars,73/446/2015/c44725d58b1cef.jpg,800,567,RGB,72.0966796875,False,False
CompCars,39/1389/2008/b1fc76dc9e845e.jpg,800,567,RGB,57.7431640625,False,False
CompCars,78/39/2015/7b26faab8ca0fc.jpg,908,626,RGB,45.2548828125,False,False
CompCars,137/1730/2012/4d41ba4f4e54ea.jpg,908,626,RGB,95.5400390625,False,False
CompCars,50/1122/2009/78a30be1c1290a.jpg,908,626,RGB,179.03515625,False,False
CompCars,149/1806/2013/a851f048fc5d27.jpg,800,567,RGB,107.8916015625,False,False
CompCars,11/738/2014/6cc7bb85aa07fc.jpg,800,567,RGB,67.8701171875,False,False
CompCars,30/1897/2013/54513934710032.jpg,908,626,RGB,97.189453125,False,False
CompCars,134/649/2008/6ee6c10a87f146.jpg,909,627,RGB,159.55859375,False,False
CompCars,108/1540/2010/b8c3ebbe1edc7c.jpg,800,567,RGB,128.0380859375,False,False
CompCars,152/400/2014/f69de639eb8a74.jpg,800,567,RGB,82.666015625,False,False
CompCars,55/1597/2012/ba3dfe28eb2a1b.jpg,800,417,RGB,104.0224609375,False,False
CompCars,105/309/2014/8ebbdfc1f4a76c.jpg,800,567,RGB,106.6982421875,False,False
CompCars,78/40/2013/f1d72d7397c4df.jpg,800,567,RGB,122.0849609375,False,False
CompCars,71/691/2012/ddaffd3a8f17e8.jpg,800,567,RGB,107.2470703125,False,False
CompCars,157/1908/2013/c8d825c5caa916.jpg,908,626,RGB,124.9931640625,False,False
CompCars,105/309/2014/0dcb39349daf05.jpg,800,567,RGB,159.3076171875,False,False
CompCars,39/1363/2012/84dc6b22d5b850.jpg,800,567,RGB,144.9599609375,False,False
CompCars,53/776/2014/3aa5b5bc0ebf9a.jpg,800,567,RGB,97.6826171875,False,False
CompCars,39/1350/2013/53f7fd16442230.jpg,908,626,RGB,92.205078125,False,False
CompCars,39/1378/2012/c918a17d46bebe.jpg,800,567,RGB,85.6123046875,False,False
CompCars,158/1258/2013/fa96c06a16e7a8.jpg,908,626,RGB,75.48828125,False,True
CompCars,146/1744/2013/718bf7ddbbfd05.jpg,800,567,RGB,110.943359375,False,False
CompCars,151/425/2014/23679f5ecde565.jpg,950,538,RGB,87.3701171875,False,False
CompCars,102/265/2013/83655ef9ef9dc3.jpg,908,626,RGB,84.5654296875,False,False
CompCars,14/1828/2011/3d539391995014.jpg,908,626,RGB,189.4443359375,False,False
CompCars,157/1918/2011/9b8b94dfd3ebb4.jpg,800,567,RGB,101.296875,False,False
CompCars,69/1489/2014/96aef5af39ac62.jpg,1024,718,RGB,109.3212890625,False,False
CompCars,140/1194/2012/e1b8dd2a322577.jpg,1024,718,RGB,84.7998046875,False,False
CompCars,55/1593/2009/67b73ce08e4d55.jpg,909,626,RGB,116.9404296875,False,False
CompCars,60/351/2014/4871c4085f6962.jpg,800,552,RGB,103.1748046875,False,False
CompCars,28/1885/2012/49ceebc1656a87.jpg,908,626,RGB,93.7265625,False,False
CompCars,22/948/2014/4100bb7c8f0ca4.jpg,800,567,RGB,108.1748046875,False,False
CompCars,158/1259/2009/74b7cb9aa11bd6.jpg,909,627,RGB,113.0712890625,False,False
CompCars,77/162/2012/1c08b5cbe61231.jpg,908,626,RGB,119.3056640625,False,False
CompCars,157/1924/2012/8065e0131d9f68.jpg,800,567,RGB,75.7451171875,False,False
CompCars,78/21/2013/1cc053415e282c.jpg,908,626,RGB,89.2578125,False,False
CompCars,81/79/2010/2b1afb1e4e2a0e.jpg,908,626,RGB,142.33203125,False,False
CompCars,77/158/2014/422bdf086d4a7c.jpg,800,567,RGB,69.4091796875,False,False
CompCars,158/1259/2009/6ca11c28d149cb.jpg,909,628,RGB,81.5888671875,False,False
CompCars,102/260/2010/6870343f6b9509.jpg,1024,718,RGB,92.783203125,False,False
CompCars,131/1023/2013/7f44b1534b29be.jpg,800,567,RGB,63.076171875,False,False
CompCars,77/160/2011/0ed9db22f35a1d.jpg,908,626,RGB,89.4921875,False,False
CompCars,111/1706/2010/f042098c033c0f.jpg,908,626,RGB,84.9228515625,False,False
CompCars,118/961/2011/592c9e683b5f90.jpg,908,626,RGB,66.171875,False,False
CompCars,105/294/2012/e165394b458b4f.jpg,908,626,RGB,54.84765625,False,False
CompCars,28/1867/2010/c04bffc492ad07.jpg,800,552,RGB,106.9619140625,False,False
CompCars,101/819/2014/6fd4a24a060517.jpg,800,567,RGB,58.5087890625,False,False
CompCars,162/1634/2012/f925d4752a96ac.jpg,800,484,RGB,97.5146484375,False,False
CompCars,157/1906/2014/679119e50b481f.jpg,908,626,RGB,97.81640625,False,False
CompCars,142/1138/2010/6448e425e06557.jpg,908,626,RGB,158.5146484375,False,False
CompCars,28/1870/2009/a568f731feeba5.jpg,910,628,RGB,91.8388671875,False,False
CompCars,75/1651/2004/a500e8b2ce4866.jpg,800,567,RGB,122.021484375,False,False
CompCars,97/858/2006/13ab785dad8238.jpg,800,567,RGB,50.0927734375,False,False
CompCars,92/756/2009/4f794df1209f50.jpg,908,626,RGB,117.0341796875,False,False
CompCars,82/346/2008/fbfceda81aa3b5.jpg,909,626,RGB,55.7333984375,False,False
CompCars,122/597/2011/530c5ff6674e79.jpg,908,626,RGB,140.984375,False,False
CompCars,39/1336/2008/ff2ac60b06045e.jpg,800,567,RGB,146.546875,False,False
CompCars,77/138/2014/e6953541150981.jpg,800,567,RGB,90.6259765625,False,False
CompCars,11/742/2015/4ec0c55f3f1fda.jpg,800,567,RGB,119.48046875,False,False
CompCars,102/254/2014/1c14ac66114e17.jpg,908,626,RGB,63.998046875,False,False
CompCars,14/1829/2012/05b4c344f3f1d3.jpg,908,626,RGB,58.78125,False,False
CompCars,158/1283/2008/0d9b8a81591ad8.jpg,800,567,RGB,73.8466796875,False,False
CompCars,162/1612/2012/1b0088f35033f2.jpg,908,626,RGB,72.302734375,False,False
CompCars,149/1811/2012/fe09c069d0066a.jpg,908,626,RGB,62.8134765625,False,False
CompCars,73/442/2009/037d7bcbadd5fe.jpg,800,484,RGB,64.3046875,False,False
CompCars,102/259/2012/7304137332b6e9.jpg,1024,718,RGB,91.505859375,False,False
CompCars,97/874/2012/db2d1315a9ea15.jpg,800,567,RGB,85.958984375,False,False
CompCars,94/1243/2011/0940596624f0e2.jpg,950,540,RGB,77.9462890625,False,False
CompCars,39/1388/2014/b8dcb183514014.jpg,800,567,RGB,93.33984375,False,False
CompCars,122/618/2013/163bb0d5dc12ff.jpg,800,567,RGB,104.203125,False,False
CompCars,114/1443/2014/da5391ee6379bf.jpg,800,567,RGB,83.796875,False,False
CompCars,13/1980/2011/4fd562748bf1da.jpg,800,567,RGB,41.560546875,False,False
CompCars,78/19/2012/5db36b188866e7.jpg,908,626,RGB,71.9287109375,False,False
CompCars,69/1480/2012/99767dcb63ae6f.jpg,800,552,RGB,56.794921875,False,False
CompCars,85/375/2013/e7f1dde27efee6.jpg,908,626,RGB,113.2685546875,False,False
CompCars,69/1512/2010/428d83e70f5fbc.jpg,800,567,RGB,144.2236328125,False,False
CompCars,150/392/2010/c67b89ca4e2727.jpg,800,482,RGB,60.7265625,False,False
CompCars,81/120/2013/e62e3eab8dd615.jpg,800,567,RGB,71.7666015625,False,False
CompCars,111/1706/2013/c6396642a08a37.jpg,908,626,RGB,77.505859375,False,False
CompCars,97/865/2004/47caead9745371.jpg,780,531,RGB,84.080078125,False,False
CompCars,111/1703/2015/fe574cea300e94.jpg,908,626,RGB,86.6845703125,False,False
CompCars,54/201/2014/c15ada0e942156.jpg,800,567,RGB,113.6640625,False,False
CompCars,151/425/2014/cd4a1aa51e0e54.jpg,800,567,RGB,84.390625,False,False
CompCars,75/1662/2012/0e822e6c1bcdcb.jpg,800,567,RGB,98.7646484375,False,False
CompCars,100/213/2011/a00cd08cabc204.jpg,908,626,RGB,71.0478515625,False,False
CompCars,78/24/2014/5878f3c039b8a3.jpg,800,484,RGB,52.552734375,False,False
CompCars,61/348/2014/3c6678ca88e478.jpg,800,552,RGB,87.6181640625,False,False
CompCars,27/1071/2013/e72c1eadd04dc6.jpg,800,484,RGB,97.736328125,False,False
CompCars,92/747/2013/84cb9fba512244.jpg,908,626,RGB,97.5029296875,False,False
CompCars,152/412/2014/99ea856705c910.jpg,800,567,RGB,142.5546875,False,False
CompCars,100/213/2014/fe3d4d60b6eefa.jpg,908,626,RGB,134.9541015625,False,False
CompCars,39/1378/2012/9ae4a80ff08f7c.jpg,800,567,RGB,140.1865234375,False,False
CompCars,105/299/2011/264f91f2fd15ee.jpg,800,567,RGB,100.7626953125,False,False
CompCars,77/137/2015/3072841ff0f3a8.jpg,800,567,RGB,66.8662109375,False,False
CompCars,123/1396/2014/46a10aaf2dbd59.jpg,1024,718,RGB,89.30859375,False,False
CompCars,142/1134/2012/f0e48a3c91a74a.jpg,908,626,RGB,121.5517578125,False,False
CompCars,88/1414/2015/f634f27b1438d1.jpg,800,567,RGB,74.1416015625,False,True
CompCars,120/1691/2012/d26752ee643c23.jpg,800,567,RGB,65.638671875,False,False
CompCars,39/1349/2015/f0057a41f81787.jpg,800,567,RGB,109.6474609375,False,False
CompCars,105/306/2014/16968f383bf32e.jpg,908,626,RGB,156.966796875,False,False
CompCars,77/146/2013/6310ce39025213.jpg,800,567,RGB,69.4736328125,False,False
CompCars,105/309/2014/d25484ce6eefd9.jpg,800,567,RGB,119.4873046875,False,False
CompCars,129/1247/2014/393142b0a014db.jpg,908,626,RGB,80.919921875,False,True
CompCars,5/1039/2013/df9c1d0636d1e2.jpg,800,567,RGB,60.10546875,False,False
CompCars,100/215/2013/3a11fc78463909.jpg,908,626,RGB,70.888671875,False,False
CompCars,76/364/2011/d4a45fb139df31.jpg,908,626,RGB,74.375,False,False
CompCars,131/1024/2015/b8c2e42ee45af5.jpg,800,552,RGB,78.4306640625,False,False
CompCars,27/1084/2012/2e19605eba82de.jpg,908,626,RGB,66.296875,False,False
CompCars,21/1304/2008/2cb4f1ff11a4b0.jpg,800,567,RGB,91.0654296875,False,False
CompCars,83/374/2011/a25a78b9f21d7e.jpg,800,567,RGB,114.57421875,False,False
CompCars,152/411/2013/5f07c738869bba.jpg,800,567,RGB,114.69140625,False,False
CompCars,77/146/2013/3ac0486691f410.jpg,908,626,RGB,81.142578125,False,False
CompCars,103/1851/2013/e82398d63a8294.jpg,908,626,RGB,182.4814453125,False,False
CompCars,39/1342/2011/0aa5113b77ee2b.jpg,800,552,RGB,61.77734375,False,False
CompCars,140/1221/2012/2cf027a0a2dc76.jpg,908,626,RGB,104.0146484375,False,False
CompCars,69/1484/2010/eee5a624e839a9.jpg,800,567,RGB,101.814453125,False,False
CompCars,154/1060/2015/8fc4a8b04fe3fc.jpg,800,567,RGB,62.7265625,False,False
CompCars,134/645/2011/061a043a628a25.jpg,908,626,RGB,159.220703125,False,False
CompCars,69/1475/2012/fa2e23426cb132.jpg,800,567,RGB,56.3564453125,False,False
CompCars,77/148/2014/50ecc9d05bf039.jpg,908,626,RGB,124.4619140625,False,False
CompCars,69/1490/2009/00aedacc6e1e2f.jpg,908,626,RGB,132.265625,False,False
CompCars,31/534/2014/451fa9808d44ca.jpg,908,626,RGB,106.7412109375,False,False
CompCars,92/747/2014/08e16d43d167fa.jpg,908,626,RGB,101.5751953125,False,False
CompCars,87/672/2014/7d20f828ff0044.jpg,800,567,RGB,97.1552734375,False,False
CompCars,39/1358/2014/758508e7189656.jpg,800,567,RGB,85.919921875,False,False
CompCars,68/934/2011/6a08acf6fd6845.jpg,800,567,RGB,57.2587890625,False,False
CompCars,114/1443/2015/9726d3a36f2f20.jpg,800,567,RGB,69.4560546875,False,False
CompCars,114/1439/2012/2e9e578a96ef4c.jpg,1024,718,RGB,131.962890625,False,False
CompCars,133/1604/2011/ca045bf7641d7f.jpg,800,567,RGB,119.2568359375,False,False
CompCars,48/325/2014/9e480606f3e3ab.jpg,908,626,RGB,84.7900390625,False,False
CompCars,78/12/2013/0c149b751927bf.jpg,908,626,RGB,114.09375,False,False
CompCars,15/840/2014/f5e61e5a2ffffc.jpg,800,567,RGB,95.4296875,False,False
CompCars,55/1597/2012/9d8b0820249b7b.jpg,800,499,RGB,54.9833984375,False,False
CompCars,150/378/2012/105fb46a32543e.jpg,908,626,RGB,123.2783203125,False,False
CompCars,71/689/2012/6b20b7be83448e.jpg,908,626,RGB,60.529296875,False,False
CompCars,105/306/2012/b54b5343d46e71.jpg,908,626,RGB,61.9150390625,False,False
CompCars,97/908/2014/d1ba6cf5169ebd.jpg,908,626,RGB,109.4169921875,False,False
CompCars,153/1747/2010/abf199682ceabf.jpg,800,567,RGB,122.4345703125,False,False
CompCars,73/444/2008/3ebb81853125c8.jpg,950,539,RGB,101.4873046875,False,False
CompCars,102/267/2009/7339e6199e967f.jpg,800,551,RGB,72.9423828125,False,False
CompCars,159/1584/2011/0513b069e2e5f8.jpg,908,626,RGB,85.5712890625,False,False
CompCars,73/434/2014/d88c799575c2b7.jpg,900,567,RGB,58.0869140625,False,False
CompCars,54/192/2014/39bfb1b8f0edc8.jpg,908,626,RGB,155.0849609375,False,False
CompCars,159/1569/2014/486e8fc5665afd.jpg,908,626,RGB,165.1298828125,False,False
CompCars,122/625/2012/fc49f97f349803.jpg,800,567,RGB,70.84765625,False,False
CompCars,157/1911/2010/c8ccd5329ab820.jpg,800,484,RGB,55.779296875,False,False
CompCars,141/1821/2013/7eb2e5b4c40a0c.jpg,800,567,RGB,144.8974609375,False,False
CompCars,28/1887/2011/2a337fa617e7e0.jpg,800,552,RGB,115.51171875,False,False
CompCars,158/1259/2012/ee18cf01a71407.jpg,908,626,RGB,124.173828125,False,False
CompCars,45/1029/2013/b716abf4377166.jpg,800,567,RGB,68.7451171875,False,False
CompCars,36/549/2014/0aebb276409d17.jpg,800,567,RGB,145.67578125,False,False
CompCars,81/86/2008/4931cdf0f6c8ea.jpg,800,487,RGB,75.6357421875,False,False
CompCars,55/1595/2014/074c38d7ab31a0.jpg,908,626,RGB,78.7685546875,False,False
CompCars,77/184/2014/40fb50e72626e1.jpg,908,626,RGB,120.7861328125,False,False
CompCars,15/842/2013/cea146fea31374.jpg,800,567,RGB,91.3115234375,False,False
CompCars,34/567/2013/cf3bd3fe034a96.jpg,908,626,RGB,141.0615234375,False,False
CompCars,111/1711/2012/fba72d37187c70.jpg,950,541,RGB,133.9580078125,False,False
CompCars,114/1446/2009/fe49774d227b0f.jpg,800,567,RGB,66.2705078125,False,False
CompCars,39/1363/2012/f532b7b326b8d6.jpg,800,567,RGB,186.9365234375,False,False
CompCars,70/1857/2014/89973217a43604.jpg,800,567,RGB,74.6787109375,False,False
CompCars,145/519/2011/f68da8b9b5fb41.jpg,908,626,RGB,152.5849609375,False,False
CompCars,162/1630/2014/f10788178dd177.jpg,800,484,RGB,67.0263671875,False,False
CompCars,132/1226/2012/927da5f63fd4f1.jpg,800,567,RGB,63.13671875,False,False
CompCars,75/1683/2013/f39534dfa27763.jpg,800,500,RGB,52.5712890625,False,False
CompCars,145/523/2013/c2de8e6acd7649.jpg,800,567,RGB,139.8408203125,False,False
CompCars,122/591/2012/60f59138a35263.jpg,800,484,RGB,63.171875,False,False
CompCars,77/145/2012/e077e3938d9084.jpg,908,626,RGB,178.7607421875,False,False
CompCars,122/597/2009/72334e83c28fe0.jpg,908,626,RGB,144.2021484375,False,False
CompCars,158/1276/2010/bd133d31a7b2e6.jpg,800,567,RGB,104.5947265625,False,False
CompCars,140/1196/2014/56b0b59e24427c.jpg,908,626,RGB,59.828125,False,False
CompCars,162/1637/2014/22e28f622b822e.jpg,800,484,RGB,48.212890625,False,False
CompCars,159/1582/2012/bba4c8d5cc7976.jpg,800,567,RGB,134.7158203125,False,False
CompCars,78/50/2009/8b2f61715aaa43.jpg,800,567,RGB,100.927734375,False,False
CompCars,140/1203/2014/79e7a4d0935a50.jpg,800,567,RGB,92.1171875,False,False
CompCars,4/511/2014/ec6636c0134541.jpg,800,500,RGB,90.6171875,False,False
CompCars,118/961/2010/ddec313588b24c.jpg,908,626,RGB,79.4521484375,False,False
CompCars,157/1911/2008/483c2c67387945.jpg,800,567,RGB,122.208984375,False,False
CompCars,122/587/2012/5bd3672c114a9a.jpg,908,626,RGB,76.4453125,False,False
CompCars,88/1419/2010/7871a3aac03c28.jpg,606,399,RGB,64.197265625,False,False
CompCars,162/1630/2014/e06b82bf76ea0f.jpg,908,626,RGB,70.412109375,False,False
CompCars,159/1567/2010/94ac38075ac578.jpg,908,626,RGB,79.412109375,False,False
CompCars,50/1131/2013/c996e409c9fd69.jpg,908,626,RGB,76.3095703125,False,False
CompCars,90/1244/2015/ac71cffaec4116.jpg,800,567,RGB,64.599609375,False,False
CompCars,111/1723/2015/2abbdf5de5e888.jpg,1024,718,RGB,101.591796875,False,False
CompCars,73/473/2010/89836ea30aa97a.jpg,908,626,RGB,136.65625,False,False
CompCars,73/491/2013/70d0a4c0a603ea.jpg,1000,695,RGB,87.0634765625,False,False
CompCars,153/1746/2009/7e13c6abbc34ac.jpg,908,626,RGB,125.1767578125,False,False
CompCars,118/958/2008/d25df4860a8a9c.jpg,800,485,RGB,40.146484375,False,False
CompCars,81/96/2013/ff5faa04599a3d.jpg,908,626,RGB,136.0712890625,False,False
CompCars,162/1620/2010/fdc998a806a572.jpg,908,626,RGB,161.1015625,False,False
CompCars,128/1894/2014/06942d71035bf5.jpg,900,567,RGB,63.5966796875,False,False
CompCars,132/1222/2010/236db02f09bf83.jpg,908,626,RGB,157.8603515625,False,False
CompCars,53/770/2015/a76738f859ea57.jpg,800,567,RGB,79.3916015625,False,False
CompCars,142/1135/2012/3d83ce1ad50ec1.jpg,908,626,RGB,111.875,False,False
CompCars,75/1659/2013/663c6dc1dc79d9.jpg,800,417,RGB,83.44921875,False,False
CompCars,122/585/2015/9b6c569c5e88c2.jpg,800,567,RGB,72.3359375,False,False
CompCars,90/1244/2012/4a4045a6ebb213.jpg,800,567,RGB,48.2275390625,False,False
CompCars,69/1475/2012/72070cd2a857dd.jpg,800,552,RGB,51.06640625,False,False
CompCars,100/243/2015/a27803c008c936.jpg,800,567,RGB,75.353515625,False,False
CompCars,101/818/2013/09331f5d7d69fc.jpg,908,626,RGB,66.8447265625,False,False
CompCars,39/1343/unknown/24f3540ed60858.jpg,909,627,RGB,70.228515625,False,False
CompCars,81/79/2013/946397801ef0f5.jpg,908,626,RGB,126.5126953125,False,False
CompCars,134/643/2005/2183e4bc2cc48f.jpg,800,567,RGB,50.4736328125,False,False
CompCars,7/684/2011/8a34683c392f10.jpg,800,567,RGB,58.2802734375,False,False
CompCars,140/1195/2008/34718540af06b4.jpg,800,567,RGB,71.791015625,False,False
CompCars,89/1785/2007/2bbfd8a3e4b247.jpg,1024,718,RGB,119.2451171875,False,False
CompCars,139/1649/2013/c9695e8cbe2442.jpg,908,626,RGB,104.7705078125,False,False
CompCars,15/829/2011/386f608497ea29.jpg,908,626,RGB,118.7666015625,False,False
CompCars,108/1524/2011/eba524d2a1a057.jpg,800,567,RGB,100.3720703125,False,False
CompCars,29/1246/2014/793a00298769b0.jpg,800,567,RGB,77.8037109375,False,False
CompCars,118/980/2009/c610b83dbe4de2.jpg,800,567,RGB,71.4462890625,False,False
CompCars,154/1058/unknown/63f675ab9c52a4.jpg,908,626,RGB,54.89453125,False,False
CompCars,111/1706/2010/e3e4845f6b672e.jpg,908,626,RGB,140.560546875,False,False
CompCars,92/748/2013/d9a769f4a20316.jpg,908,626,RGB,81.171875,False,False
CompCars,140/1197/2013/2bf83cb49a55a0.jpg,800,552,RGB,104.94140625,False,False
CompCars,54/191/2011/e3c7de2019b630.jpg,908,626,RGB,104.580078125,False,False
CompCars,72/712/2009/d6a70b8ff49d3d.jpg,800,567,RGB,129.201171875,False,False
CompCars,95/913/2013/3957fe17b535d5.jpg,800,498,RGB,111.01953125,False,False
CompCars,141/1821/2011/9d7d8280593a08.jpg,800,567,RGB,91.7041015625,False,False
CompCars,154/1051/2007/cd9b3473c16b86.jpg,800,567,RGB,63.4443359375,False,False
CompCars,10/1309/2013/6368db885d0e48.jpg,908,626,RGB,150.7880859375,False,False
CompCars,108/1527/2014/15e8f9bc1a077b.jpg,800,567,RGB,53.5830078125,False,False
CompCars,160/801/2015/2d9f98e98c88f2.jpg,800,567,RGB,87.83203125,False,False
CompCars,158/1258/2014/10aeef18747850.jpg,908,626,RGB,81.298828125,False,False
CompCars,157/1927/2014/2d90bfababfbbe.jpg,908,626,RGB,96.830078125,False,False
CompCars,111/1720/2010/d1f70efef1f8e5.jpg,909,627,RGB,110.8134765625,False,False
CompCars,111/1706/2011/9a4f0423f0fc35.jpg,908,626,RGB,142.9033203125,False,False
CompCars,123/1399/2013/04376f64f1474c.jpg,800,567,RGB,36.990234375,False,False
CompCars,122/619/2012/7ca103d2c1b529.jpg,800,567,RGB,103.939453125,False,False
CompCars,159/1577/2012/88f3f082495038.jpg,908,626,RGB,75.9521484375,False,False
CompCars,105/305/2015/b0fe1a935c7d01.jpg,800,567,RGB,128.0400390625,False,False
CompCars,157/1916/2013/6a6ab9c2a0461f.jpg,950,541,RGB,73.2548828125,False,False
CompCars,73/467/2015/d0282b303095e6.jpg,908,626,RGB,98.8330078125,False,False
CompCars,75/1673/2014/b6cb5d26e896bc.jpg,800,500,RGB,189.84765625,False,False
CompCars,97/901/2013/536efc262f05d5.jpg,800,567,RGB,76.7578125,False,False
CompCars,97/891/2012/8e5f5a69e39710.jpg,908,626,RGB,83.4951171875,False,False
CompCars,50/1125/2015/2684e74b706686.jpg,800,567,RGB,102.0439453125,False,False
CompCars,73/491/2012/11554e770acbd4.jpg,908,626,RGB,65.8984375,False,False
CompCars,88/1414/2015/cc5b6a4be696f4.jpg,900,567,RGB,50.06640625,False,False
CompCars,157/1918/2012/a7e39a180c4e39.jpg,800,567,RGB,169.4208984375,False,False
CompCars,1/1113/2012/5699cdbb3cc1f5.jpg,908,626,RGB,77.1796875,False,False
CompCars,39/1341/2012/acbee125746ce7.jpg,800,567,RGB,86.0390625,False,False
CompCars,77/130/2015/f061a1e23e4910.jpg,800,567,RGB,63.3759765625,False,False
CompCars,142/1137/2012/43e28e385f8d67.jpg,908,626,RGB,115.7685546875,False,False
CompCars,53/776/2014/f5d038b8294584.jpg,800,567,RGB,93.736328125,False,False
CompCars,4/516/2012/565a66e62615a5.jpg,800,567,RGB,134.828125,False,False
CompCars,81/110/2013/7035df0603332a.jpg,908,626,RGB,58.0517578125,False,True
CompCars,154/1057/2012/3745999d7a2602.jpg,800,567,RGB,52.65625,False,False
CompCars,122/633/2015/0d20889400bb8c.jpg,800,552,RGB,155.1279296875,False,False
CompCars,11/736/2012/5e9ce06ef4858d.jpg,908,626,RGB,84.34765625,False,False
CompCars,84/1970/2013/2825f9ceebf830.jpg,800,484,RGB,70.0810546875,False,False
CompCars,15/843/2014/0c18389a9b5cd8.jpg,800,567,RGB,72.462890625,False,False
CompCars,95/920/2013/f29e5fc09379d1.jpg,800,567,RGB,68.1943359375,False,False
CompCars,61/349/2014/9fbb6a997179b1.jpg,800,567,RGB,61.115234375,False,False
CompCars,157/1912/2010/063ea889ad20a4.jpg,800,567,RGB,98.8017578125,False,False
CompCars,58/342/2012/9efc882640cb56.jpg,800,484,RGB,69.8486328125,False,False
CompCars,146/1740/2010/20bd013c9dcc03.jpg,800,567,RGB,61.7666015625,False,False
CompCars,39/1322/2011/39759d824be702.jpg,908,626,RGB,86.857421875,False,False
CompCars,55/1596/2015/7106274bd1dd4a.jpg,800,552,RGB,88.8662109375,False,False
CompCars,54/200/2013/1000fae1f2b6fe.jpg,800,567,RGB,133.5224609375,False,False
CompCars,122/589/2013/2ea0f22d2fc7c6.jpg,800,567,RGB,114.068359375,False,False
CompCars,110/1099/2011/229d0c906d3da6.jpg,800,567,RGB,67.396484375,False,False
CompCars,50/1123/2002/b6e66cbad3f89b.jpg,800,567,RGB,98.107421875,False,False
CompCars,48/319/2013/7ed09dfa10d9e9.jpg,908,626,RGB,98.9921875,False,False
CompCars,27/1064/2015/bd451e04baa1b9.jpg,800,552,RGB,75.400390625,False,False
CompCars,159/1565/2014/d3ba51690e3209.jpg,800,567,RGB,77.3173828125,False,False
CompCars,140/1189/2010/9710098216a74f.jpg,908,626,RGB,72.0537109375,False,False
CompCars,158/1254/2013/f72b01dc968c3e.jpg,800,484,RGB,60.66015625,False,False
CompCars,39/1333/2011/e48055d1f7bb43.jpg,800,567,RGB,73.9775390625,False,False
CompCars,83/373/2009/69228e91f43096.jpg,800,567,RGB,63.4404296875,False,False
CompCars,73/502/2012/c5fd721bf5236d.jpg,904,623,RGB,57.9248046875,False,False
CompCars,82/345/2014/71362f43e5807a.jpg,800,567,RGB,73.2744140625,False,False
CompCars,5/1039/2013/6a370926113ad0.jpg,800,567,RGB,94.5986328125,False,False
CompCars,145/520/2011/cd49773fe837c3.jpg,800,567,RGB,47.4951171875,False,False
CompCars,145/521/2007/cbdc90ea7bebb7.jpg,800,567,RGB,89.365234375,False,False
CompCars,77/147/2013/0351eb3eec0793.jpg,908,626,RGB,126.2431640625,False,False
CompCars,158/1283/2008/240c59edb97696.jpg,800,567,RGB,89.1279296875,False,False
CompCars,157/1930/2014/5e0109fc9b493d.jpg,800,567,RGB,70.068359375,False,False
CompCars,45/1035/2013/3a2133a97a1163.jpg,908,626,RGB,156.5234375,False,False
CompCars,73/469/2014/885894e29d404f.jpg,800,567,RGB,61.349609375,False,False
CompCars,100/211/2012/2b837132e9f47b.jpg,908,626,RGB,70.33984375,False,False
CompCars,140/1182/2015/011c386b6ffb21.jpg,800,567,RGB,109.09375,False,False
CompCars,81/99/2012/0e334b87dc22a0.jpg,800,482,RGB,57.0283203125,False,False
CompCars,90/1244/2012/ff0e4040cbc512.jpg,800,567,RGB,118.4609375,False,False
CompCars,54/197/2010/eb3233b0ccdeec.jpg,1024,718,RGB,125.9140625,False,False
CompCars,134/659/1972/141d0e459359ad.jpg,800,567,RGB,72.5087890625,False,False
CompCars,11/736/2010/0c88ff7979c3c5.jpg,908,626,RGB,152.236328125,False,False
CompCars,139/1641/2013/7b5e9c386b8978.jpg,800,567,RGB,102.173828125,False,False
CompCars,77/137/2015/cc8442394ce31d.jpg,800,567,RGB,152.2080078125,False,False
CompCars,102/292/2014/e69d2b0ca166c4.jpg,950,539,RGB,125.83984375,False,False
CompCars,155/808/2011/e4736aff13f207.jpg,800,552,RGB,108.30859375,False,False
CompCars,77/124/2013/705a559e78493b.jpg,908,626,RGB,83.60546875,False,False
CompCars,123/1398/2014/a57791906ef56d.jpg,800,567,RGB,95.318359375,False,False
CompCars,77/160/2011/4d51c2225f2e23.jpg,800,567,RGB,84.1728515625,False,False
CompCars,77/140/2014/1ef5927a23274f.jpg,908,626,RGB,120.140625,False,False
CompCars,105/309/2014/00cb83eedd784f.jpg,908,626,RGB,134.3974609375,False,False
CompCars,162/1629/2013/14f54e6642503d.jpg,800,567,RGB,80.1396484375,False,False
CompCars,38/1949/2014/f3bfd1f9e654da.jpg,800,552,RGB,81.630859375,False,False
CompCars,48/320/2011/9af80fb3a94288.jpg,908,626,RGB,125.30859375,False,False
CompCars,94/1233/2012/f690d3bb4f8cfe.jpg,908,626,RGB,96.9140625,False,False
CompCars,122/608/2015/0964e17eea240d.jpg,908,626,RGB,201.8701171875,False,False
CompCars,77/128/2014/e4737e9203e2f2.jpg,800,567,RGB,61.4228515625,False,False
CompCars,39/1386/2010/cdbe8c08c388c8.jpg,908,626,RGB,131.998046875,False,False
CompCars,118/961/2013/31dfd2bfc0165d.jpg,908,626,RGB,71.50390625,False,False
CompCars,77/131/2013/688cf16c1bc95c.jpg,908,626,RGB,76.53125,False,False
CompCars,54/200/2013/8d924a97ca3546.jpg,908,626,RGB,99.47265625,False,False
CompCars,39/1341/2008/d61763135491e4.jpg,800,483,RGB,67.90625,False,False
CompCars,117/1173/2014/b08a0a2f1c7b43.jpg,950,538,RGB,137.9267578125,False,False
CompCars,140/1205/2012/980f27e894635e.jpg,800,567,RGB,65.90234375,False,False
CompCars,81/104/2014/6c282fd181ff5b.jpg,908,626,RGB,95.43359375,False,False
CompCars,94/1236/2009/528f96bafd9196.jpg,800,484,RGB,89.3037109375,False,False
CompCars,131/1013/2013/fc1132077b18d4.jpg,908,626,RGB,72.7099609375,False,False
CompCars,146/1744/2013/d43d036531ec68.jpg,800,567,RGB,51.201171875,False,False
CompCars,100/215/2013/e21951f5c57b8b.jpg,908,626,RGB,71.109375,False,False
CompCars,26/1695/2012/5b251e87613e42.jpg,800,567,RGB,156.4951171875,False,False
CompCars,118/971/2015/ed3746409e6253.jpg,800,567,RGB,73.578125,False,False
CompCars,22/949/2008/dc747b9bf0cdc9.jpg,800,567,RGB,205.12109375,False,False
CompCars,75/1667/2012/c6349a94e931f9.jpg,800,552,RGB,100.6025390625,False,False
CompCars,155/814/2013/4255c4c79747d6.jpg,800,567,RGB,126.7939453125,False,False
CompCars,131/1024/2015/9b08b286b2bac9.jpg,800,567,RGB,95.5791015625,False,False
CompCars,38/1954/2011/eb1f0fe0f3884e.jpg,800,567,RGB,68.734375,False,False
CompCars,78/27/2014/2dfdf864bdf779.jpg,908,626,RGB,83.91796875,False,False
CompCars,75/1662/2012/1dd4d3bf556019.jpg,800,567,RGB,55.916015625,False,False
CompCars,45/1031/2012/842bb41d98152d.jpg,800,567,RGB,73.5458984375,False,False
CompCars,28/1888/2006/b0bfec78dc14a8.jpg,800,567,RGB,131.8671875,False,False
CompCars,71/688/2009/f9b1ec1128af61.jpg,909,627,RGB,143.6103515625,False,False
CompCars,4/509/2014/7a4657b54e48f6.jpg,908,626,RGB,71.447265625,False,False
CompCars,102/267/2010/08fd459a240587.jpg,800,488,RGB,81.8232421875,False,False
CompCars,131/1024/2015/d59b5460a23ac4.jpg,800,567,RGB,117.8955078125,False,False
CompCars,84/1970/2012/5e6c4b18a0583f.jpg,800,567,RGB,74.49609375,False,False
CompCars,7/686/2015/61eb4f06e70f38.jpg,800,567,RGB,93.8525390625,False,False
CompCars,118/983/2013/565a0e3780ddd6.jpg,800,552,RGB,89.1953125,False,False
CompCars,81/110/2012/7295e49a405204.jpg,908,626,RGB,137.7138671875,False,False
CompCars,131/1021/2013/89574794bd8434.jpg,800,567,RGB,125.484375,False,False
CompCars,77/175/2015/37b63d8cc60928.jpg,800,484,RGB,50.310546875,False,False
CompCars,77/127/2012/5f9249832917c9.jpg,908,626,RGB,75.5712890625,False,False
CompCars,54/187/2015/9ccbe5e82b2254.jpg,800,567,RGB,98.1259765625,False,False
CompCars,162/1611/2014/02469f1dc96442.jpg,908,626,RGB,110.1865234375,False,False
CompCars,122/586/2013/60ac57e28c0077.jpg,800,484,RGB,53.298828125,False,False
CompCars,1/1108/2010/e3fd8a498f7a30.jpg,908,626,RGB,98.69140625,False,False
CompCars,77/149/2014/b0a766a4c29709.jpg,908,626,RGB,49.0390625,False,False
CompCars,148/1556/2014/a659a7d4ed0cf8.jpg,800,567,RGB,95.3681640625,False,False
CompCars,162/1614/2013/63fbbc87ef71f8.jpg,800,564,RGB,98.1513671875,False,False
CompCars,73/503/2009/2dc94a5f95d7ce.jpg,909,627,RGB,179.15625,False,False
CompCars,111/1704/2014/abe34f2de8e43f.jpg,800,552,RGB,69.669921875,False,False
CompCars,114/1437/2011/a10a2f31b7bcb1.jpg,908,627,RGB,122.3046875,False,False
CompCars,100/248/2012/c09ffe71ceb543.jpg,800,552,RGB,81.2373046875,False,False
CompCars,73/483/2014/ff81e5d874d577.jpg,908,626,RGB,60.853515625,False,False
CompCars,150/389/2010/6ce57ed3c76f2f.jpg,800,567,RGB,73.12890625,False,False
CompCars,153/1749/2015/cf2cc25c4c2876.jpg,800,552,RGB,98.486328125,False,False
CompCars,48/316/2014/6414603afd239c.jpg,800,567,RGB,123.8349609375,False,False
CompCars,118/971/2014/64c6ef10265036.jpg,908,626,RGB,62.6748046875,False,False
CompCars,73/445/2011/eb4a27fc87ce38.jpg,908,626,RGB,166.0908203125,False,False
CompCars,97/894/2012/ebabf94fca5767.jpg,800,567,RGB,148.5322265625,False,False
CompCars,115/701/2011/7352e402c9bb5b.jpg,800,552,RGB,106.1005859375,False,False
CompCars,39/1361/2012/9b15d40f8538e3.jpg,800,567,RGB,54.587890625,False,False
CompCars,122/621/2007/6400d4b482c3e6.jpg,908,626,RGB,109.7998046875,False,False
CompCars,139/1646/2012/abfa1405f40175.jpg,800,567,RGB,98.8427734375,False,False
CompCars,75/1664/2009/3add6b32e086fe.jpg,800,551,RGB,72.9189453125,False,False
CompCars,162/1609/2014/66b585729474ab.jpg,800,567,RGB,121.8212890625,False,False
CompCars,100/249/2013/c3723c1cac8043.jpg,800,567,RGB,111.47265625,False,False
CompCars,48/316/2014/16846cca62a4fb.jpg,908,626,RGB,95.021484375,False,False
CompCars,140/1181/2011/827b3bb7390980.jpg,800,484,RGB,64.970703125,False,False
CompCars,157/1906/2014/f231d805b064b5.jpg,908,626,RGB,116.994140625,False,False
CompCars,75/1657/2011/5a786b2f37d61e.jpg,1024,717,RGB,120.7255859375,False,False
CompCars,15/828/2013/17a003c06bd452.jpg,908,626,RGB,57.6416015625,False,False
CompCars,39/1389/2011/ca994f734dff60.jpg,908,626,RGB,84.76953125,False,False
CompCars,118/982/2015/9e3eea569b5849.jpg,800,567,RGB,69.6513671875,False,False
CompCars,50/1123/2011/f0f817b8139c27.jpg,908,626,RGB,194.3515625,False,False
CompCars,145/517/2013/2fe8ffd6be3458.jpg,908,626,RGB,110.373046875,False,True
CompCars,39/1325/2012/a6f968cfc33b4b.jpg,800,567,RGB,55.998046875,False,False
CompCars,94/1235/2013/6631f78afd45f6.jpg,908,626,RGB,168.416015625,False,False
CompCars,97/855/2012/294445cc623c48.jpg,908,626,RGB,58.333984375,False,False
CompCars,118/967/2007/055bd7eff6323a.jpg,800,567,RGB,113.89453125,False,False
CompCars,11/736/2009/cd510f5468f3fc.jpg,910,628,RGB,97.0908203125,False,False
CompCars,142/1143/2014/794ea52dcdf5dd.jpg,800,567,RGB,70.7099609375,False,False
CompCars,61/348/2014/ab2810387afcff.jpg,800,567,RGB,57.7177734375,False,False
CompCars,131/1023/2013/3300443df978b8.jpg,800,552,RGB,52.2109375,False,False
CompCars,114/1442/2012/b8d748790745b0.jpg,800,567,RGB,83.2861328125,False,False
CompCars,4/510/2014/4856231ed12df1.jpg,800,552,RGB,138.1875,False,False
CompCars,39/1367/2007/94115f2469f622.jpg,800,567,RGB,57.8671875,False,True
CompCars,140/1199/2010/432ccd72de341e.jpg,908,626,RGB,101.69921875,False,False
CompCars,15/841/2014/906db399e65a84.jpg,800,567,RGB,80.8623046875,False,False
CompCars,134/654/2011/2de116f36d5e48.jpg,800,567,RGB,153.2294921875,False,False
CompCars,33/580/2013/8da6237bdcc179.jpg,800,552,RGB,142.9248046875,False,False
CompCars,162/1631/2012/e5b6f176dd83c5.jpg,908,626,RGB,132.802734375,False,False
CompCars,78/22/2013/fb0971e7743933.jpg,800,484,RGB,68.7666015625,False,False
CompCars,21/1302/2011/4ddcb8a826006c.jpg,800,567,RGB,89.98828125,False,False
CompCars,121/671/2014/ec108bb138c355.jpg,800,552,RGB,111.505859375,False,False
CompCars,131/1021/2013/96c81971747342.jpg,908,626,RGB,107.8623046875,False,False
CompCars,150/385/2014/e9457c84f0aef9.jpg,800,567,RGB,94.3818359375,False,False
CompCars,131/1012/2013/4808b2c8f97765.jpg,908,626,RGB,60.841796875,False,False
CompCars,105/298/2010/a70be0587f3bb5.jpg,908,626,RGB,111.0185546875,False,False
CompCars,157/1906/2014/1f647408d39199.jpg,800,552,RGB,73.7958984375,False,False
CompCars,150/391/2011/82e085360bba2c.jpg,800,567,RGB,80.9052734375,False,False
CompCars,122/634/2014/45ceb6b64af2aa.jpg,908,626,RGB,158.00390625,False,False
CompCars,37/1988/2011/b5b7d9fc15abe1.jpg,800,567,RGB,95.279296875,False,False
CompCars,149/1806/2013/a14b5d333c7116.jpg,800,567,RGB,113.2705078125,False,False
CompCars,39/1372/2014/9ed48d5b3c2e61.jpg,908,626,RGB,170.642578125,False,False
CompCars,73/478/2013/3484f4757f989c.jpg,800,567,RGB,153.671875,False,False
CompCars,77/147/2011/8f3368cc3e0663.jpg,908,626,RGB,62.0634765625,False,False
CompCars,126/1458/2015/9eb0487f915f5a.jpg,800,417,RGB,69.6279296875,False,False
CompCars,150/380/2014/aa909694e725b0.jpg,800,567,RGB,133.4423828125,False,False
CompCars,102/263/2011/014ffc6d66c351.jpg,908,626,RGB,72.3310546875,False,False
CompCars,92/753/2011/03f4838555c885.jpg,800,567,RGB,95.6650390625,False,False
CompCars,122/585/2015/9bfdf453f81949.jpg,800,567,RGB,105.40234375,False,False
CompCars,39/1322/2010/277a5f74c5596c.jpg,908,626,RGB,111.90234375,False,False
CompCars,123/1398/2011/49818a2473d0e5.jpg,908,626,RGB,80.5107421875,False,True
CompCars,68/937/2006/cbfe2bf4e42df7.jpg,480,327,RGB,46.810546875,False,False
CompCars,39/1326/2014/37b095367b02e3.jpg,908,626,RGB,89.935546875,False,False
CompCars,77/144/2010/3693a0ac353a91.jpg,800,482,RGB,104.98828125,False,False
CompCars,158/1258/2014/072da94126efd9.jpg,800,417,RGB,69.291015625,False,False
CompCars,162/1609/2014/a5b67a678e7cc3.jpg,908,626,RGB,81.0126953125,False,False
CompCars,53/767/2013/cad207ac7d6510.jpg,908,626,RGB,70.91015625,False,False
CompCars,69/1478/2010/533058379cf14f.jpg,800,478,RGB,69.75,False,False
CompCars,158/1284/2013/da475da64dd087.jpg,800,567,RGB,58.7724609375,False,True
CompCars,88/1417/2012/b27fa6cfa35948.jpg,800,567,RGB,118.169921875,False,False
CompCars,122/635/2014/3f087d6e4a6d23.jpg,908,626,RGB,80.029296875,False,False
CompCars,157/1928/2014/fec5cd9db5a120.jpg,908,626,RGB,62.7724609375,False,False
CompCars,102/293/2010/17bb0e7819a6cc.jpg,799,1151,RGB,128.291015625,False,False
CompCars,27/1071/2013/6953d32dd1cfa1.jpg,800,567,RGB,51.7626953125,False,False
CompCars,140/1197/2011/0bc4b3529e63c0.jpg,908,626,RGB,121.7900390625,False,False
CompCars,7/685/2013/19e187c6c9c0f2.jpg,800,567,RGB,105.8173828125,False,False
CompCars,118/979/2007/b3a9c4774f9640.jpg,800,567,RGB,124.41015625,False,False
CompCars,131/1007/2014/614b7b9eb305be.jpg,908,626,RGB,101.5478515625,False,False
CompCars,152/406/2012/53d8cc3595b819.jpg,800,567,RGB,102.8017578125,False,False
CompCars,118/991/2013/a00ca20d4d48c9.jpg,800,567,RGB,55.6494140625,False,True
CompCars,28/1870/2008/526f103ce4b30b.jpg,800,484,RGB,63.1396484375,False,False
CompCars,105/307/2014/3cb7772a845cac.jpg,908,626,RGB,70.62890625,False,False
CompCars,103/1855/2013/6c13b96461a51f.jpg,908,626,RGB,68.6318359375,False,False
CompCars,79/1727/2012/e9f6cf184a2a49.jpg,800,567,RGB,109.7783203125,False,False
CompCars,97/887/2013/d77680b5588679.jpg,800,567,RGB,83.78515625,False,False
CompCars,78/2/2010/8b74908b94afe7.jpg,908,627,RGB,116.4736328125,False,False
CompCars,159/1576/2015/512478d88ec710.jpg,908,626,RGB,92.6025390625,False,False
CompCars,84/1971/2012/5b43a6829fc5c7.jpg,800,567,RGB,78.6171875,False,False
CompCars,57/1606/2014/33bbf1006a302d.jpg,800,567,RGB,53.4033203125,False,False
CompCars,81/123/2014/e3888e52a47cb1.jpg,800,567,RGB,137.8896484375,False,False
CompCars,114/1441/2013/41e10b03e43d4d.jpg,800,567,RGB,52.1279296875,False,False
CompCars,118/983/2010/9648e4f9c2bef2.jpg,800,567,RGB,125.25390625,False,False
CompCars,105/302/2012/0af3fa5968889d.jpg,908,626,RGB,68.126953125,False,False
CompCars,159/1565/2012/f6a868a02e845f.jpg,908,626,RGB,51.0009765625,False,False
CompCars,139/1640/2014/78528f0d71b505.jpg,800,567,RGB,108.3984375,False,False
CompCars,134/655/2014/91341dc8167f3c.jpg,800,567,RGB,70.9853515625,False,False
CompCars,36/552/2013/b5dcacb9ce13d4.jpg,908,626,RGB,50.4833984375,False,False
CompCars,73/508/2010/3862329b416b5f.jpg,908,609,RGB,53.7109375,False,False
CompCars,146/1740/2009/9161cac5ba95fa.jpg,800,567,RGB,83.5927734375,False,False
CompCars,48/321/2013/b47729d473dedc.jpg,908,626,RGB,131.8369140625,False,False
CompCars,77/132/2013/bdb3ff852c09df.jpg,800,567,RGB,93.5283203125,False,False
CompCars,132/1227/2013/6be70fb539fafa.jpg,800,567,RGB,43.9384765625,False,False
CompCars,69/1488/2013/be88c48b18227b.jpg,1024,718,RGB,81.7333984375,False,False
CompCars,77/126/2014/7a6125d18ff067.jpg,908,626,RGB,148.53125,False,False
CompCars,67/1698/2011/332729afbd7432.jpg,800,567,RGB,94.84765625,False,False
CompCars,48/317/2014/3c801b93698b3b.jpg,908,626,RGB,80.5732421875,False,False
CompCars,95/911/2013/40cd0ecb763398.jpg,908,626,RGB,77.8017578125,False,False
CompCars,153/1752/2013/ae6e4ad09d4e65.jpg,800,567,RGB,196.576171875,False,False
CompCars,55/1593/2012/d291fd7f8e4090.jpg,908,626,RGB,133.9111328125,False,False
CompCars,81/71/2011/c3681ab83c1e1f.jpg,800,552,RGB,48.453125,False,False
CompCars,111/1707/2010/ab6d085c24cd82.jpg,908,626,RGB,83.220703125,False,False
CompCars,140/1221/2014/d895773e5927ba.jpg,800,567,RGB,126.125,False,False
CompCars,101/817/2010/4f52b43ea510cf.jpg,800,567,RGB,47.66796875,False,False
CompCars,76/364/2013/e7624d0aeca8eb.jpg,908,626,RGB,91.921875,False,False
CompCars,136/1779/2012/7af6327794fb75.jpg,800,567,RGB,71.84765625,False,False
CompCars,39/1386/2015/7bb8ed647a5513.jpg,908,626,RGB,96.3701171875,False,False
CompCars,140/1187/2012/c2074971430aa2.jpg,800,567,RGB,79.439453125,False,False
CompCars,139/1640/2008/99b48538950dea.jpg,910,628,RGB,92.5810546875,False,False
CompCars,73/464/2012/1a8213c1c10431.jpg,800,484,RGB,57.8994140625,False,False
CompCars,145/526/2014/2e1215b6ce8218.jpg,1024,718,RGB,95.943359375,False,False
CompCars,75/1670/2012/03e4934fcab920.jpg,800,567,RGB,57.796875,False,False
CompCars,48/319/2014/4345b817d4eb0c.jpg,908,626,RGB,87.955078125,False,False
CompCars,157/1927/2014/4e537b8a18e728.jpg,908,626,RGB,109.423828125,False,False
CompCars,103/1845/2013/3647146b4c77d6.jpg,908,626,RGB,76.1552734375,False,False
CompCars,26/1696/2015/c2cb21b65b7380.jpg,800,567,RGB,125.0751953125,False,False
CompCars,122/585/2015/6d147c0e445926.jpg,800,567,RGB,79.2333984375,False,False
CompCars,145/530/2015/7c81098cc99cce.jpg,908,626,RGB,168.15625,False,False
CompCars,15/828/2009/24f70c4572edfa.jpg,908,626,RGB,134.2646484375,False,False
CompCars,69/1490/2011/bed6628c80be6a.jpg,800,419,RGB,37.7373046875,False,False
CompCars,109/1551/2012/5d6ac5d5b67603.jpg,908,626,RGB,89.7470703125,False,False
CompCars,37/1989/2014/625b1fa9182864.jpg,800,567,RGB,72.8818359375,False,False
CompCars,137/1734/2010/5598357c946410.jpg,800,567,RGB,40.953125,False,False
CompCars,84/1971/2012/72590a878423cf.jpg,908,626,RGB,64.3330078125,False,True
CompCars,78/15/2014/ff07bfdf9a6808.jpg,800,567,RGB,45.3359375,False,False
CompCars,124/1409/2010/339e4ab4bfbc9e.jpg,800,567,RGB,82.63671875,False,False
CompCars,158/1267/2004/fa005486333187.jpg,800,567,RGB,42.232421875,False,False
CompCars,140/1207/2015/023a85d46f7388.jpg,800,552,RGB,201.4775390625,False,False
CompCars,73/456/2011/fe27c8ba0214dd.jpg,908,626,RGB,67.953125,False,False
CompCars,48/321/2013/055f14859caf4d.jpg,908,626,RGB,85.5322265625,False,False
CompCars,106/1313/2014/5defdd3aabef9d.jpg,800,567,RGB,106.6201171875,False,False
CompCars,151/420/2013/80cba70c09a261.jpg,800,417,RGB,48.8603515625,False,False
CompCars,133/1602/2009/ced7bdf688e632.jpg,800,567,RGB,113.9921875,False,False
CompCars,105/297/2010/60266ee7776ec1.jpg,908,626,RGB,149.90625,False,False
CompCars,60/350/2013/49aa9d74e26876.jpg,800,552,RGB,87.9033203125,False,False
CompCars,78/1/2012/f237dbd7ec1e1f.jpg,908,626,RGB,85.96875,False,False
CompCars,38/1957/2011/78cac855654164.jpg,908,626,RGB,90.4453125,False,False
CompCars,132/1229/2010/5bfa8212be8fb1.jpg,908,626,RGB,100.6533203125,False,False
CompCars,105/300/2014/f444b26dbe5ce0.jpg,800,416,RGB,86.423828125,False,False
CompCars,143/1837/2011/ce8b821e1c00f4.jpg,800,567,RGB,55.36328125,False,False
CompCars,22/949/2008/8a2c6581b24892.jpg,800,567,RGB,70.509765625,False,False
CompCars,136/1781/2012/a740bfe51497cb.jpg,800,567,RGB,39.595703125,False,False
CompCars,73/498/2016/8914d47cc26d94.jpg,800,567,RGB,49.23046875,False,False
CompCars,162/1611/2014/da44620a0fca2c.jpg,800,567,RGB,109.638671875,False,False
CompCars,11/737/2014/afd98778252367.jpg,800,567,RGB,85.3681640625,False,False
CompCars,96/1948/2013/afc0ecb6685d80.jpg,908,626,RGB,130.6171875,False,False
CompCars,81/104/2013/546d216417314c.jpg,800,567,RGB,118.4755859375,False,False
CompCars,111/1717/2014/69a4e8558e149d.jpg,800,567,RGB,56.798828125,False,True
CompCars,97/874/2004/718bc85637ef98.jpg,800,567,RGB,74.0693359375,False,False
CompCars,73/436/2009/d6ee4dd9d78a23.jpg,908,626,RGB,82.6181640625,False,False
CompCars,57/1607/2013/6cc1188f3ccb7a.jpg,800,567,RGB,119.818359375,False,False
CompCars,64/1452/2010/8c6f88457dbdf2.jpg,800,567,RGB,117.216796875,False,False
CompCars,111/1722/2015/42aa49a4c2fd55.jpg,800,567,RGB,63.755859375,False,False
CompCars,92/746/2016/fa9a84ec802ca4.jpg,800,567,RGB,70.7431640625,False,False
CompCars,89/1786/2010/c9d00bce802281.jpg,800,567,RGB,78.7470703125,False,False
CompCars,145/525/2009/c7e1c74275d9d5.jpg,908,626,RGB,110.638671875,False,False
CompCars,39/1386/2011/2ec816ebbfe9d6.jpg,908,626,RGB,55.994140625,False,False
CompCars,118/962/2010/6cde0284c7f525.jpg,908,626,RGB,74.3212890625,False,False
CompCars,102/269/2011/8fec372a402e39.jpg,908,626,RGB,59.28125,False,False
CompCars,152/400/2014/cda70f13f07c24.jpg,800,417,RGB,98.5185546875,False,False
CompCars,27/1066/2010/bfe6217ab353bc.jpg,908,626,RGB,85.755859375,False,False
CompCars,27/1071/2013/a19e19ee7881da.jpg,900,567,RGB,67.447265625,False,False
CompCars,162/1619/2012/06de6d364895a4.jpg,800,567,RGB,50.6787109375,False,False
CompCars,81/84/2015/c97da2d603684a.jpg,800,567,RGB,108.1171875,False,False
CompCars,158/1251/2010/21e1a675c113f8.jpg,909,627,RGB,141.11328125,False,False
CompCars,97/883/2015/dfa245f64f0571.jpg,908,626,RGB,134.970703125,False,False
CompCars,5/1039/2013/4bddb2f51103d8.jpg,908,626,RGB,69.4794921875,False,True
CompCars,111/1711/2012/9c710a38ba50e2.jpg,908,626,RGB,72.2333984375,False,False
CompCars,28/1873/2009/acf3d496f96c1c.jpg,908,626,RGB,93.541015625,False,False
CompCars,103/1843/2013/17b22bd41afddd.jpg,800,552,RGB,87.91015625,False,False
CompCars,158/1265/2013/c230dd85c91107.jpg,908,626,RGB,101.9736328125,False,False
CompCars,87/674/2013/31352f3b65c59a.jpg,800,567,RGB,143.32421875,False,False
CompCars,114/1447/2010/d8af43251140cb.jpg,908,626,RGB,123.8955078125,False,False
CompCars,140/1187/2005/487019ccc935df.jpg,800,567,RGB,103.5546875,False,False
CompCars,35/559/2014/7db2708d509901.jpg,800,567,RGB,68.3271484375,False,False
CompCars,17/2001/2015/18ef1c7d4a3f6e.jpg,800,552,RGB,108.3173828125,False,False
CompCars,122/590/2012/961b036c247d27.jpg,800,484,RGB,78.8193359375,False,False
CompCars,149/1799/2010/d614256d56b03f.jpg,908,626,RGB,110.7158203125,False,False
CompCars,114/1441/2014/7ef399d68920af.jpg,908,626,RGB,85.7880859375,False,False
CompCars,103/1849/2008/50b314c347b57c.jpg,800,567,RGB,58.6884765625,False,False
CompCars,55/1597/2012/531c539708c9d6.jpg,800,499,RGB,50.15625,False,False
CompCars,51/1165/2014/7638c625034b46.jpg,908,626,RGB,74.744140625,False,True
CompCars,122/595/2013/64115fbb6cf27e.jpg,800,552,RGB,68.0166015625,False,False
CompCars,80/953/2010/bc24bb985c4323.jpg,800,567,RGB,127.333984375,False,False
CompCars,97/905/2013/f632005576e6ba.jpg,800,552,RGB,119.740234375,False,False
CompCars,55/1596/2015/a1373bea25edff.jpg,800,552,RGB,67.994140625,False,False
CompCars,118/961/2013/3484b78c32eba5.jpg,908,626,RGB,64.1396484375,False,False
CompCars,15/836/2010/085df667e7258b.jpg,800,567,RGB,61.212890625,False,True
CompCars,77/135/2011/decaa327dd92d8.jpg,908,626,RGB,83.7158203125,False,False
CompCars,102/259/2010/ffc1e3f7f4c638.jpg,908,626,RGB,173.1123046875,False,False
CompCars,102/260/2010/f9679235d1d7c3.jpg,908,626,RGB,113.4931640625,False,False
CompCars,95/910/2011/56e35435e6f8eb.jpg,908,626,RGB,85.1494140625,False,False
CompCars,48/316/2014/1afa12f0dcfdc4.jpg,908,626,RGB,86.5009765625,False,False
CompCars,150/377/2014/c2996941c3b933.jpg,800,567,RGB,77.1875,False,False
CompCars,108/1521/2009/e10ec1fd495799.jpg,908,626,RGB,127.9658203125,False,False
CompCars,77/144/2012/6f1db49e6edd89.jpg,800,567,RGB,162.43359375,False,False
CompCars,140/1203/2005/6d90c794c86051.jpg,800,567,RGB,119.0126953125,False,False
CompCars,157/1927/2014/923aea560043b3.jpg,950,541,RGB,65.9833984375,False,False
CompCars,70/1863/2013/faeaf2ce52eaa4.jpg,800,417,RGB,52.3134765625,False,False
CompCars,69/1483/2007/d1dcc0834cc578.jpg,909,627,RGB,145.1572265625,False,False
CompCars,4/509/2014/cecb5fc1f345ca.jpg,800,567,RGB,60.59375,False,False
CompCars,75/1665/2010/602d318a7c019d.jpg,800,567,RGB,137.7294921875,False,False
CompCars,39/1334/2014/bcf2c5197f046a.jpg,908,626,RGB,103.8740234375,False,False
CompCars,88/1415/2011/6286ec5465bf3a.jpg,908,626,RGB,158.9814453125,False,False
CompCars,53/766/2014/07c3126a64e2af.jpg,800,567,RGB,116.6337890625,False,False
CompCars,149/1813/2014/4bfbaae2b9bd8a.jpg,908,626,RGB,75.599609375,False,False
CompCars,150/378/2012/5868ce26f9b1be.jpg,908,626,RGB,76.59375,False,False
CompCars,152/410/2009/06fa7e8c50b569.jpg,800,551,RGB,80.8251953125,False,False
CompCars,122/624/2012/ee466d161fb7f7.jpg,800,567,RGB,119.1962890625,False,False
CompCars,150/388/2009/799160c6852d1a.jpg,909,627,RGB,135.0888671875,False,False
CompCars,114/1447/2014/f7e16b092b7e90.jpg,908,626,RGB,133.1865234375,False,False
CompCars,81/81/2008/06ce18a1b2295c.jpg,908,626,RGB,83.185546875,False,False
CompCars,92/753/2014/468a9f9bbe4034.jpg,800,552,RGB,79.201171875,False,False
CompCars,54/202/2014/d1b01883f6d46e.jpg,800,567,RGB,96.7646484375,False,False
CompCars,77/183/2012/9de0ca29afcfc3.jpg,800,567,RGB,130.51953125,False,False
CompCars,81/78/2010/ebe3bd16f02e2e.jpg,800,567,RGB,116.6162109375,False,False
CompCars,103/1842/2013/f211dbc632776e.jpg,800,567,RGB,64.3447265625,False,False
CompCars,150/382/2012/9c0d74ac86e5af.jpg,800,567,RGB,73.8876953125,False,False
CompCars,110/1096/2010/06aea99e32df2b.jpg,908,626,RGB,71.591796875,False,False
CompCars,149/1798/2012/4cc195d7da3328.jpg,908,626,RGB,75.9990234375,False,False
CompCars,69/1486/2010/0c6a634838c0a5.jpg,908,626,RGB,73.03515625,False,False
CompCars,39/1346/2013/cf4d588351d7c6.jpg,908,626,RGB,77.029296875,False,False
CompCars,105/308/2013/ab48792e5a8d19.jpg,800,567,RGB,51.962890625,False,False
CompCars,69/1484/2008/8ea969c936f573.jpg,909,627,RGB,57.248046875,False,False
CompCars,103/1842/2013/95fbdfc4a55244.jpg,800,567,RGB,59.5947265625,False,False
CompCars,33/583/2011/5ab48d8733815e.jpg,908,626,RGB,163.8525390625,False,False
CompCars,73/501/2013/fb6458be09b305.jpg,908,626,RGB,107.0625,False,False
CompCars,114/1444/2013/ce630df5926e9a.jpg,800,567,RGB,75.689453125,False,False
CompCars,68/934/2011/307b88ea85f838.jpg,800,552,RGB,63.80078125,False,False
CompCars,77/131/2013/d5e138f5b0e015.jpg,908,626,RGB,144.7685546875,False,False
CompCars,74/1299/2011/d17be62cddd6e3.jpg,800,567,RGB,65.0322265625,False,False
CompCars,27/1069/2004/ec18fe4ab94901.jpg,800,567,RGB,60.771484375,False,False
CompCars,84/1962/2014/b34992d372297b.jpg,800,567,RGB,59.408203125,False,False
CompCars,140/1182/2013/7e2cec8494d53c.jpg,908,626,RGB,93.064453125,False,False
CompCars,27/1083/2011/d3d634ddada3c8.jpg,800,567,RGB,65.6962890625,False,True
CompCars,29/1245/2014/5314c1351638da.jpg,800,567,RGB,97.6220703125,False,False
CompCars,39/1363/2015/31520e3acfe845.jpg,800,567,RGB,136.7451171875,False,False
CompCars,150/382/2011/d66ef0193c0820.jpg,908,626,RGB,79.90625,False,False
CompCars,145/529/2014/d56a00d2cc374c.jpg,908,626,RGB,119.0615234375,False,False
CompCars,54/191/2014/af70b7c548f50b.jpg,800,484,RGB,95.4921875,False,False
CompCars,75/1656/2009/8da6950de66b96.jpg,800,485,RGB,50.1162109375,False,False
CompCars,28/1865/2013/33f9d73d71134b.jpg,800,552,RGB,59.2470703125,False,False
CompCars,49/1434/2010/d542e0ab76c299.jpg,800,567,RGB,84.318359375,False,False
CompCars,149/1792/2015/12a01e437ded9e.jpg,800,567,RGB,108.9033203125,False,False
CompCars,27/1076/2012/3a58965530874a.jpg,908,626,RGB,167.0498046875,False,False
CompCars,57/1608/2014/3f05f75d9e89e5.jpg,908,626,RGB,59.5634765625,False,False
CompCars,127/1175/2012/fd2a4c93969ae6.jpg,800,552,RGB,61.421875,False,False
CompCars,45/1029/2013/e7e25d1d5f4660.jpg,800,552,RGB,64.7490234375,False,False
CompCars,102/273/2012/c63ed06bf254f7.jpg,800,567,RGB,85.5419921875,False,False
CompCars,15/839/2012/3aae5f5c0bbc7d.jpg,800,552,RGB,99.4990234375,False,False
CompCars,21/1306/2008/dea46dcdd9d7c0.jpg,800,567,RGB,112.77734375,False,False
CompCars,28/1889/2011/ee6503a4e6f109.jpg,908,626,RGB,63.1455078125,False,False
CompCars,77/135/2011/d9b088f0656474.jpg,908,626,RGB,105.537109375,False,False
CompCars,118/956/2010/efd432ec86184d.jpg,908,626,RGB,63.49609375,False,False
CompCars,97/856/2010/b48f71043947f4.jpg,908,626,RGB,103.19921875,False,False
CompCars,28/1871/2008/2c68135288e103.jpg,909,627,RGB,145.0859375,False,False
CompCars,114/1447/2012/17bb38b5290a85.jpg,908,626,RGB,111.6552734375,False,False
CompCars,118/982/2009/61adfab0e85984.jpg,908,626,RGB,52.869140625,False,False
CompCars,151/429/2013/74a82a57c133d5.jpg,950,541,RGB,153.619140625,False,False
CompCars,103/1854/2013/d1c37f0e8d568d.jpg,908,626,RGB,82.9345703125,False,False
CompCars,140/1203/2011/e881f0802cb9f9.jpg,905,626,RGB,64.5849609375,False,False
CompCars,111/1704/2014/be12e354893644.jpg,908,626,RGB,133.5458984375,False,False
CompCars,95/924/2014/420dd5ee396a68.jpg,908,626,RGB,92.7880859375,False,False
CompCars,153/1747/2010/55cf1759817825.jpg,800,567,RGB,73.1298828125,False,False
CompCars,149/1792/2015/317bef4a9a553e.jpg,800,552,RGB,84.14453125,False,False
CompCars,78/17/2012/b46382e4ec1e07.jpg,800,567,RGB,47.4716796875,False,False
CompCars,92/753/2014/db1d7139d686b9.jpg,800,567,RGB,89.8564453125,False,False
CompCars,73/443/2015/f235e8742f5ebe.jpg,800,567,RGB,112.162109375,False,False
CompCars,102/265/2013/90981e197916ab.jpg,908,626,RGB,66.51953125,False,False
CompCars,114/1447/2014/9d924cff7db372.jpg,908,626,RGB,108.234375,False,False
CompCars,73/503/2011/08aca25caa01d3.jpg,908,626,RGB,101.7001953125,False,False
CompCars,39/1389/2015/7bb23711604705.jpg,908,626,RGB,57.4248046875,False,False
CompCars,119/1819/2011/d5371e47386b89.jpg,800,567,RGB,59.125,False,False
CompCars,131/1023/2013/2ad7e7099a824e.jpg,908,626,RGB,62.0498046875,False,False
CompCars,150/378/2012/beba2e40a75cd8.jpg,908,626,RGB,89.171875,False,False
CompCars,162/1629/2013/5b9fad1beca2a9.jpg,800,417,RGB,75.078125,False,False
CompCars,45/1027/2010/c26471e187a371.jpg,800,552,RGB,83.525390625,False,False
CompCars,140/1220/2015/2d2242a2a95632.jpg,800,567,RGB,129.994140625,False,False
CompCars,27/1084/2011/cb96a6a4925dbe.jpg,800,567,RGB,87.568359375,False,False
CompCars,77/145/2010/59b333d294fd6d.jpg,908,626,RGB,224.5888671875,False,False
CompCars,122/597/2011/83ebec226619c5.jpg,908,626,RGB,74.3984375,False,False
CompCars,81/110/2013/e1c2aee64d8f19.jpg,908,626,RGB,81.3935546875,False,False
CompCars,159/1577/2013/25df0288dce89c.jpg,908,626,RGB,68.3798828125,False,False
CompCars,78/32/2014/d3aab0305f8663.jpg,908,626,RGB,95.9931640625,False,False
CompCars,78/38/2015/6731e886a9167b.jpg,908,626,RGB,47.6376953125,False,False
CompCars,118/966/2011/6838513695a757.jpg,800,567,RGB,83.287109375,False,False
CompCars,89/1786/2010/0b928e73c898df.jpg,800,567,RGB,115.9970703125,False,False
CompCars,115/700/2012/8f291cda0aa047.jpg,800,552,RGB,69.16015625,False,False
CompCars,118/967/2011/dbdbbc2d67c83b.jpg,908,626,RGB,76.5390625,False,False
CompCars,6/1777/2013/3774555eacd34f.jpg,908,626,RGB,118.7451171875,False,False
CompCars,102/287/2011/1f31595b9e30c5.jpg,800,567,RGB,67.189453125,False,False
CompCars,84/1975/2013/eba0fb25be466d.jpg,908,626,RGB,60.0751953125,False,False
CompCars,68/933/2014/3aac83ad2f84a4.jpg,800,567,RGB,68.240234375,False,False
CompCars,68/937/2006/719c73e373e00b.jpg,800,567,RGB,71.888671875,False,False
CompCars,68/935/2014/690308c89bdb6d.jpg,800,552,RGB,54.939453125,False,False
CompCars,68/943/2015/ae92895949a5a9.jpg,800,567,RGB,120.4619140625,False,False
CompCars,38/1956/2008/31a417e1c3718a.jpg,874,601,RGB,162.01171875,False,False
CompCars,90/1244/2014/ec15f937eaedb7.jpg,908,626,RGB,100.8515625,False,False
CompCars,73/450/2012/87a73028b46a96.jpg,800,484,RGB,66.80078125,False,False
CompCars,132/1224/2012/e97c8698479478.jpg,800,567,RGB,61.828125,False,False
CompCars,140/1197/2011/aa8f0d4b485ea3.jpg,800,482,RGB,69.20703125,False,False
CompCars,155/814/2013/724202515bfb22.jpg,908,626,RGB,81.5146484375,False,False
CompCars,120/1686/2012/4877244b824310.jpg,800,552,RGB,75.173828125,False,False
CompCars,33/578/2011/b73c47cbb3c6d3.jpg,1024,718,RGB,174.9150390625,False,False
CompCars,140/1210/2014/5fbf3978f56a63.jpg,908,626,RGB,97.587890625,False,False
CompCars,114/1442/2015/4c05c40e859207.jpg,800,567,RGB,72.3984375,False,False
CompCars,31/543/2015/bc3420bacda654.jpg,800,567,RGB,103.681640625,False,False
CompCars,111/1702/2011/033739a44d12b6.jpg,908,626,RGB,131.2431640625,False,False
CompCars,108/1524/2011/83d820004eec8e.jpg,800,567,RGB,72.013671875,False,False
CompCars,150/385/2014/b88582ab6a4923.jpg,800,484,RGB,143.5908203125,False,False
CompCars,36/552/2013/270dc4a77bc673.jpg,800,567,RGB,90.6015625,False,False
CompCars,122/594/2015/d295a0db308f8a.jpg,800,567,RGB,72.1640625,False,False
CompCars,131/1013/2014/65f12865c6f110.jpg,800,567,RGB,95.2421875,False,False
CompCars,117/1168/2014/fd48240a39411d.jpg,800,500,RGB,62.294921875,False,True
CompCars,124/1406/2012/84f45b7e53503e.jpg,908,626,RGB,158.8935546875,False,False
CompCars,153/1755/2013/29a660dda1649f.jpg,800,567,RGB,125.3818359375,False,False
CompCars,103/1842/2013/3b7626addf0d83.jpg,800,567,RGB,75.0791015625,False,False
CompCars,77/153/2013/197b1aa7948afc.jpg,908,626,RGB,60.7890625,False,False
CompCars,108/1535/2012/cb7712e14c833b.jpg,800,567,RGB,98.1611328125,False,False
CompCars,108/1526/2014/20eb1f27bc0666.jpg,908,626,RGB,131.0361328125,False,False
CompCars,111/1702/2014/aca71d063373f8.jpg,908,626,RGB,119.990234375,False,False
CompCars,39/1330/2013/e1f22d27f30d23.jpg,800,567,RGB,66.896484375,False,False
CompCars,158/1266/2006/c4bad0dd0a9f3b.jpg,800,567,RGB,72.5361328125,False,False
CompCars,81/113/2009/a0ef715d5eef9c.jpg,908,626,RGB,196.2890625,False,False
CompCars,73/456/2011/b060dc40d43f20.jpg,800,484,RGB,74.9267578125,False,False
CompCars,77/145/2014/6f3255a07f56cb.jpg,908,626,RGB,116.2470703125,False,False
CompCars,81/98/2011/3fea95fd1dd2ee.jpg,800,484,RGB,56.140625,False,False
CompCars,118/979/2009/0f57080cd19f32.jpg,800,567,RGB,69.279296875,False,False
CompCars,15/829/2014/6392d3d7bde1ab.jpg,908,626,RGB,93.708984375,False,False
CompCars,111/1704/2014/6ffaeaa2684ae7.jpg,908,626,RGB,63.9169921875,False,False
CompCars,39/1335/2014/34df691b41cc81.jpg,800,567,RGB,111.33984375,False,False
CompCars,131/1016/2013/b5e4884bcafb80.jpg,908,626,RGB,124.126953125,False,False
CompCars,159/1578/2012/886122232ca1bc.jpg,908,626,RGB,71.1708984375,False,False
CompCars,118/955/2009/d484721b4e9eab.jpg,800,483,RGB,67.1220703125,False,False
CompCars,81/119/2012/f854493822af03.jpg,800,567,RGB,71.3271484375,False,False
CompCars,136/1778/2013/4e32610aea656c.jpg,800,567,RGB,107.9306640625,False,False
CompCars,125/781/2004/d2128b0aa8ce0e.jpg,800,567,RGB,57.48828125,False,False
CompCars,45/1028/2009/b573d872eeb685.jpg,800,567,RGB,74.1689453125,False,False
CompCars,77/141/2014/d8c77f2e8e5361.jpg,908,626,RGB,136.3681640625,False,False
CompCars,114/1438/2012/71d136be3e236f.jpg,800,484,RGB,63.6220703125,False,False
CompCars,81/68/2009/1fc6b82d68bf8f.jpg,908,626,RGB,94.716796875,False,False
CompCars,142/1141/2013/6da1c7d62619e0.jpg,800,567,RGB,69.234375,False,False
CompCars,140/1210/2014/2c436eebf381ff.jpg,908,626,RGB,125.76171875,False,False
CompCars,45/1030/2014/10af5f0e82eb7c.jpg,800,567,RGB,55.3544921875,False,False
CompCars,111/1711/2007/e9f8984f88daeb.jpg,800,567,RGB,79.15234375,False,False
CompCars,39/1344/2014/b80539abfae2ab.jpg,800,567,RGB,99.4775390625,False,False
CompCars,94/1233/2013/a2f91b50155e95.jpg,908,626,RGB,102.1806640625,False,False
CompCars,109/1550/2012/8071f9027167ae.jpg,800,552,RGB,56.17578125,False,False
CompCars,95/920/2013/1d2418c9f5073e.jpg,800,567,RGB,52.109375,False,False
CompCars,85/375/2011/f120abd2df6a2e.jpg,900,626,RGB,124.4609375,False,False
CompCars,160/788/2011/7c7d8e0a7be53f.jpg,908,626,RGB,144.228515625,False,False
CompCars,68/935/2014/17cd98bd53c1f9.jpg,800,567,RGB,49.7734375,False,False
CompCars,81/88/2013/a7b46ff41c0d45.jpg,800,484,RGB,52.634765625,False,False
CompCars,55/1595/2014/64f625433a9897.jpg,800,567,RGB,48.060546875,False,False
CompCars,102/288/2013/989e69805242c5.jpg,908,626,RGB,60.974609375,False,False
CompCars,122/634/2014/a4ad55ecf39614.jpg,908,626,RGB,62.0703125,False,False
CompCars,53/770/2013/fd9486fb8c6f63.jpg,908,626,RGB,85.12890625,False,False
CompCars,81/75/2013/c88b95b52ec882.jpg,800,567,RGB,69.66015625,False,False
CompCars,50/1129/2012/faae0840ce3ca6.jpg,800,567,RGB,154.1689453125,False,False
CompCars,11/735/2013/188d42ac635961.jpg,908,626,RGB,127.1435546875,False,False
CompCars,97/875/unknown/b0d37ddb4a925a.jpg,909,626,RGB,116.5244140625,False,False
CompCars,77/161/2011/550e09fcbb3366.jpg,800,567,RGB,110.0341796875,False,False
CompCars,77/139/2011/f4535f12b6f347.jpg,800,567,RGB,52.3583984375,False,False
CompCars,118/957/2015/b04a605ba8964d.jpg,800,567,RGB,47.2578125,False,False
CompCars,160/795/2014/b0737c2478e18b.jpg,800,567,RGB,82.6572265625,False,False
CompCars,69/1483/2014/eb2ad4dfe74845.jpg,950,541,RGB,73.013671875,False,False
CompCars,39/1344/2014/22713eaf24de1d.jpg,800,567,RGB,125.1005859375,False,False
CompCars,132/1222/2010/127522942f57dd.jpg,908,626,RGB,70.232421875,False,False
CompCars,35/555/2014/2fdfdcbaf15763.jpg,800,552,RGB,60.998046875,False,False
CompCars,150/378/2014/f91a3caa80c15b.jpg,800,567,RGB,107.078125,False,False
CompCars,73/496/2014/54367bc318e797.jpg,908,626,RGB,87.0146484375,False,False
CompCars,122/607/2013/17611c0f2904b0.jpg,800,552,RGB,107.494140625,False,False
CompCars,111/1723/2014/e602076feb33bc.jpg,800,484,RGB,66.408203125,False,False
CompCars,114/1446/2010/55528a19b454b7.jpg,908,626,RGB,92.8515625,False,False
CompCars,123/1398/2013/62149bd231754e.jpg,908,626,RGB,70.078125,False,False
CompCars,32/547/2012/8a76335b03ddde.jpg,800,567,RGB,65.4931640625,False,False
CompCars,69/1472/2013/f3396188f2fee8.jpg,800,567,RGB,57.1484375,False,False
CompCars,48/319/2014/605c3070714359.jpg,908,626,RGB,60.2724609375,False,False
CompCars,75/1665/2012/1abc850b6463ca.jpg,908,626,RGB,136.4521484375,False,False
CompCars,39/1329/2011/4ab9096fd89562.jpg,908,626,RGB,83.7099609375,False,False
CompCars,154/1054/2014/9031951d1f013f.jpg,908,626,RGB,104.4384765625,False,False
CompCars,103/1852/2013/87c18be0966f0e.jpg,800,552,RGB,80.46875,False,False
CompCars,54/202/2014/2ca7cf61df9b19.jpg,800,567,RGB,104.826171875,False,False
CompCars,157/1913/2013/72345355f10ba4.jpg,904,623,RGB,85.4169921875,False,False
CompCars,97/885/2013/ff650545188ed8.jpg,800,567,RGB,85.8720703125,False,False
CompCars,118/966/2011/6a65ecef0fb3c9.jpg,800,484,RGB,86.5693359375,False,False
CompCars,154/1051/2007/2958b30c899828.jpg,800,567,RGB,59.2275390625,False,False
CompCars,160/788/2009/26490c7a9225c8.jpg,908,626,RGB,133.4189453125,False,False
CompCars,69/1484/2008/e6bc0de9679bab.jpg,800,545,RGB,64.064453125,False,True
CompCars,70/1857/2014/a035749780c3f4.jpg,908,626,RGB,141.041015625,False,False
CompCars,102/255/2009/9c33a515fc1ebc.jpg,909,627,RGB,152.41015625,False,False
CompCars,157/1910/2014/a88be935b3e93b.jpg,908,626,RGB,61.326171875,False,False
CompCars,102/260/2010/49c92722f59e49.jpg,908,626,RGB,90.28125,False,False
CompCars,114/1437/2013/83867f3e67b221.jpg,908,626,RGB,65.7900390625,False,False
CompCars,108/1520/2013/8f83a23b3f33d1.jpg,800,567,RGB,81.9169921875,False,False
CompCars,55/1593/2012/296cba313accc0.jpg,800,567,RGB,54.14453125,False,False
CompCars,64/1455/2015/cf4b453a25880e.jpg,800,552,RGB,145.8876953125,False,False
CompCars,73/502/2010/99d1513367ca8a.jpg,800,386,RGB,87.0478515625,False,False
CompCars,153/1752/2013/853c1564db6ad8.jpg,800,567,RGB,127.443359375,False,False
CompCars,159/1575/2013/f8a40e964809e0.jpg,908,626,RGB,80.130859375,False,False
CompCars,78/63/2013/5f1fd4ca7025de.jpg,908,626,RGB,80.142578125,False,False
CompCars,100/250/2015/c215486b61689d.jpg,800,567,RGB,74.3974609375,False,False
CompCars,76/367/2012/a3fca0e7da0f73.jpg,908,626,RGB,90.3525390625,False,False
CompCars,39/1386/2010/7cc99a42193c5b.jpg,908,626,RGB,167.1943359375,False,False
CompCars,75/1683/2014/f6b546940397d2.jpg,800,567,RGB,114.9072265625,False,False
CompCars,118/997/2011/b38981b977e378.jpg,800,567,RGB,86.7841796875,False,False
CompCars,141/1825/2011/ec70146982a8a8.jpg,800,567,RGB,80.9140625,False,False
CompCars,81/119/2012/cd30058d01d718.jpg,908,626,RGB,67.62890625,False,False
CompCars,118/1004/2011/261eb5bd227aa7.jpg,908,626,RGB,96.552734375,False,False
CompCars,39/1348/2006/1606b13ba72c63.jpg,909,627,RGB,63.361328125,False,False
CompCars,73/467/2015/1931460eb9a894.jpg,908,626,RGB,66.81640625,False,False
CompCars,108/1538/2013/7099073de68415.jpg,800,567,RGB,133.8857421875,False,False
CompCars,78/60/2015/379ea8cfc58037.jpg,800,567,RGB,88.9140625,False,False
CompCars,97/902/2014/715cffbc061088.jpg,908,626,RGB,66.7646484375,False,False
CompCars,131/1013/2014/928c34c8d52206.jpg,800,567,RGB,100.052734375,False,False
CompCars,140/1203/2011/1a3fea52dda12c.jpg,800,567,RGB,117.126953125,False,False
CompCars,114/1446/2009/6c5306c6f4c096.jpg,800,567,RGB,63.8037109375,False,False
CompCars,73/440/2013/02b9fcce966037.jpg,908,626,RGB,71.7197265625,False,False
CompCars,97/899/2014/7ee17c07523ac7.jpg,800,567,RGB,154.98828125,False,False
CompCars,131/1013/2014/d83a3988e898d3.jpg,800,552,RGB,48.0546875,False,False
CompCars,81/103/2009/7dfb8a11bcb746.jpg,704,415,RGB,26.783203125,False,False
CompCars,73/508/2012/59bcf173e6e77d.jpg,908,626,RGB,63.1181640625,False,False
CompCars,81/103/2010/887095c816d355.jpg,908,626,RGB,114.224609375,False,False
CompCars,97/877/2013/b3e2cf7c58d017.jpg,800,567,RGB,79.3564453125,False,False
CompCars,78/63/2008/8af5c0da267cf0.jpg,800,567,RGB,41.3642578125,False,False
CompCars,97/854/2012/d3599a253715c2.jpg,908,626,RGB,99.6171875,False,False
CompCars,78/9/2004/f1d6034e1ad318.jpg,800,567,RGB,111.0458984375,False,False
CompCars,22/949/2008/5cbdf26df718fb.jpg,800,567,RGB,75.4697265625,False,False
CompCars,101/816/2011/d1a14adafa3b47.jpg,800,567,RGB,123.8447265625,False,False
CompCars,157/1906/2014/1ae83c967878fd.jpg,800,552,RGB,70.7587890625,False,False
CompCars,34/566/2010/a87c2940ee228a.jpg,908,626,RGB,89.2998046875,False,False
CompCars,88/1433/2014/b25f9c0ed99a87.jpg,908,626,RGB,82.9560546875,False,True
CompCars,45/1038/2014/f05a845c1b6aca.jpg,950,539,RGB,88.634765625,False,False
CompCars,77/160/2010/2d6787a13396f7.jpg,908,626,RGB,140.201171875,False,False
CompCars,77/162/2011/fd76bc375abb1f.jpg,908,626,RGB,149.90625,False,False
CompCars,48/316/2014/e6801fb01cd8e5.jpg,800,567,RGB,115.125,False,False
CompCars,67/1698/2005/ad816db1af7dc7.jpg,800,567,RGB,120.234375,False,False
CompCars,158/1254/2013/992585aacbd077.jpg,800,484,RGB,115.919921875,False,False
CompCars,39/1363/2015/a0bd7a8c4b23b0.jpg,800,567,RGB,113.431640625,False,False
CompCars,140/1194/2012/a3e75f163dde5b.jpg,800,484,RGB,54.078125,False,False
CompCars,68/933/2014/ab89c6239a4bb6.jpg,800,567,RGB,130.1923828125,False,False
CompCars,83/369/2015/bec8e7c9c8430a.jpg,908,626,RGB,64.8115234375,False,False
CompCars,97/883/2012/3d1a185a0a1165.jpg,800,567,RGB,91.0791015625,False,False
CompCars,152/400/2014/14ea3565332d17.jpg,800,567,RGB,161.5068359375,False,False
CompCars,39/1358/2014/b2b9e0b6aba439.jpg,800,567,RGB,111.4599609375,False,False
CompCars,122/594/2013/5f8a15369693cc.jpg,908,626,RGB,72.6767578125,False,False
CompCars,140/1205/2012/61a786dcbf3b04.jpg,800,567,RGB,75.9296875,False,False
CompCars,102/272/2011/6d368ae1e29656.jpg,908,626,RGB,89.841796875,False,False
CompCars,92/753/2011/017079b61cd724.jpg,800,567,RGB,104.44140625,False,False
CompCars,111/1711/2004/c2b68c2f73e6e7.jpg,800,567,RGB,105.31640625,False,False
CompCars,73/502/2010/0323385f7f1834.jpg,908,626,RGB,137.4873046875,False,False
CompCars,75/1683/2013/ccc6bb5542fbb5.jpg,908,626,RGB,51.01171875,False,False
CompCars,102/293/2012/d1dcb8b483a8c1.jpg,908,626,RGB,70.9921875,False,False
CompCars,139/1640/2013/2f84b2855171c1.jpg,800,567,RGB,66.7138671875,False,False
CompCars,5/1040/2014/4e604ef97107ce.jpg,908,626,RGB,170.669921875,False,False
CompCars,11/739/2004/0903cd7e3b8bbd.jpg,800,567,RGB,34.9931640625,False,False
CompCars,111/1716/2013/a27ad44b0738b8.jpg,800,552,RGB,67.5263671875,False,False
CompCars,97/885/2013/be63e7ded97a75.jpg,800,567,RGB,90.115234375,False,False
CompCars,53/770/2015/3ca04c60d4d0b7.jpg,800,567,RGB,72.9794921875,False,False
CompCars,148/1562/2014/1b699b23ce40c5.jpg,800,552,RGB,46.232421875,False,True
CompCars,75/1660/2012/a06d336a123596.jpg,800,567,RGB,64.328125,False,False
CompCars,127/1179/2013/e107da7ba2baa5.jpg,908,626,RGB,190.658203125,False,False
CompCars,97/879/2005/75ab0ba501173a.jpg,800,567,RGB,56.6416015625,False,False
CompCars,73/501/2011/52a03225f8d772.jpg,908,626,RGB,147.0693359375,False,False
CompCars,53/777/2011/2840ecc7f251ad.jpg,908,626,RGB,88.8212890625,False,False
CompCars,111/1719/2010/1c0908f26353b7.jpg,908,626,RGB,106.0556640625,False,False
CompCars,162/1620/2012/c03be640cd3431.jpg,800,567,RGB,44.1806640625,False,False
CompCars,78/1/2014/d141e128a6c601.jpg,908,626,RGB,82.8037109375,False,False
CompCars,136/1778/2013/cb1e60f271851d.jpg,800,567,RGB,56.146484375,False,False
CompCars,118/960/2009/daca5e491cdf9c.jpg,1024,718,RGB,190.765625,False,False
CompCars,145/526/2014/a71598a5d5d8b8.jpg,1024,718,RGB,151.0595703125,False,False
CompCars,146/1740/2009/8ec44acb165b83.jpg,800,567,RGB,160.8740234375,False,True
CompCars,128/1893/2013/3e6d92e9db1b33.jpg,800,567,RGB,96.7626953125,False,False
CompCars,69/1507/2015/6edc928b4a7f8f.jpg,800,552,RGB,58.67578125,False,False
CompCars,38/1952/2014/741edf9b12e30d.jpg,800,567,RGB,61.95703125,False,False
CompCars,27/1089/2011/1c93252843f61b.jpg,800,567,RGB,83.9443359375,False,False
CompCars,117/1173/2014/462530c48df1a8.jpg,800,567,RGB,94.5361328125,False,False
CompCars,69/1476/2011/a0b7b76ceb26b8.jpg,907,626,RGB,108.9423828125,False,False
CompCars,132/1229/2012/dca5bd9398dee7.jpg,908,626,RGB,56.1025390625,False,False
CompCars,112/667/2012/3c3418e18985a8.jpg,908,626,RGB,57.8486328125,False,False
CompCars,95/930/2014/38401aec608c93.jpg,908,626,RGB,130.474609375,False,False
CompCars,80/952/2009/bdeb6cdc21b549.jpg,908,626,RGB,173.5830078125,False,False
CompCars,145/521/2007/038cfd283bf691.jpg,800,567,RGB,83.63671875,False,False
CompCars,158/1267/2010/f8d5f2baf76313.jpg,907,626,RGB,85.82421875,False,False
CompCars,77/146/2011/f8f380ade05e28.jpg,800,567,RGB,65.4658203125,False,False
CompCars,36/552/2013/67c7819097477c.jpg,800,445,RGB,102.8291015625,False,False
CompCars,71/689/2013/cd1a2bb3617dea.jpg,908,626,RGB,68.712890625,False,False
CompCars,78/22/2010/cf7ae91991a722.jpg,908,626,RGB,89.201171875,False,False
CompCars,160/797/2013/172d4a8105fec6.jpg,800,567,RGB,59.248046875,False,True
CompCars,7/684/2012/7edfc6aac35194.jpg,800,567,RGB,63.009765625,False,False
CompCars,118/967/2011/058662064ebe33.jpg,950,541,RGB,80.4375,False,False
CompCars,81/91/2014/3178c34eda7bbb.jpg,800,484,RGB,53.96875,False,False
CompCars,120/1686/2012/5de2c269750326.jpg,800,567,RGB,82.6748046875,False,False
CompCars,140/1200/2009/874acc0a5a99bb.jpg,908,626,RGB,126.8681640625,False,False
CompCars,56/823/2010/e3c1af9b94a7e7.jpg,800,567,RGB,76.845703125,False,False
CompCars,77/140/2014/67eb7fe9032cc3.jpg,800,567,RGB,91.5693359375,False,False
CompCars,75/1683/2013/6ff3dfb9b65ce9.jpg,800,500,RGB,51.5546875,False,False
CompCars,154/1055/2013/6b096852dfdec2.jpg,800,567,RGB,50.4462890625,False,False
CompCars,151/424/2013/5b9c31d46d56b7.jpg,800,552,RGB,92.1083984375,False,False
CompCars,7/683/2014/ac78f9ee874811.jpg,908,626,RGB,47.44921875,False,False
CompCars,75/1653/2012/afe88f52dd2dd8.jpg,1024,718,RGB,91.5146484375,False,False
CompCars,162/1611/2014/0206b9e16bee32.jpg,800,567,RGB,67.5439453125,False,False
CompCars,75/1662/2012/0475a7d969d72c.jpg,800,567,RGB,52.09375,False,False
CompCars,78/32/2014/c96b35de445204.jpg,908,626,RGB,116.8232421875,False,False
CompCars,37/1983/2010/288ab7526c652c.jpg,908,626,RGB,107.0673828125,False,False
CompCars,27/1069/2004/e97e5d9812278a.jpg,800,567,RGB,66.0751953125,False,False
CompCars,137/1730/2014/32c1949a40cce1.jpg,908,626,RGB,59.4423828125,False,False
CompCars,100/248/2012/fe56f3f4f34e35.jpg,800,552,RGB,48.9658203125,False,False
CompCars,144/1638/2011/2aea4a5468fee1.jpg,800,567,RGB,125.349609375,False,False
CompCars,145/519/2011/cd705397012644.jpg,908,626,RGB,56.1708984375,False,False
CompCars,111/1701/2009/2b5d85d7282424.jpg,908,626,RGB,84.4140625,False,False
CompCars,45/1033/2011/135e94f1176dc6.jpg,800,567,RGB,92.3017578125,False,False
CompCars,77/144/2010/ac09e1e97e786a.jpg,800,482,RGB,52.91796875,False,False
CompCars,79/1726/2011/a605e54bee1532.jpg,800,567,RGB,89.9453125,False,False
CompCars,134/654/2011/f7e4e47482c07f.jpg,908,626,RGB,92.0390625,False,True
CompCars,128/1894/2014/335440ebd14439.jpg,908,626,RGB,104.900390625,False,False
CompCars,73/469/2012/4e62f53377a42c.jpg,908,626,RGB,107.6630859375,False,False
CompCars,127/1175/2013/87becc9cebd648.jpg,800,567,RGB,67.6689453125,False,False
CompCars,11/735/2014/259e69fa4c7560.jpg,908,626,RGB,123.6650390625,False,False
CompCars,75/1657/2011/0e5dc9549eb208.jpg,908,626,RGB,76.82421875,False,False
CompCars,34/566/2010/c03369a66802e1.jpg,908,626,RGB,127.9609375,False,False
CompCars,28/1889/2010/9aa304a71240b1.jpg,908,626,RGB,134.3115234375,False,False
CompCars,160/792/2011/dea9e982daeea1.jpg,800,567,RGB,87.95703125,False,False
CompCars,1/1103/2011/1a181baee56de8.jpg,800,567,RGB,70.01171875,False,False
CompCars,70/1858/2014/956102494228ac.jpg,800,552,RGB,65.9404296875,False,False
CompCars,78/44/2014/fe957a3c1f65c2.jpg,908,626,RGB,121.9521484375,False,False
CompCars,81/121/2008/2817f97e24d52f.jpg,800,567,RGB,43.6337890625,False,True
CompCars,81/119/2012/0ee746fb0fb936.jpg,800,567,RGB,121.4580078125,False,False
CompCars,140/1209/2015/63f65f58ca9fc1.jpg,908,626,RGB,69.6455078125,False,False
CompCars,81/120/2013/b567588414e395.jpg,800,567,RGB,131.98828125,False,False
CompCars,87/680/2014/77e9c3428819a8.jpg,800,567,RGB,82.958984375,False,False
CompCars,81/73/2008/db043d59624055.jpg,908,626,RGB,107.541015625,False,False
CompCars,77/133/2011/00872560833bb5.jpg,800,567,RGB,68.591796875,False,False
CompCars,48/323/2004/19bd20bc88b7e3.jpg,800,567,RGB,222.2353515625,False,False
CompCars,118/980/2009/04725951ee5d5e.jpg,800,567,RGB,88.6015625,False,False
CompCars,78/17/2012/a47e532e12f53e.jpg,800,567,RGB,46.2900390625,False,False
CompCars,127/1178/2014/57d595bfa85fd2.jpg,800,552,RGB,47.697265625,False,False
CompCars,67/1699/2009/d47d5d1a79e369.jpg,800,567,RGB,80.4404296875,False,False
CompCars,136/1780/2012/30608efc7a4fcc.jpg,908,626,RGB,204.810546875,False,False
CompCars,77/148/2015/69727c206fcd5b.jpg,800,567,RGB,53.4013671875,False,True
CompCars,141/1820/2015/ad965c7e6e86da.jpg,800,567,RGB,63.8095703125,False,False
CompCars,118/977/2012/364d6aecfdb656.jpg,908,626,RGB,100.701171875,False,False
CompCars,105/302/2012/18758ac2c1e5e7.jpg,908,626,RGB,69.21875,False,False
CompCars,150/382/2011/3982f36e9fc35b.jpg,908,626,RGB,83.2978515625,False,False
CompCars,77/143/2014/0c6a11ac2f86b9.jpg,908,626,RGB,126.091796875,False,False
CompCars,92/746/2015/39002d7f698b2f.jpg,908,626,RGB,68.26953125,False,False
CompCars,118/974/2011/abdb9aa73a3d55.jpg,800,1033,RGB,179.138671875,False,False
CompCars,81/106/2014/c21b3f78264108.jpg,908,626,RGB,102.7509765625,False,False
CompCars,45/1030/2014/64b2d0f57029ae.jpg,800,567,RGB,119.1943359375,False,False
CompCars,45/1029/2013/aec872c4193050.jpg,800,567,RGB,129.685546875,False,False
CompCars,134/653/2014/33c0bfcb0dd253.jpg,800,567,RGB,51.6953125,False,False
CompCars,111/1707/2015/4695834e4a1072.jpg,908,626,RGB,59.119140625,False,False
CompCars,162/1610/2011/1200b5b20f7cdd.jpg,800,567,RGB,73.0849609375,False,False
CompCars,140/1203/2014/6bf5fd130f2575.jpg,800,567,RGB,108.345703125,False,False
CompCars,78/33/2010/da8ae348b22a00.jpg,908,626,RGB,107.9560546875,False,False
CompCars,81/78/2010/479ef1c7c5c511.jpg,800,567,RGB,186.2109375,False,False
CompCars,33/578/2011/4caf2ecbd0a214.jpg,800,567,RGB,70.77734375,False,False
CompCars,69/1513/2011/a1b5fcb3c2cf8c.jpg,800,567,RGB,138.1943359375,False,False
CompCars,77/156/2011/8d48489628cae2.jpg,908,626,RGB,129.671875,False,False
CompCars,105/300/2014/88ecc991d202f8.jpg,800,552,RGB,70.0361328125,False,False
CompCars,91/728/2012/2e46e0ffe5bbea.jpg,800,552,RGB,58.8203125,False,False
CompCars,91/728/2012/32e7ff1cfde5b2.jpg,800,552,RGB,66.298828125,False,False
CompCars,149/1812/2010/51353e10d95f78.jpg,908,626,RGB,158.771484375,False,False
CompCars,97/858/2008/6ec3ef0603a01c.jpg,800,567,RGB,118.9111328125,False,False
CompCars,102/260/2010/3ae36ff3410a6c.jpg,1024,718,RGB,93.2568359375,False,False
CompCars,73/465/2013/f828c1e5f97fc5.jpg,908,626,RGB,71.3447265625,False,False
CompCars,55/1594/2013/1631f2fd91fca7.jpg,1024,718,RGB,103.69921875,False,False
CompCars,145/529/2014/9f9f9d115df10f.jpg,908,626,RGB,96.865234375,False,False
CompCars,38/1951/2013/479573c4d4af36.jpg,800,567,RGB,76.021484375,False,False
CompCars,78/27/2015/f8d6372a8c0d20.jpg,908,626,RGB,121.388671875,False,False
CompCars,112/670/2013/7cc46e588e2b2a.jpg,800,567,RGB,103.396484375,False,False
CompCars,61/349/2014/1287f37fcb64c2.jpg,800,567,RGB,111.6943359375,False,False
CompCars,159/1581/2010/9cca8837b88a76.jpg,800,552,RGB,50.7197265625,False,False
CompCars,157/1927/2014/af7584cc3dd6a9.jpg,908,626,RGB,106.9462890625,False,False
CompCars,88/1426/2012/21195a69245d8a.jpg,908,626,RGB,121.1953125,False,False
CompCars,103/1847/2014/e5856fe317cc9b.jpg,800,567,RGB,112.7626953125,False,False
CompCars,145/524/2013/74c4b4c37aa516.jpg,800,567,RGB,88.6005859375,False,False
CompCars,123/1398/2012/4078a19ef0b82c.jpg,948,541,RGB,121.4853515625,False,False
CompCars,134/661/2009/5633a11225df16.jpg,908,626,RGB,87.404296875,False,False
CompCars,4/510/2014/d81ba47b0df27a.jpg,800,567,RGB,209.3271484375,False,False
CompCars,73/470/2009/c1fa41b784bef0.jpg,909,627,RGB,55.0048828125,False,False
CompCars,64/1457/2011/7889a49a79ef60.jpg,908,626,RGB,78.1083984375,False,False
CompCars,158/1257/2012/01f23c06fbc509.jpg,800,552,RGB,58.5341796875,False,False
CompCars,73/485/2009/4db32906b40267.jpg,800,567,RGB,84.5439453125,False,False
CompCars,109/1550/2012/484d7a179d9e58.jpg,800,567,RGB,104.4296875,False,False
CompCars,53/767/2014/74ab517e630f24.jpg,908,626,RGB,159.017578125,False,False
CompCars,108/1533/2009/fb82e289ebe059.jpg,800,567,RGB,95.435546875,False,False
CompCars,81/68/2013/8422400e418068.jpg,908,626,RGB,83.419921875,False,False
CompCars,146/1739/2014/cc1a76cdb60ca3.jpg,800,567,RGB,100.974609375,False,False
CompCars,106/1313/2013/647591b4ab8e56.jpg,800,417,RGB,93.32421875,False,False
CompCars,72/710/2010/19a202daa98cd6.jpg,800,567,RGB,59.0966796875,False,False
CompCars,159/1584/2011/43b6f10f416ce9.jpg,800,567,RGB,125.4326171875,False,False
CompCars,27/1068/2013/733651c4e486c7.jpg,800,552,RGB,34.9345703125,False,False
CompCars,110/1094/2013/736ba9140e94a5.jpg,908,626,RGB,63.4580078125,False,False
CompCars,131/1005/2014/ea4a2770afa16b.jpg,950,541,RGB,133.2275390625,False,False
CompCars,152/419/2010/c40ebfb52530ea.jpg,908,626,RGB,153.013671875,False,False
CompCars,27/1066/2010/0b8c488c40cc25.jpg,800,567,RGB,92.4677734375,False,False
CompCars,78/24/2011/e0d40422ae02e5.jpg,800,484,RGB,67.158203125,False,False
CompCars,73/506/2013/36e5720d212eb7.jpg,800,484,RGB,52.021484375,False,False
CompCars,69/1472/2013/1ee342cebae866.jpg,800,567,RGB,48.919921875,False,False
CompCars,150/387/2008/90b2f77f79de50.jpg,800,567,RGB,122.23828125,False,False
CompCars,136/1781/2012/ebde73132e186f.jpg,800,567,RGB,53.263671875,False,False
CompCars,110/1100/2006/3d155cbe051e2f.jpg,800,567,RGB,77.6201171875,False,False
CompCars,9/1114/2011/91e52334bf0927.jpg,800,567,RGB,66.5849609375,False,False
CompCars,132/1227/2013/83f41365683c6e.jpg,800,567,RGB,73.15625,False,False
CompCars,145/530/2015/67ba70f424836a.jpg,800,567,RGB,71.208984375,False,False
CompCars,39/1343/unknown/5b15758f4491d8.jpg,909,627,RGB,86.5107421875,False,False
CompCars,77/158/2014/e4c2f558426571.jpg,800,500,RGB,116.380859375,False,False
CompCars,80/952/2012/6021e999c3f478.jpg,800,552,RGB,138.5302734375,False,False
CompCars,77/154/2012/b834d8e7d71340.jpg,908,626,RGB,56.6083984375,False,False
CompCars,73/438/2014/0960bce5e21c90.jpg,800,567,RGB,140.4609375,False,False
CompCars,150/393/2008/3c3d6bc2dc0154.jpg,800,567,RGB,99.05859375,False,False
CompCars,159/1581/2010/d632989d0c56ee.jpg,800,567,RGB,74.5068359375,False,False
CompCars,149/1801/2013/231a42a72a226b.jpg,908,626,RGB,122.4833984375,False,False
CompCars,117/1174/2014/cf8517f0287c5c.jpg,908,626,RGB,102.7744140625,False,False
CompCars,29/1245/2014/661368dc54723b.jpg,908,626,RGB,133.4130859375,False,False
CompCars,69/1473/2011/182a92e2dd4f81.jpg,800,567,RGB,100.7392578125,False,False
CompCars,18/1048/2013/61b6f295f49a7d.jpg,908,626,RGB,72.5654296875,False,False
CompCars,4/516/2012/f07373d9849a27.jpg,908,626,RGB,91.96875,False,False
CompCars,100/214/2015/3580a20b14ef56.jpg,800,567,RGB,60.517578125,False,False
CompCars,142/1140/2010/72d9f189bbebf2.jpg,908,626,RGB,120.95703125,False,False
CompCars,122/588/2012/37f1c634f4264a.jpg,1024,718,RGB,81.1572265625,False,False
CompCars,157/1937/2011/5b2ec7be716119.jpg,908,626,RGB,117.2314453125,False,False
CompCars,39/1321/2009/bfb3dcb977b6d5.jpg,909,627,RGB,134.095703125,False,False
CompCars,75/1655/2007/510782c30c0b3c.jpg,800,567,RGB,118.681640625,False,False
CompCars,73/446/2013/31a13ef08ad23f.jpg,908,626,RGB,61.04296875,False,False
CompCars,77/158/2014/61779afbd6702c.jpg,908,626,RGB,87.7236328125,False,False
CompCars,81/70/2011/36009d99461cec.jpg,908,626,RGB,72.73828125,False,False
CompCars,109/1544/2013/a105f5bf7efb11.jpg,800,552,RGB,65.4765625,False,False
CompCars,81/114/2012/c8d6fb473f9eba.jpg,908,626,RGB,121.1201171875,False,False
CompCars,111/1722/2015/ce46f1d8e71c5a.jpg,800,567,RGB,66.91015625,False,False
CompCars,39/1321/2012/d8ae87b53f33a3.jpg,908,626,RGB,71.1513671875,False,False
CompCars,113/732/2013/d735a53ba9c6d0.jpg,908,626,RGB,152.51171875,False,False
CompCars,160/787/2009/5a7174e4928837.jpg,910,628,RGB,89.109375,False,False
CompCars,60/352/2013/c0d0fd7812cead.jpg,800,567,RGB,108.60546875,False,False
CompCars,131/1016/2014/73b83a5b99d12c.jpg,908,626,RGB,167.6689453125,False,False
CompCars,118/973/2013/2cc111bc11f35d.jpg,800,552,RGB,47.4013671875,False,False
CompCars,118/960/2009/8497cef57ce78a.jpg,906,627,RGB,141.2744140625,False,False
CompCars,152/405/2014/a4733d7c3b2496.jpg,800,417,RGB,76.58984375,False,False
CompCars,142/1135/2012/c8738e4b7d00a7.jpg,908,626,RGB,49.521484375,False,False
CompCars,81/103/2014/c3cbd6e789dfd3.jpg,908,626,RGB,183.8134765625,False,False
CompCars,58/339/2012/23baf19fc93b8b.jpg,908,626,RGB,105.6279296875,False,False
CompCars,102/254/2014/c0053cf8067232.jpg,800,498,RGB,57.9736328125,False,False
CompCars,145/529/2012/830248abc2f2e2.jpg,800,567,RGB,136.5185546875,False,False
CompCars,145/522/2013/16b759bdcc21d0.jpg,800,567,RGB,107.0380859375,False,False
CompCars,125/781/2004/2df4cf8bfb7156.jpg,908,626,RGB,91.6357421875,False,False
CompCars,81/88/2013/8073c9df472bfe.jpg,800,484,RGB,56.42578125,False,False
CompCars,73/491/2014/63061cc37676e4.jpg,800,567,RGB,71.7958984375,False,False
CompCars,73/498/2013/1ad6293c4c3daf.jpg,800,567,RGB,89.240234375,False,False
CompCars,27/1069/2011/5cf05cc21575b3.jpg,800,567,RGB,110.47265625,False,False
CompCars,160/792/2011/512638767d8f0e.jpg,800,567,RGB,91.0498046875,False,False
CompCars,78/1/2012/3041faff684c09.jpg,908,626,RGB,89.1181640625,False,False
CompCars,154/1063/2009/0e6d54e2b9ddfe.jpg,908,626,RGB,72.2548828125,False,False
CompCars,157/1914/2010/efd8ea0729ee4b.jpg,908,626,RGB,74.7783203125,False,False
CompCars,15/842/2013/207a52e855ce92.jpg,800,567,RGB,57.1708984375,False,False
CompCars,84/1965/2014/7f526a7d2be064.jpg,800,552,RGB,53.291015625,False,False
CompCars,137/1736/2013/fde4f2a0f9a9f2.jpg,800,567,RGB,61.8662109375,False,False
CompCars,51/1162/2013/24b317c896374e.jpg,800,567,RGB,170.638671875,False,False
CompCars,19/1898/2011/3cad476a1365c4.jpg,908,626,RGB,106.751953125,False,False
CompCars,102/267/2009/0dd668f538cf88.jpg,1024,718,RGB,121.72265625,False,False
CompCars,105/295/2010/668586a5a654c0.jpg,800,482,RGB,126.75390625,False,False
CompCars,158/1257/2012/f4cbf95a769e3e.jpg,800,552,RGB,75.8583984375,False,False
CompCars,54/201/2014/60d2eb45ed3f40.jpg,800,500,RGB,92.560546875,False,False
CompCars,102/260/2008/1dfb02136f2a1c.jpg,800,551,RGB,53.9560546875,False,False
CompCars,140/1189/2015/9a1c09b7803173.jpg,908,626,RGB,72.05078125,False,False
CompCars,159/1568/2014/8ef125d4d63114.jpg,908,626,RGB,78.31640625,False,False
CompCars,97/891/2012/184e505a03333b.jpg,800,567,RGB,83.556640625,False,False
CompCars,73/508/2010/8391fb1006fc68.jpg,908,609,RGB,151.798828125,False,False
CompCars,159/1575/2007/9938c6b2340331.jpg,800,567,RGB,105.9736328125,False,False
CompCars,75/1659/2013/179f8ea33570cb.jpg,800,567,RGB,62.5146484375,False,False
CompCars,77/128/2014/a8dfc414873625.jpg,908,626,RGB,85.1640625,False,False
CompCars,101/821/2014/22eb648adf8637.jpg,908,626,RGB,115.9267578125,False,False
CompCars,100/226/2002/9d888647488465.jpg,800,567,RGB,106.7587890625,False,False
CompCars,5/1042/2010/24b578d98376e4.jpg,800,567,RGB,106.2578125,False,False
CompCars,135/945/2012/cd783c12dcc12b.jpg,800,567,RGB,54.234375,False,True
CompCars,72/716/2008/da31aa563bf248.jpg,800,567,RGB,77.876953125,False,False
CompCars,75/1651/2012/f408a3e771cadf.jpg,800,567,RGB,108.05859375,False,False
CompCars,95/913/2013/1a996a94568133.jpg,908,626,RGB,81.009765625,False,False
CompCars,77/157/2013/29134ef50468ae.jpg,800,567,RGB,71.00390625,False,False
CompCars,102/268/2013/c405dd1cf1351f.jpg,908,626,RGB,119.6064453125,False,False
CompCars,140/1199/2011/d6f9a25efdeffc.jpg,908,626,RGB,67.3271484375,False,False
CompCars,146/1742/2015/d9a98f14bd163d.jpg,800,552,RGB,117.2880859375,False,False
CompCars,132/1229/2010/9de60136140cb6.jpg,908,626,RGB,125.06640625,False,False
CompCars,134/642/2014/fcd7f923287608.jpg,908,626,RGB,175.6865234375,False,False
CompCars,162/1620/2010/69cbb56d94b57f.jpg,909,627,RGB,69.044921875,False,False
CompCars,100/211/2012/b294f935712384.jpg,908,626,RGB,76.27734375,False,False
CompCars,53/766/2014/cf99f045f7bdec.jpg,800,567,RGB,187.498046875,False,False
CompCars,122/586/2009/6c3361d7e0b3dc.jpg,800,484,RGB,58.037109375,False,False
CompCars,75/1665/2010/0632b5369c0882.jpg,800,567,RGB,83.138671875,False,False
CompCars,114/1445/2010/e6de8fdebefcd2.jpg,908,626,RGB,82.8076171875,False,False
CompCars,43/1899/2014/020479d6ae3449.jpg,800,567,RGB,77.6005859375,False,False
CompCars,81/105/2011/9378ba2872f600.jpg,908,626,RGB,65.986328125,False,False
CompCars,78/27/2009/0c8ea6631f1d4b.jpg,908,626,RGB,86.0859375,False,False
CompCars,103/1851/2013/ad76694503e2d5.jpg,800,567,RGB,92.9599609375,False,False
CompCars,39/1332/2009/dd2c9556042ec1.jpg,800,567,RGB,87.9765625,False,False
CompCars,76/367/2009/300e2b5f6f959e.jpg,909,627,RGB,73.44921875,False,False
CompCars,163/722/2011/cbd374be0eabf1.jpg,800,552,RGB,66.82421875,False,False
CompCars,159/1570/2014/5570cebd5561b1.jpg,800,567,RGB,102.5869140625,False,False
CompCars,105/308/2013/375aedf9c880e9.jpg,800,552,RGB,96.5537109375,False,False
CompCars,145/527/2002/aa466182738d88.jpg,800,567,RGB,123.625,False,False
CompCars,97/852/2011/cca09768daf408.jpg,908,626,RGB,89.482421875,False,False
CompCars,152/398/2012/de7a8362923713.jpg,800,567,RGB,68.1748046875,False,False
CompCars,50/1121/2009/765ea28d309ef6.jpg,800,567,RGB,108.0830078125,False,False
CompCars,158/1259/2012/1f410e4e709d7c.jpg,908,626,RGB,80.3173828125,False,False
CompCars,35/555/2014/1447a9233a75cd.jpg,800,552,RGB,113.373046875,False,False
CompCars,97/905/2015/52e81ef2e272eb.jpg,800,567,RGB,72.2197265625,False,False
CompCars,118/973/2013/f756f48d0cf6d1.jpg,800,567,RGB,84.236328125,False,False
CompCars,44/1764/2010/fd9710ceb36c5a.jpg,800,567,RGB,32.576171875,False,False
CompCars,15/827/2009/0b9855ee5a933e.jpg,908,626,RGB,188.1826171875,False,False
CompCars,55/1596/2014/816d47cef583a5.jpg,800,484,RGB,112.447265625,False,False
CompCars,75/1667/2012/94afbe036aee9c.jpg,950,541,RGB,64.109375,False,False
CompCars,122/586/2013/50ed9e824e333f.jpg,1024,718,RGB,86.333984375,False,False
CompCars,29/1245/2014/125834b6807a47.jpg,800,567,RGB,56.7666015625,False,False
CompCars,57/1606/2013/1eef8dbf7dc815.jpg,800,567,RGB,133.1162109375,False,False
CompCars,73/470/2015/364dc8fd3a3162.jpg,800,552,RGB,47.494140625,False,False
CompCars,114/1446/2010/36615ec3057c2c.jpg,908,626,RGB,72.3212890625,False,False
CompCars,145/532/2010/c0bffa67deaf9a.jpg,909,627,RGB,65.2373046875,False,False
CompCars,142/1142/2011/b9d7e84280f0bb.jpg,800,567,RGB,116.2080078125,False,False
CompCars,35/558/2010/710b768b6cf8a8.jpg,908,626,RGB,139.568359375,False,False
CompCars,78/38/2013/2547c3f81175bd.jpg,800,567,RGB,90.861328125,False,False
CompCars,75/1660/2011/9eb38dcfbe46fd.jpg,908,626,RGB,70.11328125,False,False
CompCars,81/96/2012/0d8fbae88ec760.jpg,1024,718,RGB,94.0419921875,False,False
CompCars,71/691/2014/3e78beb3b4f627.jpg,800,552,RGB,68.9775390625,False,False
CompCars,158/1283/2008/358cb527fcd371.jpg,800,567,RGB,87.3583984375,False,False
CompCars,162/1637/2014/4b723ecb2618bc.jpg,800,484,RGB,55.1591796875,False,False
CompCars,159/1570/2013/3aef7017a5304c.jpg,908,626,RGB,263.275390625,False,False
CompCars,97/865/2006/d28d6464355af3.jpg,800,567,RGB,50.8720703125,False,False
CompCars,81/72/2011/e3ca325d3712e2.jpg,908,626,RGB,66.646484375,False,False
CompCars,92/746/2013/0e8496943ea41a.jpg,908,626,RGB,51.23046875,False,False
CompCars,77/158/2014/121e0c3919f9fa.jpg,908,626,RGB,138.6240234375,False,False
CompCars,163/718/2012/580057dcad5bcd.jpg,800,552,RGB,82.177734375,False,False
CompCars,143/1837/2014/1394dd0077fabf.jpg,800,567,RGB,79.1806640625,False,False
CompCars,61/349/2015/86370a2dcf1946.jpg,800,567,RGB,136.359375,False,False
CompCars,97/859/2010/a88da2523c024b.jpg,908,626,RGB,127.5771484375,False,False
CompCars,108/1516/2011/72ae46ad4dd0e7.jpg,1024,718,RGB,93.615234375,False,False
CompCars,103/1843/2013/e7cd4beb802299.jpg,800,552,RGB,131.505859375,False,False
CompCars,162/1611/2014/0cf5c3d83a517d.jpg,800,567,RGB,93.697265625,False,False
CompCars,54/194/2013/8c9a67df38b0ca.jpg,908,626,RGB,112.4169921875,False,False
CompCars,11/742/2015/2913e5f40f04b7.jpg,800,567,RGB,104.8896484375,False,False
CompCars,89/1785/2007/39f1076133cc98.jpg,800,567,RGB,104.6259765625,False,False
CompCars,108/1524/2011/db4a2f6cea8d59.jpg,800,517,RGB,94.939453125,False,False
CompCars,69/1472/2012/26d1c502f50e83.jpg,800,567,RGB,57.9208984375,False,False
CompCars,102/258/2014/138fc2e5feece7.jpg,800,567,RGB,88.4736328125,False,False
CompCars,39/1358/2014/0de5134108b54e.jpg,908,626,RGB,42.58984375,False,False
CompCars,37/1983/2013/a12a290ed1db44.jpg,1024,718,RGB,105.9375,False,False
CompCars,28/1882/2015/b8b5aec5992eba.jpg,800,552,RGB,71.193359375,False,False
CompCars,159/1577/2011/5e98254d426cf2.jpg,908,627,RGB,86.41015625,False,False
CompCars,38/1954/2011/c1f5189bc37831.jpg,908,626,RGB,66.34765625,False,False
CompCars,94/1231/2014/24441761bbe040.jpg,908,626,RGB,58.3466796875,False,True
CompCars,157/1915/2011/b91476a5c53b5c.jpg,908,626,RGB,69.5791015625,False,False
CompCars,143/1841/2014/00b77dc1bf69d2.jpg,800,567,RGB,55.5107421875,False,False
CompCars,33/576/2011/f289656398c2ad.jpg,800,552,RGB,87.703125,False,False
CompCars,100/212/2015/4809de64bd9d26.jpg,800,567,RGB,72.904296875,False,False
CompCars,126/1461/2009/c2d47d779a3173.jpg,800,567,RGB,95.091796875,False,False
CompCars,85/376/2009/6687448d13bd03.jpg,800,552,RGB,28.4052734375,False,False
CompCars,97/883/2015/ee01a434e6cce6.jpg,800,567,RGB,75.5556640625,False,False
CompCars,158/1258/2014/20caae8ee67005.jpg,908,626,RGB,78.6181640625,False,False
CompCars,38/1954/2011/6588df03f416eb.jpg,908,626,RGB,94.8701171875,False,False
CompCars,59/355/2012/2e79775c5a3084.jpg,800,552,RGB,66.287109375,False,False
CompCars,39/1329/2011/a837895b8af51a.jpg,908,626,RGB,140.17578125,False,False
CompCars,78/26/2014/7220593b817f6c.jpg,908,626,RGB,73.2978515625,False,False
CompCars,73/498/2013/28cfe95a321d21.jpg,908,626,RGB,96.0751953125,False,False
CompCars,153/1749/2014/e7ee097b01b923.jpg,908,626,RGB,63.2509765625,False,False
CompCars,122/631/2013/cfe364357704de.jpg,908,626,RGB,106.140625,False,False
CompCars,94/1235/2014/9b2b4c748eb379.jpg,800,567,RGB,64.998046875,False,False
CompCars,54/189/2008/9e81313a0520df.jpg,909,627,RGB,107.26953125,False,False
CompCars,157/1907/2012/66005c365aa8a1.jpg,908,626,RGB,197.775390625,False,False
CompCars,134/656/2013/89ed4951f1183c.jpg,800,567,RGB,124.5390625,False,False
CompCars,145/519/2011/b2f6150a0b1b08.jpg,908,626,RGB,99.857421875,False,False
CompCars,149/1793/2011/50afaac1d3ac6c.jpg,908,626,RGB,69.9365234375,False,False
CompCars,89/1789/2010/f80caa05e9bf4f.jpg,800,567,RGB,116.6943359375,False,False
CompCars,142/1138/2011/f9eb35733c148d.jpg,908,626,RGB,172.0517578125,False,False
CompCars,59/361/2011/c67d8dcd2ce89a.jpg,800,567,RGB,77.7451171875,False,False
CompCars,77/126/2010/027c8bcc7810ef.jpg,908,626,RGB,111.1923828125,False,False
CompCars,45/1032/2013/dd6dcd3070d674.jpg,800,417,RGB,63.2294921875,False,False
CompCars,100/252/2013/e5f23523c82900.jpg,800,500,RGB,85.6953125,False,False
CompCars,11/741/2012/b11274e1c2ba8b.jpg,800,567,RGB,191.0498046875,False,False
CompCars,69/1497/2010/5fbc615e0b699f.jpg,800,567,RGB,133.7529296875,False,False
CompCars,73/479/2009/fc975cba78f190.jpg,800,567,RGB,54.771484375,False,False
CompCars,118/965/2006/dc6fcbb9d24f1f.jpg,800,567,RGB,95.8505859375,False,False
CompCars,109/1550/2012/9fa0dfae28aa4f.jpg,908,626,RGB,57.3134765625,False,False
CompCars,119/1819/2012/5ca896866d0160.jpg,800,567,RGB,89.2451171875,False,False
CompCars,148/1556/2011/6ac40f284ecc79.jpg,800,567,RGB,43.8525390625,False,False
CompCars,158/1287/2009/13901df0420c53.jpg,1024,718,RGB,175.70703125,False,False
CompCars,111/1701/2011/30cd33d56d5d91.jpg,908,626,RGB,147.5146484375,False,False
CompCars,127/1178/2014/cae772c8295b20.jpg,800,552,RGB,75.3017578125,False,False
CompCars,78/27/2009/95b111def578fb.jpg,908,626,RGB,134.826171875,False,False
CompCars,134/645/2011/0020e32dc11f51.jpg,908,626,RGB,61.9248046875,False,False
CompCars,149/1818/2010/06e60c0bacc3c9.jpg,800,498,RGB,93.44140625,False,False
CompCars,152/405/2014/029acfcb670daf.jpg,800,567,RGB,86.390625,False,False
CompCars,136/1780/2012/5ddee6d182013a.jpg,800,567,RGB,58.33984375,False,False
CompCars,150/396/2012/c8b35c5ffe5985.jpg,908,626,RGB,67.115234375,False,False
CompCars,78/65/2013/5ad983a5fac85d.jpg,908,626,RGB,79.1201171875,False,False
CompCars,64/1452/2013/e40d1f1a906bce.jpg,800,567,RGB,56.2158203125,False,False
CompCars,118/982/2013/a983e9f9b52761.jpg,800,567,RGB,106.0478515625,False,False
CompCars,81/71/2011/e4a143cf22045e.jpg,786,437,RGB,45.9619140625,False,False
CompCars,35/563/2014/a3fe118585a687.jpg,800,567,RGB,66.732421875,False,False
CompCars,149/1796/2010/c784a6424b49f7.jpg,908,626,RGB,152.7919921875,False,False
CompCars,71/689/2012/c71dc1eacc41e8.jpg,908,626,RGB,58.8095703125,False,False
CompCars,131/1024/2015/1b92578934f382.jpg,800,552,RGB,157.12890625,False,False
CompCars,39/1328/2013/bedbca090d0d8d.jpg,908,626,RGB,65.05078125,False,False
CompCars,55/1593/2009/835f52ee6956d4.jpg,909,627,RGB,123.3603515625,False,False
CompCars,77/136/2013/b9e86ce2859861.jpg,800,567,RGB,70.6650390625,False,False
CompCars,38/1950/2012/4cb2cd1ff3480c.jpg,1024,718,RGB,124.6357421875,False,False
CompCars,136/1781/2012/9969c8c03ca6e2.jpg,800,567,RGB,48.8818359375,False,False
CompCars,39/1327/2005/85d41cd0855e1a.jpg,640,447,RGB,75.875,False,False
CompCars,73/444/2010/355b507a8a2d4b.jpg,908,626,RGB,76.3544921875,False,False
CompCars,75/1678/2012/f806d68f3c8a4e.jpg,800,567,RGB,73.443359375,False,False
CompCars,84/1971/2012/23e47a09903b1a.jpg,800,567,RGB,74.0,False,False
CompCars,118/984/2012/3ec1371559b1a6.jpg,800,567,RGB,156.2890625,False,False
CompCars,48/322/2011/0687557716c3c8.jpg,908,626,RGB,58.9384765625,False,False
CompCars,54/194/2013/901e2415769f60.jpg,800,567,RGB,65.3984375,False,False
CompCars,112/670/2014/16dd1980db0511.jpg,800,567,RGB,68.55078125,False,False
CompCars,102/280/2014/83cfa9824e5c4e.jpg,908,626,RGB,58.287109375,False,False
CompCars,120/1686/2012/a052c3a2a6040f.jpg,800,567,RGB,106.064453125,False,False
CompCars,38/1956/2010/d93101bf63d714.jpg,908,626,RGB,75.517578125,False,False
CompCars,77/150/2013/406968db4a2955.jpg,908,626,RGB,55.453125,False,False
CompCars,157/1917/2013/b23c3e1509f5b9.jpg,800,484,RGB,57.2294921875,False,False
CompCars,78/13/2014/126b2b97d1a683.jpg,800,567,RGB,44.62890625,False,False
CompCars,157/1921/2013/c6fa2b88e2b175.jpg,800,567,RGB,109.5693359375,False,False
CompCars,15/830/2009/ee7c9fcf02f774.jpg,800,567,RGB,104.5595703125,False,False
CompCars,50/1131/2014/559a186342b7f1.jpg,908,626,RGB,115.07421875,False,False
CompCars,102/280/2014/7a8292b2a495a1.jpg,800,567,RGB,63.021484375,False,False
CompCars,81/118/2013/9557e9ae81a8b6.jpg,908,626,RGB,57.7158203125,False,False
CompCars,157/1907/2011/ea5d6478d9693c.jpg,908,626,RGB,118.9521484375,False,False
CompCars,162/1620/2012/001370cee43749.jpg,800,567,RGB,83.744140625,False,False
CompCars,50/1132/2007/eebc2ccad5c82f.jpg,800,567,RGB,79.111328125,False,False
CompCars,77/127/2010/03d12f749ee8bb.jpg,908,626,RGB,59.17578125,False,False
CompCars,75/1661/2013/5104d593ab0b55.jpg,800,552,RGB,106.880859375,False,False
CompCars,53/771/2010/aafebfed628242.jpg,800,567,RGB,75.6298828125,False,False
CompCars,75/1652/2009/df3f98335a2715.jpg,800,567,RGB,106.1806640625,False,False
CompCars,140/1203/2011/62d35f4ccc014b.jpg,800,567,RGB,143.2666015625,False,False
CompCars,55/1594/2014/4761a0b6eb3dd8.jpg,900,567,RGB,74.7998046875,False,False
CompCars,142/1135/2013/483d835660e6a2.jpg,908,626,RGB,201.1474609375,False,False
CompCars,37/1988/2010/2e0278e7d3cf52.jpg,800,567,RGB,128.087890625,False,False
CompCars,15/828/2011/1556b4ca98d423.jpg,908,626,RGB,74.6826171875,False,False
CompCars,97/858/2008/aec8b142c7ef02.jpg,800,567,RGB,57.130859375,False,False
CompCars,55/1591/2011/6e7200c354ec67.jpg,800,552,RGB,65.955078125,False,False
CompCars,116/1151/2014/f7ad2ff4a0ebeb.jpg,800,500,RGB,121.4248046875,False,False
CompCars,73/502/2015/961f1b967bbfdc.jpg,908,626,RGB,130.7177734375,False,False
CompCars,159/1565/2014/697fa33132e15f.jpg,908,626,RGB,96.0302734375,False,False
CompCars,149/1798/2009/7b8bd86108a90d.jpg,909,627,RGB,139.2666015625,False,False
CompCars,87/672/2013/1e259401ae325e.jpg,908,626,RGB,177.5380859375,False,False
CompCars,108/1521/2013/97adef9cec5f9e.jpg,908,626,RGB,96.255859375,False,False
CompCars,27/1088/2009/2c52d8ea744a2b.jpg,800,567,RGB,66.955078125,False,False
CompCars,157/1917/2011/dfee53edd188e0.jpg,800,484,RGB,67.1259765625,False,False
CompCars,94/1237/2009/1478c37a98f4c2.jpg,908,626,RGB,72.8623046875,False,False
CompCars,95/913/2013/a99f21cf45f8ea.jpg,908,626,RGB,66.9462890625,False,False
CompCars,159/1569/2010/52b50d2c43ca47.jpg,800,567,RGB,120.2578125,False,False
CompCars,92/749/2010/2076615ed62ebb.jpg,800,567,RGB,67.8017578125,False,False
CompCars,97/906/2014/7d7f225ee7a7b9.jpg,800,567,RGB,63.3125,False,False
CompCars,15/835/2013/72d19407fc43fa.jpg,800,567,RGB,58.9619140625,False,False
CompCars,73/490/2014/02207cf6ceeed3.jpg,800,567,RGB,101.7314453125,False,False
CompCars,118/987/2014/ef2503b4e2dcd3.jpg,800,567,RGB,58.30859375,False,False
CompCars,75/1660/2014/bc3b7329f52877.jpg,800,567,RGB,60.4775390625,False,False
CompCars,75/1672/2014/b89eac5cfeebf8.jpg,800,417,RGB,76.73828125,False,False
CompCars,102/259/2012/15f7d6165802f9.jpg,908,626,RGB,56.048828125,False,False
CompCars,120/1688/2011/c6863b2acd90da.jpg,800,552,RGB,74.7060546875,False,False
CompCars,118/979/2012/9bc2cbeecc2005.jpg,800,567,RGB,54.515625,False,False
CompCars,158/1287/2009/9e124077fdbb21.jpg,909,626,RGB,78.232421875,False,False
CompCars,27/1064/2015/3fec5dbc0bb523.jpg,800,567,RGB,81.6728515625,False,False
CompCars,81/102/2010/f703c4ac50f9c8.jpg,908,626,RGB,144.3408203125,False,False
CompCars,73/466/2014/3490bc675d5f1e.jpg,908,626,RGB,109.0615234375,False,False
CompCars,73/501/2013/678e177fd98f60.jpg,908,626,RGB,63.080078125,False,False
CompCars,7/683/2010/0a46f9fd68f92d.jpg,800,567,RGB,137.7001953125,False,False
CompCars,157/1920/2011/a19546e69a509f.jpg,908,626,RGB,145.8671875,False,False
CompCars,162/1609/2014/df02be79102157.jpg,800,567,RGB,76.8974609375,False,False
CompCars,78/18/2009/81f0bf8b4f3ee9.jpg,800,567,RGB,55.6162109375,False,False
CompCars,157/1915/2010/41927607bbd61d.jpg,800,484,RGB,49.7041015625,False,False
CompCars,95/919/2010/4c625f2342f702.jpg,908,626,RGB,193.126953125,False,False
CompCars,38/1956/2010/b2642947dad93e.jpg,800,567,RGB,111.65234375,False,False
CompCars,150/385/2014/84157aa4192cca.jpg,800,484,RGB,96.6943359375,False,False
CompCars,152/401/2014/6b61ac01139392.jpg,800,567,RGB,138.810546875,False,False
CompCars,77/133/2014/1015f7c8a249de.jpg,800,502,RGB,53.1669921875,False,False
CompCars,81/99/2012/a5fb553290e76b.jpg,906,626,RGB,81.54296875,False,False
CompCars,148/1554/2011/ef1ecf98c8960e.jpg,800,567,RGB,67.640625,False,False
CompCars,149/1790/2012/dd45347de31486.jpg,908,626,RGB,81.4248046875,False,False
CompCars,111/1707/2013/30ee11a24a9499.jpg,904,623,RGB,67.62109375,False,False
CompCars,145/518/2011/5335c684617aaa.jpg,908,627,RGB,125.0673828125,False,False
CompCars,87/680/2014/663df03820639a.jpg,1024,718,RGB,163.55859375,False,False
CompCars,104/851/2012/b4ae0edac4eac1.jpg,800,484,RGB,60.658203125,False,False
CompCars,69/1475/2012/244409055f0343.jpg,800,552,RGB,86.498046875,False,False
CompCars,155/814/2013/111d33854f2975.jpg,800,567,RGB,125.8046875,False,False
CompCars,138/1412/2014/3dc7922e440bea.jpg,1024,718,RGB,122.501953125,False,False
CompCars,159/1572/2011/c5933a07853d84.jpg,800,567,RGB,110.3056640625,False,False
CompCars,123/1396/2014/079776114d5a85.jpg,800,484,RGB,82.28125,False,False
CompCars,122/596/2013/9417d1892db68e.jpg,800,567,RGB,66.1357421875,False,False
CompCars,97/872/2015/5ccc3f5ea77306.jpg,908,626,RGB,98.6748046875,False,False
CompCars,53/770/2010/23db373f84a4d3.jpg,908,626,RGB,119.876953125,False,False
CompCars,53/767/2013/aceae80680b85d.jpg,908,626,RGB,75.189453125,False,False
CompCars,77/185/2012/caf16666df8aeb.jpg,800,484,RGB,59.771484375,False,False
CompCars,131/1023/2013/f9afbdeccfe6fe.jpg,800,552,RGB,87.201171875,False,False
CompCars,57/1606/2015/feab3418d96843.jpg,800,567,RGB,50.4453125,False,False
CompCars,157/1907/2013/1cbd73b4ba45b3.jpg,800,567,RGB,70.283203125,False,False
CompCars,78/14/2013/d9254e13ba24cb.jpg,800,567,RGB,85.1357421875,False,False
CompCars,102/262/2014/7c9cd8b8c8fb64.jpg,908,626,RGB,90.8720703125,False,False
CompCars,77/139/2013/c24f6f925c0c43.jpg,908,626,RGB,124.3173828125,False,False
CompCars,77/134/2012/b07c3f6679c9dc.jpg,800,567,RGB,203.439453125,False,False
CompCars,81/108/2012/d3ebaf31d90f21.jpg,908,626,RGB,61.1728515625,False,False
CompCars,160/791/2012/3734646f8e7561.jpg,800,567,RGB,118.9375,False,False
CompCars,110/1093/2015/f25bd50dd92705.jpg,800,567,RGB,65.6708984375,False,False
CompCars,155/811/2009/a9fdbdf98889f4.jpg,909,627,RGB,65.13671875,False,False
CompCars,152/403/2011/45d2b0ea6872ed.jpg,908,626,RGB,63.6396484375,False,False
CompCars,54/196/2013/bf9be445f948cc.jpg,908,626,RGB,66.1455078125,False,False
CompCars,132/1226/2012/557080358fcfc0.jpg,800,552,RGB,131.6005859375,False,False
CompCars,48/326/2014/7539d42c0c92cb.jpg,908,626,RGB,97.8818359375,False,False
CompCars,84/1962/2014/c3100ee1079cf9.jpg,908,626,RGB,120.0341796875,False,False
CompCars,73/470/2015/b018140b48813d.jpg,800,552,RGB,47.423828125,False,False
CompCars,122/640/2013/f41dd68865a100.jpg,908,626,RGB,98.6953125,False,False
CompCars,27/1066/2010/2929b87903992a.jpg,800,567,RGB,102.6142578125,False,False
CompCars,137/1736/2013/668daf1c342cc5.jpg,800,567,RGB,53.0224609375,False,False
CompCars,71/688/2010/ccdae450104052.jpg,908,626,RGB,58.1728515625,False,False
CompCars,73/503/2013/a71522df14af8b.jpg,908,626,RGB,82.79296875,False,False
CompCars,71/689/2010/b530763b4d6a05.jpg,908,627,RGB,147.4990234375,False,False
CompCars,78/3/2014/f1a4114af9b319.jpg,1000,695,RGB,72.0263671875,False,False
CompCars,67/1699/2009/ebd2e2d63def5d.jpg,908,626,RGB,117.8603515625,False,False
CompCars,54/195/2010/a3a80bfb5c537a.jpg,908,626,RGB,83.5302734375,False,False
CompCars,14/1829/2012/9dd328054ea2ad.jpg,800,567,RGB,92.8505859375,False,False
CompCars,122/590/2012/c997cae0dd7507.jpg,800,484,RGB,85.009765625,False,False
CompCars,100/252/2013/8d0c91bad83298.jpg,800,567,RGB,60.90625,False,False
CompCars,69/1475/2012/19e32f2f685535.jpg,800,552,RGB,75.7060546875,False,False
CompCars,142/1134/2011/4bd2d99a909008.jpg,908,626,RGB,96.6982421875,False,False
CompCars,31/543/2015/55dc3e7653db6a.jpg,800,567,RGB,50.708984375,False,False
CompCars,132/1228/2013/bee222cf715279.jpg,800,567,RGB,64.90234375,False,False
CompCars,140/1181/2012/2dc394cbeaf97b.jpg,800,484,RGB,70.5478515625,False,False
CompCars,97/877/2012/e0ba714f993675.jpg,800,567,RGB,138.46484375,False,False
CompCars,102/256/2010/47779c77d393a3.jpg,908,626,RGB,116.39453125,False,False
CompCars,114/1444/2013/96c51d30e490a1.jpg,908,626,RGB,267.1953125,False,False
CompCars,78/14/2013/396b5232411673.jpg,800,567,RGB,111.5869140625,False,False
CompCars,155/814/2013/500a69f1f99c55.jpg,800,500,RGB,49.4326171875,False,False
CompCars,81/92/2014/a684c321483227.jpg,908,626,RGB,137.9873046875,False,False
CompCars,160/797/2013/8235b570d5e16d.jpg,908,626,RGB,97.94921875,False,False
CompCars,122/618/2013/ebf13307caeba9.jpg,908,626,RGB,75.087890625,False,False
CompCars,81/69/2014/645e79f063cb62.jpg,908,626,RGB,41.5751953125,False,True
CompCars,77/138/2014/e84d35972e1eca.jpg,908,626,RGB,69.927734375,False,False
CompCars,33/580/2013/57d89a99869ed4.jpg,800,552,RGB,51.990234375,False,False
CompCars,154/1059/2013/268d618bced2ff.jpg,800,567,RGB,60.458984375,False,False
CompCars,69/1479/2013/c7537b68c2dbd3.jpg,908,626,RGB,89.1845703125,False,False
CompCars,73/501/2010/e8d10b86e3e351.jpg,908,626,RGB,100.86328125,False,False
CompCars,84/1966/2012/597f7e88bf94d1.jpg,800,567,RGB,109.7421875,False,False
CompCars,154/1052/2013/05925f170b8dc2.jpg,800,370,RGB,75.068359375,False,False
CompCars,5/1041/2007/92baf56732729b.jpg,800,567,RGB,76.0703125,False,False
CompCars,78/48/2011/5ccde0d71047e7.jpg,800,567,RGB,96.796875,False,False
CompCars,38/1957/2011/3a4913c684ff48.jpg,908,626,RGB,90.623046875,False,False
CompCars,150/377/2011/71ee4ec6ab50ae.jpg,800,567,RGB,100.0546875,False,False
CompCars,146/1745/2014/fb7659684f699c.jpg,800,567,RGB,51.814453125,False,False
CompCars,148/1556/2012/226e6743bd5c6c.jpg,800,552,RGB,49.8876953125,False,True
CompCars,104/851/2012/d7524b6ffb53b8.jpg,908,626,RGB,96.314453125,False,False
CompCars,145/529/2012/b78324c8258165.jpg,800,567,RGB,54.8720703125,False,False
CompCars,41/762/2012/a1e6f443af7949.jpg,800,567,RGB,73.47265625,False,False
CompCars,97/856/2010/f935d0a9e25a78.jpg,908,626,RGB,123.2822265625,False,False
CompCars,39/1326/2014/4368f5d8f7a7d8.jpg,908,626,RGB,88.03515625,False,False
CompCars,155/811/2009/1855323f6df496.jpg,909,627,RGB,126.7646484375,False,False
CompCars,69/1488/2014/513a95ad8ce29e.jpg,800,484,RGB,92.6435546875,False,False
CompCars,39/1374/2011/15527a1f5e2743.jpg,908,626,RGB,148.38671875,False,False
CompCars,84/1971/2012/e4544327c3a812.jpg,800,484,RGB,58.6826171875,False,False
CompCars,77/124/2011/c40dfcaad40ae0.jpg,908,626,RGB,62.19921875,False,False
CompCars,55/1595/2013/af57196ac4bfab.jpg,800,567,RGB,112.86328125,False,False
CompCars,105/302/2013/9854cd9b02fd34.jpg,800,417,RGB,76.4384765625,False,False
CompCars,145/524/2013/4ac654e371ef18.jpg,800,567,RGB,91.017578125,False,False
CompCars,152/410/2012/d389b00624fb5c.jpg,800,484,RGB,60.369140625,False,False
CompCars,73/468/2011/a15f0df03c0d0e.jpg,950,541,RGB,70.6279296875,False,False
CompCars,78/4/2015/581491b8664644.jpg,800,499,RGB,98.0673828125,False,False
CompCars,68/933/2011/695f4c87525742.jpg,908,626,RGB,82.5068359375,False,False
CompCars,26/1692/2015/ff8ec83fa794d3.jpg,908,626,RGB,61.6826171875,False,False
CompCars,81/105/2012/0bc2d47e27964d.jpg,908,626,RGB,143.0859375,False,False
CompCars,152/411/2013/ce80a2de46c532.jpg,908,626,RGB,53.466796875,False,False
CompCars,50/1129/2012/bc50321d03ac79.jpg,800,567,RGB,78.1875,False,True
CompCars,58/342/2012/965ce6fbcd0076.jpg,800,484,RGB,48.171875,False,False
CompCars,100/214/2015/b6584f1480ead2.jpg,800,567,RGB,87.587890625,False,False
CompCars,122/590/2012/b6ce7778b7d139.jpg,908,626,RGB,66.7119140625,False,False
CompCars,131/1024/2015/7552b17d7110a4.jpg,800,567,RGB,79.1083984375,False,False
CompCars,30/1895/2010/5c61383000ef76.jpg,800,567,RGB,99.107421875,False,False
CompCars,100/213/2014/f813c6b8c543fd.jpg,908,626,RGB,99.783203125,False,False
CompCars,150/396/2015/a74de88dbaf79e.jpg,800,567,RGB,52.599609375,False,False
CompCars,53/766/2014/275a5b86e9c639.jpg,800,567,RGB,55.5498046875,False,False
CompCars,150/384/2013/ca7c9e176c49f0.jpg,908,626,RGB,98.7646484375,False,False
CompCars,105/297/2010/f2cd0499da91a7.jpg,908,626,RGB,136.37890625,False,False
CompCars,120/1686/2012/22c469509d8283.jpg,908,626,RGB,69.1259765625,False,False
CompCars,54/188/2013/16023f127a2925.jpg,908,626,RGB,69.3935546875,False,False
CompCars,78/19/2013/c8440f1632f4c3.jpg,908,626,RGB,96.3427734375,False,False
CompCars,157/1941/2002/34cbbd213dda70.jpg,800,567,RGB,82.720703125,False,False
CompCars,117/1168/2014/d4959aa7fc1e3d.jpg,800,567,RGB,125.2451171875,False,False
CompCars,51/1162/2013/ca39bfaa2a0749.jpg,800,567,RGB,115.8271484375,False,False
CompCars,136/1783/2010/b98fdf92ef476a.jpg,908,626,RGB,82.4072265625,False,False
CompCars,123/1401/2011/def0dbba4951d6.jpg,800,567,RGB,98.0126953125,False,False
CompCars,118/976/2008/b260917edd9e05.jpg,800,567,RGB,143.041015625,False,False
CompCars,100/247/2010/e58eba7bc61f70.jpg,800,567,RGB,89.47265625,False,False
CompCars,75/1661/2013/7a4e8be69da93c.jpg,800,567,RGB,101.8017578125,False,False
CompCars,97/891/2012/78c63038330565.jpg,908,626,RGB,80.1044921875,False,False
CompCars,95/911/2010/fcad43259cf823.jpg,908,626,RGB,83.830078125,False,False
CompCars,157/1915/2013/13fd89b4c0d006.jpg,800,484,RGB,56.4228515625,False,False
CompCars,28/1885/2013/56bb0ca51d0aa4.jpg,908,626,RGB,76.21484375,False,False
CompCars,140/1190/2011/c7ef0afa4f26fd.jpg,908,626,RGB,73.19140625,False,False
CompCars,162/1613/2012/53fd5695137b60.jpg,800,484,RGB,46.9892578125,False,False
CompCars,123/1402/2012/b2ded18e135b45.jpg,800,567,RGB,93.171875,False,False
CompCars,39/1328/2013/dffe08f9e9b4d1.jpg,800,567,RGB,71.55859375,False,False
CompCars,77/164/2011/4865ea2f6d7054.jpg,800,552,RGB,61.267578125,False,False
CompCars,77/144/2014/93f03d8a85e393.jpg,800,484,RGB,64.5849609375,False,False
CompCars,80/952/2012/a7cfc9634cf441.jpg,800,552,RGB,78.4423828125,False,False
CompCars,160/791/2012/90c735d2a2ffd6.jpg,800,567,RGB,110.564453125,False,False
CompCars,29/1245/2014/40bdd5671a05b1.jpg,908,626,RGB,140.0439453125,False,False
CompCars,15/842/2013/aac8fefc9d9e4d.jpg,800,567,RGB,55.07421875,False,False
CompCars,140/1183/2014/0681b8fb08f9fd.jpg,800,567,RGB,62.333984375,False,False
CompCars,108/1527/2014/c9e1940a643472.jpg,800,567,RGB,56.072265625,False,False
CompCars,7/683/2013/e4c3c7e7e6bb6c.jpg,800,567,RGB,110.0576171875,False,False
CompCars,77/147/2013/97c532968111a9.jpg,904,623,RGB,95.5556640625,False,False
CompCars,4/510/2014/2b62261b1b7a91.jpg,800,567,RGB,62.3037109375,False,False
CompCars,132/1229/2008/2628e099efd9b8.jpg,909,627,RGB,150.3701171875,False,False
CompCars,117/1169/2013/30b16403ec1a01.jpg,800,567,RGB,69.744140625,False,False
CompCars,101/820/2014/6c5c0aad63dd5d.jpg,800,567,RGB,72.9404296875,False,False
CompCars,21/1306/2008/d58cd4ec809d1d.jpg,908,626,RGB,105.1103515625,False,False
CompCars,122/593/2013/d9ac86cad9a51c.jpg,800,567,RGB,97.8818359375,False,False
CompCars,97/854/2011/fccfd41f10bfd1.jpg,908,626,RGB,79.1240234375,False,False
CompCars,37/1993/2014/69806cde487e4b.jpg,908,626,RGB,170.138671875,False,False
CompCars,108/1522/2014/29b7b5878697c8.jpg,800,552,RGB,79.7158203125,False,False
CompCars,100/214/2015/499ad4b71517da.jpg,800,567,RGB,78.9912109375,False,False
CompCars,81/114/2012/2722787057ae48.jpg,800,567,RGB,103.935546875,False,False
CompCars,73/508/2009/21d174b9f38c67.jpg,908,626,RGB,73.0244140625,False,False
CompCars,78/24/2014/255eba48d7becd.jpg,800,484,RGB,88.7314453125,False,False
CompCars,111/1711/2004/eadb05dfcfc4cc.jpg,800,567,RGB,104.39453125,False,False
CompCars,128/1893/2013/7791efaa07c86f.jpg,800,567,RGB,75.2919921875,False,False
CompCars,75/1661/2013/81aa06aa8f32c8.jpg,800,552,RGB,70.189453125,False,False
CompCars,83/368/2014/d8bd29b74eab17.jpg,908,626,RGB,55.9833984375,False,False
CompCars,15/828/2011/b882683c33ebc5.jpg,908,626,RGB,67.0146484375,False,False
CompCars,44/1770/2010/6f45645825e924.jpg,800,567,RGB,58.8486328125,False,False
CompCars,157/1916/2010/ac1057cf4aa117.jpg,950,540,RGB,73.25,False,False
CompCars,73/500/2014/10d4fbff8ce887.jpg,908,626,RGB,78.6904296875,False,False
CompCars,98/431/2006/5d354d2e95b83a.jpg,800,567,RGB,98.9580078125,False,False
CompCars,28/1864/2014/1011a07e1cbdd5.jpg,800,567,RGB,65.9453125,False,False
CompCars,118/981/2012/2a388d0412c6c3.jpg,800,567,RGB,74.833984375,False,False
CompCars,134/648/2008/0698f4f3b710ec.jpg,800,567,RGB,93.1962890625,False,False
CompCars,154/1053/2014/36a6bd9c74c6d2.jpg,908,626,RGB,145.787109375,False,False
CompCars,113/732/2014/9f9c48b5db7b4e.jpg,800,567,RGB,57.34765625,False,True
CompCars,157/1929/2015/e31035ed832856.jpg,800,567,RGB,141.6552734375,False,False
CompCars,77/137/2014/a45e63cc48a946.jpg,908,626,RGB,85.1728515625,False,False
CompCars,77/129/2015/f0e0e7b9e9df5e.jpg,800,567,RGB,49.4814453125,False,False
CompCars,73/504/2013/808c4f98e0e750.jpg,908,626,RGB,74.6025390625,False,False
CompCars,36/554/2012/0aa11a3075ebb4.jpg,800,567,RGB,81.630859375,False,False
CompCars,108/1529/2014/9e28fe59ebc50a.jpg,800,567,RGB,111.517578125,False,False
CompCars,83/368/2014/45ae80b638b799.jpg,800,567,RGB,60.228515625,False,False
CompCars,162/1615/2013/3d94e1371d391e.jpg,800,567,RGB,76.544921875,False,False
CompCars,70/1859/2013/f26f10544e9675.jpg,908,626,RGB,63.19921875,False,False
CompCars,81/69/2014/e4fce4a46f7736.jpg,908,626,RGB,98.4033203125,False,True
CompCars,68/938/2012/3bf5f9b4f3ac83.jpg,950,541,RGB,88.1376953125,False,False
CompCars,27/1089/2011/41688bd8d0d337.jpg,800,567,RGB,200.66015625,False,False
CompCars,112/663/2014/2f804dc330f85d.jpg,908,626,RGB,121.5537109375,False,False
CompCars,15/840/2013/adc1a14d7a86a5.jpg,800,567,RGB,62.8447265625,False,False
CompCars,48/315/2009/7718f894fb4e1e.jpg,908,626,RGB,142.2470703125,False,False
CompCars,97/908/2014/bdd6020666746c.jpg,908,626,RGB,75.775390625,False,False
CompCars,157/1915/2013/40f3b42105a3cd.jpg,800,484,RGB,60.44140625,False,False
CompCars,84/1962/2014/72d59433e2fbea.jpg,800,567,RGB,57.748046875,False,False
CompCars,39/1382/2014/4182ff7262c50c.jpg,908,626,RGB,58.9970703125,False,False
CompCars,80/952/2009/0186499cf2c059.jpg,909,627,RGB,84.1748046875,False,False
CompCars,110/1092/2011/3f10f8f0a85977.jpg,800,567,RGB,66.8427734375,False,False
CompCars,9/1114/2011/b75e8abe3e0ec0.jpg,800,567,RGB,100.78515625,False,False
CompCars,137/1737/2010/53a4342dbf045e.jpg,800,567,RGB,95.3466796875,False,False
CompCars,160/795/2011/44e98b364b9e58.jpg,800,567,RGB,104.4453125,False,False
CompCars,81/86/2011/227e417ee3d135.jpg,908,626,RGB,71.142578125,False,False
CompCars,78/42/2013/5288164ad09bea.jpg,908,626,RGB,62.431640625,False,False
CompCars,129/1247/2014/d321404facb384.jpg,908,626,RGB,81.7109375,False,True
CompCars,73/503/2010/b51477dcce478e.jpg,908,626,RGB,144.2099609375,False,False
CompCars,73/493/2010/98ea0fbdcf61e4.jpg,908,626,RGB,108.2880859375,False,False
CompCars,69/1475/2012/133e14ab787ce1.jpg,800,567,RGB,82.3310546875,False,False
CompCars,152/398/2012/375da71b40edf8.jpg,908,626,RGB,76.9619140625,False,False
CompCars,102/290/2011/9d78a94724537d.jpg,800,567,RGB,67.66015625,False,False
CompCars,134/641/2015/71c3dabc5d7741.jpg,800,567,RGB,60.2724609375,False,False
CompCars,87/676/2010/d0166f0dd9f30b.jpg,908,626,RGB,106.16015625,False,False
CompCars,109/1544/2013/738d2cac24cf72.jpg,800,552,RGB,100.7421875,False,False
CompCars,70/1860/2013/a65fe6d3456dee.jpg,800,552,RGB,69.673828125,False,False
CompCars,151/429/2013/9558eb13009ec3.jpg,1024,718,RGB,111.6181640625,False,False
CompCars,122/630/2014/c8be5f2209bee3.jpg,908,626,RGB,89.75390625,False,False
CompCars,15/831/2013/60303cf345142f.jpg,908,626,RGB,60.615234375,False,False
CompCars,118/997/2011/470e942b79908b.jpg,800,567,RGB,102.7607421875,False,False
CompCars,15/831/2014/9d9f8d52d1ed1b.jpg,800,567,RGB,44.3984375,False,False
CompCars,100/252/2012/dc8331ef6f92d9.jpg,908,626,RGB,98.580078125,False,False
CompCars,158/1265/2012/755212e3b5702e.jpg,800,567,RGB,99.7177734375,False,False
CompCars,26/1696/2015/ab32bd0fa38645.jpg,800,567,RGB,94.6962890625,False,False
CompCars,61/349/2014/73d9948366ebfb.jpg,800,498,RGB,98.0244140625,False,False
CompCars,69/1488/2014/1d7879b8388643.jpg,908,626,RGB,59.380859375,False,True
CompCars,53/763/2011/f95ce968a5580a.jpg,908,627,RGB,128.533203125,False,False
CompCars,139/1644/2012/827d10cafb091e.jpg,800,567,RGB,47.892578125,False,False
CompCars,78/5/2012/bf9e31e6be4a2f.jpg,908,626,RGB,62.201171875,False,False
CompCars,115/707/2012/81e75213635f3f.jpg,800,552,RGB,76.2958984375,False,False
CompCars,81/114/2015/cb41bcc0e5e028.jpg,800,552,RGB,90.0859375,False,False
CompCars,160/804/2014/f6484572291a6f.jpg,908,626,RGB,151.791015625,False,False
CompCars,145/517/2014/d1f6ff59b857f2.jpg,908,626,RGB,172.8662109375,False,False
CompCars,68/933/2011/917fef26ca21f1.jpg,904,623,RGB,97.9453125,False,False
CompCars,122/625/2012/3bab24bd4acfca.jpg,800,567,RGB,63.056640625,False,False
CompCars,75/1683/2014/3520ea6921a5fc.jpg,800,567,RGB,99.951171875,False,False
CompCars,140/1197/2013/9cbcbabd6e19eb.jpg,800,552,RGB,143.1923828125,False,False
CompCars,4/509/2014/ce7428dd567632.jpg,800,567,RGB,65.671875,False,False
CompCars,50/1129/2012/a19ea1708f0be6.jpg,800,567,RGB,71.234375,False,False
CompCars,77/145/2010/13e10763a30c63.jpg,908,627,RGB,99.6904296875,False,False
CompCars,122/628/2011/ac64f9bf1bf52f.jpg,800,567,RGB,76.3330078125,False,False
CompCars,31/533/2012/d3a519286f74b2.jpg,908,626,RGB,94.564453125,False,False
CompCars,88/1417/2012/8a23d03c3975f4.jpg,800,552,RGB,79.3447265625,False,False
CompCars,159/1587/2014/90fa69cab912e2.jpg,800,567,RGB,128.42578125,False,False
CompCars,75/1672/2014/741f609737a89d.jpg,800,500,RGB,99.953125,False,False
CompCars,154/1052/2013/cae1e4e46d0777.jpg,800,567,RGB,46.0126953125,False,False
CompCars,73/440/2015/ddaa3bddd2cf9f.jpg,800,567,RGB,121.197265625,False,False
CompCars,75/1670/2012/c49a8d54dd05ac.jpg,1024,718,RGB,99.8017578125,False,False
CompCars,103/1852/2013/693a5cce9941f2.jpg,800,567,RGB,51.771484375,False,False
CompCars,29/1246/2015/cc40c21cddf144.jpg,800,567,RGB,124.669921875,False,False
CompCars,22/949/2010/c965b3cf27d0fb.jpg,800,567,RGB,106.880859375,False,False
CompCars,77/158/2012/bb49ebc8838aa4.jpg,908,626,RGB,75.9365234375,False,False
CompCars,48/325/2014/9b671682e145ef.jpg,908,626,RGB,78.126953125,False,False
CompCars,104/851/2012/8d442e34813152.jpg,800,484,RGB,50.859375,False,False
CompCars,94/1231/2014/aacd97b3a53c36.jpg,908,626,RGB,75.818359375,False,False
CompCars,97/896/2012/b92acbaa31e3ad.jpg,800,567,RGB,109.3525390625,False,False
CompCars,39/1356/2009/406c5d7b65cbdd.jpg,800,567,RGB,89.2939453125,False,False
CompCars,160/802/2013/669687b8f30945.jpg,800,552,RGB,75.296875,False,False
CompCars,145/523/2014/dfc4343ebe362e.jpg,800,567,RGB,76.9775390625,False,False
CompCars,69/1484/2010/fe604bd6240741.jpg,800,567,RGB,111.91015625,False,False
CompCars,53/763/2010/21c8212384eacc.jpg,908,626,RGB,107.2685546875,False,False
CompCars,73/442/2009/ee305fef7578b1.jpg,800,482,RGB,53.630859375,False,False
CompCars,81/93/2014/518622d6ccda0e.jpg,908,626,RGB,58.9482421875,False,False
CompCars,159/1570/2013/4606e86cdfc977.jpg,800,567,RGB,69.23046875,False,False
CompCars,28/1880/2013/72da160142272f.jpg,800,567,RGB,66.01953125,False,False
CompCars,149/1818/2007/c6fb14388279ea.jpg,800,567,RGB,167.021484375,False,False
CompCars,136/1781/2012/11edf658b7b150.jpg,800,567,RGB,72.5595703125,False,False
CompCars,58/331/2010/837165f648f704.jpg,800,567,RGB,98.1484375,False,False
CompCars,105/307/2014/bb46180d47c209.jpg,908,626,RGB,70.01171875,False,False
CompCars,7/686/2015/7410b644fb3710.jpg,908,626,RGB,92.78125,False,False
CompCars,97/899/2011/3268c3eec26ca5.jpg,800,567,RGB,98.4990234375,False,False
CompCars,95/912/2014/3c2e0dda1f1e1d.jpg,800,484,RGB,114.2490234375,False,False
CompCars,101/817/2013/3db3a5f4569557.jpg,908,626,RGB,204.923828125,False,False
CompCars,77/183/2012/904469882e55f2.jpg,800,567,RGB,114.576171875,False,False
CompCars,84/1966/2012/f16a9ad8c4caa9.jpg,800,567,RGB,85.728515625,False,False
CompCars,149/1790/2013/189a3419cb9f25.jpg,908,626,RGB,119.732421875,False,False
CompCars,154/1058/2010/912fba901cf84f.jpg,800,567,RGB,42.0693359375,False,False
CompCars,75/1655/2009/2947b13b8ec89b.jpg,800,567,RGB,143.677734375,False,False
CompCars,78/24/2010/32a42041312038.jpg,908,626,RGB,70.9990234375,False,False
CompCars,78/32/2010/239eba1ed1f82c.jpg,908,626,RGB,159.865234375,False,False
CompCars,122/597/2013/5e6136bc8c1499.jpg,908,626,RGB,70.31640625,False,False
CompCars,122/629/2011/de375a36b32342.jpg,908,626,RGB,125.6494140625,False,False
CompCars,75/1659/2013/f179652feaff3e.jpg,800,567,RGB,115.1484375,False,False
CompCars,77/137/2015/7ffa4c0a956fe1.jpg,800,567,RGB,114.232421875,False,False
CompCars,78/34/2010/a7d06bdc878af0.jpg,908,626,RGB,83.828125,False,False
CompCars,69/1480/2009/3fc828d875b0c4.jpg,800,567,RGB,83.353515625,False,False
CompCars,111/1710/2014/536fe7f3b440c1.jpg,800,552,RGB,74.482421875,False,False
CompCars,159/1567/2012/b062ab35ed3bc7.jpg,908,626,RGB,46.1328125,False,False
CompCars,112/662/2009/c78d50f1ddcb5f.jpg,908,627,RGB,77.61328125,False,False
CompCars,102/261/2012/c4581e4f2f8c86.jpg,908,626,RGB,58.4921875,False,False
CompCars,158/1285/2013/1243fd104a715d.jpg,908,626,RGB,104.7041015625,False,False
CompCars,92/749/2010/11979e489bfca0.jpg,908,626,RGB,62.0537109375,False,True
CompCars,134/654/2011/c09e465fb33ec5.jpg,800,567,RGB,125.8408203125,False,False
CompCars,48/321/2013/63dcea8fef19aa.jpg,908,626,RGB,65.9169921875,False,False
CompCars,160/795/2011/c10fb5a2fd929c.jpg,800,567,RGB,84.306640625,False,False
CompCars,27/1073/2012/f37547532ec75a.jpg,908,626,RGB,92.1787109375,False,False
CompCars,78/2/2011/33702730e69b34.jpg,908,626,RGB,121.794921875,False,False
CompCars,81/82/2011/557c8952f594ed.jpg,800,484,RGB,106.9765625,False,False
CompCars,122/604/2011/334bf8fda257a4.jpg,1024,717,RGB,135.8115234375,False,False
CompCars,14/1832/2008/e94beae5104893.jpg,800,567,RGB,58.1513671875,False,False
CompCars,162/1612/2010/3f6ff2682cfef1.jpg,800,567,RGB,72.2978515625,False,False
CompCars,28/1873/2009/99f9d560a20671.jpg,909,627,RGB,142.7529296875,False,False
CompCars,14/1832/2007/61be7747a7307a.jpg,800,567,RGB,142.4404296875,False,False
CompCars,38/1950/2012/f8a9177631ca25.jpg,800,552,RGB,98.619140625,False,False
CompCars,139/1640/2008/60f6815028e42e.jpg,910,628,RGB,117.7568359375,False,False
CompCars,36/554/2012/61e4a22d956333.jpg,800,567,RGB,66.53125,False,False
CompCars,84/1970/2013/8f0713385d5b55.jpg,800,567,RGB,77.376953125,False,False
CompCars,118/987/2011/2918a8314eeeb2.jpg,800,567,RGB,76.6796875,False,False
CompCars,58/328/2013/a8cbe35c5dd0cc.jpg,908,626,RGB,83.73046875,False,False
CompCars,9/1116/2014/487ae6a91505d7.jpg,800,567,RGB,87.8984375,False,False
CompCars,78/52/2014/e29e29063722ea.jpg,908,626,RGB,64.3701171875,False,False
CompCars,81/82/2011/6418746fabab45.jpg,800,484,RGB,65.337890625,False,False
CompCars,7/682/2013/57011090082b33.jpg,908,626,RGB,127.2607421875,False,False
CompCars,97/857/2011/c53f78c1bc41d2.jpg,908,626,RGB,145.595703125,False,False
CompCars,73/456/2015/819b55b9adb530.jpg,1024,718,RGB,85.3662109375,False,False
CompCars,150/381/2012/9451d510f08303.jpg,908,626,RGB,83.0361328125,False,False
CompCars,15/835/2013/34410513171f5f.jpg,800,567,RGB,69.021484375,False,False
CompCars,157/1937/2011/55af533c088aec.jpg,800,567,RGB,106.6025390625,False,False
CompCars,95/919/2014/38c6dbc75d518f.jpg,800,567,RGB,138.0185546875,False,False
CompCars,111/1716/2013/ac882d3425291f.jpg,800,552,RGB,118.423828125,False,False
CompCars,42/1248/2014/c5d8eed057bd79.jpg,908,626,RGB,147.296875,False,False
CompCars,97/902/2014/6f08ddbaf1ae65.jpg,908,626,RGB,113.166015625,False,False
CompCars,135/945/2010/8771813ec58823.jpg,800,567,RGB,48.9189453125,False,False
CompCars,7/683/2012/e9ab6f31c50efe.jpg,800,567,RGB,92.435546875,False,False
CompCars,100/249/2014/14b8a060d5aac3.jpg,800,567,RGB,120.06640625,False,False
CompCars,94/1243/2007/7d245e74e492b6.jpg,800,567,RGB,171.7900390625,False,False
CompCars,159/1575/2009/eb737fb766f6d1.jpg,800,567,RGB,59.150390625,False,False
CompCars,134/649/2011/92e99e9b74a542.jpg,800,567,RGB,51.91015625,False,False
CompCars,157/1912/2010/3e7f381ddad734.jpg,800,567,RGB,75.98046875,False,False
CompCars,162/1612/2012/6ecc5c74a71d37.jpg,800,567,RGB,88.994140625,False,False
CompCars,102/291/2015/2aa5fb228e5fa5.jpg,800,567,RGB,59.333984375,False,False
CompCars,132/1229/2010/ec739ebaa3126c.jpg,908,626,RGB,113.4794921875,False,False
CompCars,7/686/2015/7d64fb9e452666.jpg,908,626,RGB,89.8056640625,False,False
CompCars,80/953/2011/da8103ba4b2971.jpg,800,567,RGB,57.4052734375,False,False
CompCars,57/1607/2014/bc2f0b1e254d93.jpg,800,484,RGB,87.9267578125,False,False
CompCars,139/1645/2009/44de4d62f3a375.jpg,800,567,RGB,82.923828125,False,False
CompCars,77/134/2009/efefe91263095f.jpg,800,567,RGB,72.734375,False,False
CompCars,84/1964/2013/cfc7de54e4c672.jpg,800,552,RGB,103.1982421875,False,False
CompCars,55/1595/2013/34696fec1a60d5.jpg,800,567,RGB,90.4716796875,False,False
CompCars,159/1584/2011/e4a3a3aff03f6d.jpg,800,567,RGB,45.9306640625,False,False
CompCars,110/1093/2013/2b8a1bf4580fd7.jpg,800,552,RGB,92.033203125,False,False
CompCars,78/22/2014/07f361fe50a153.jpg,908,626,RGB,180.7685546875,False,False
CompCars,15/829/2013/333fe529e256f9.jpg,908,626,RGB,99.5244140625,False,False
CompCars,111/1703/2014/c406c16d03ce86.jpg,908,626,RGB,92.7294921875,False,False
CompCars,100/251/2015/ea658ad279c8b6.jpg,908,626,RGB,74.26953125,False,False
CompCars,137/1731/2011/2eb7710c0d752d.jpg,800,567,RGB,37.73046875,False,False
CompCars,39/1382/2014/65565bb5c80e1a.jpg,908,626,RGB,61.80078125,False,False
CompCars,95/923/2007/0a1441e7c40acc.jpg,800,567,RGB,101.701171875,False,False
CompCars,149/1790/2009/b5a26a6c662ab3.jpg,908,626,RGB,92.05078125,False,False
CompCars,75/1653/2012/89c955574fac78.jpg,1024,718,RGB,111.8271484375,False,False
CompCars,28/1886/2013/eab285558bd3de.jpg,800,567,RGB,59.2255859375,False,False
CompCars,122/586/2009/35eee74848c1f2.jpg,909,627,RGB,82.7705078125,False,False
CompCars,45/1035/2014/f82077711189bd.jpg,800,567,RGB,84.6103515625,False,False
CompCars,134/661/2011/3dab2d6cf6975a.jpg,908,626,RGB,74.740234375,False,False
CompCars,102/282/2010/cd764baf9ea6ae.jpg,908,626,RGB,54.1162109375,False,False
CompCars,97/907/2014/06056420f48778.jpg,908,626,RGB,126.0615234375,False,False
CompCars,35/558/2012/227d1e9c342c36.jpg,908,626,RGB,68.33203125,False,False
CompCars,81/101/2013/b887892c619326.jpg,908,626,RGB,65.228515625,False,False
CompCars,60/352/2013/cc19a826cba447.jpg,800,567,RGB,66.5859375,False,False
CompCars,140/1186/2005/61292a34b268a3.jpg,800,567,RGB,56.3603515625,False,False
CompCars,163/722/2011/50a956ace6f449.jpg,800,552,RGB,52.490234375,False,False
CompCars,25/1757/2010/3b679ce2a63cd0.jpg,800,567,RGB,107.009765625,False,False
CompCars,39/1361/2012/45f47413e45f90.jpg,800,567,RGB,129.048828125,False,False
CompCars,79/1727/2012/112c329305b556.jpg,1024,718,RGB,116.8818359375,False,False
CompCars,37/1993/2011/053673e1ee4110.jpg,1024,718,RGB,84.0908203125,False,False
CompCars,134/655/2014/6452fc5fbeca7c.jpg,800,567,RGB,92.5703125,False,False
CompCars,37/1993/2014/467cefced56843.jpg,908,626,RGB,84.021484375,False,False
CompCars,81/88/2013/4803c80b137719.jpg,908,626,RGB,75.76171875,False,False
CompCars,39/1327/2005/1d02ce0e6cad0b.jpg,800,567,RGB,97.232421875,False,False
CompCars,81/103/2009/3eed3c1f9785b3.jpg,909,627,RGB,146.3115234375,False,False
CompCars,75/1673/2014/c1e927fa9444d7.jpg,800,417,RGB,100.7607421875,False,False
CompCars,140/1199/2011/52ab98b33ab6f6.jpg,800,567,RGB,45.021484375,False,False
CompCars,95/914/2014/5d8f3fab8d23d9.jpg,800,567,RGB,65.2978515625,False,False
CompCars,157/1915/2010/84b4ca08fa597b.jpg,800,484,RGB,57.4140625,False,False
CompCars,140/1194/2012/be4755783f06b9.jpg,800,484,RGB,49.4599609375,False,False
CompCars,131/1015/2009/5f764cef99ab14.jpg,909,627,RGB,120.4658203125,False,False
CompCars,111/1714/2012/0dc6caf24e7953.jpg,908,626,RGB,117.30078125,False,False
CompCars,127/1176/2011/7b119d5bd65b48.jpg,908,626,RGB,90.6044921875,False,False
CompCars,77/146/2013/2766a1a0255843.jpg,908,626,RGB,101.412109375,False,False
CompCars,139/1646/2012/f112fd8a73c376.jpg,800,567,RGB,120.2958984375,False,False
CompCars,39/1327/2012/54e4ac32c672e9.jpg,800,567,RGB,74.3916015625,False,False
CompCars,39/1323/2011/f1ffad7ee0fcba.jpg,908,626,RGB,89.796875,False,False
CompCars,157/1915/2010/707020e1b785b7.jpg,1024,718,RGB,183.1474609375,False,False
CompCars,128/1893/2013/aae6580261959e.jpg,800,567,RGB,63.42578125,False,False
CompCars,38/1955/2009/a5d03bc9c2bc95.jpg,909,627,RGB,199.7841796875,False,False
CompCars,160/804/2014/e35ba9e4e747fc.jpg,908,626,RGB,91.7626953125,False,False
CompCars,51/1165/2014/8b53111fd2f5a7.jpg,800,567,RGB,69.3427734375,False,False
CompCars,64/1452/2013/0801b5bc531083.jpg,800,567,RGB,58.8662109375,False,False
CompCars,28/1875/2011/d455e2a2d74ee3.jpg,800,567,RGB,89.1396484375,False,False
CompCars,131/1005/2014/83f38030c03418.jpg,949,541,RGB,157.556640625,False,False
CompCars,55/1601/2012/d0b8df5e62ff7d.jpg,800,567,RGB,143.439453125,False,False
CompCars,69/1509/2013/935d407a609fb4.jpg,800,567,RGB,81.87109375,False,False
CompCars,78/67/2014/661711894490f6.jpg,908,626,RGB,119.7099609375,False,False
CompCars,68/936/2014/89bbe273601829.jpg,800,552,RGB,65.337890625,False,False
CompCars,162/1618/2009/b3106e8631b37a.jpg,800,567,RGB,45.642578125,False,False
CompCars,53/777/2011/b80febc4561462.jpg,800,567,RGB,82.5537109375,False,False
CompCars,105/301/2011/56144554ed4378.jpg,908,626,RGB,68.4267578125,False,False
CompCars,157/1916/2010/482d92b35e634a.jpg,950,539,RGB,72.1943359375,False,False
CompCars,145/519/2015/56ab07ff9f293b.jpg,800,567,RGB,83.849609375,False,False
CompCars,15/839/2012/b81c90cbfab037.jpg,800,552,RGB,60.1025390625,False,False
CompCars,28/1872/2011/4b060c2b992b2f.jpg,800,567,RGB,56.458984375,False,False
CompCars,140/1205/2012/32b6c6c9212f00.jpg,800,567,RGB,85.4609375,False,False
CompCars,153/1749/2014/9129cb52344477.jpg,800,552,RGB,52.9833984375,False,False
CompCars,55/1589/2014/f8d64ccc425eb3.jpg,800,552,RGB,53.4150390625,False,False
CompCars,38/1958/2009/4115e2cf2ab052.jpg,800,486,RGB,104.6494140625,False,False
CompCars,110/1099/2007/d74f75e9ebb985.jpg,800,567,RGB,87.2861328125,False,False
CompCars,81/89/2009/f05dc9617a2263.jpg,909,627,RGB,116.6962890625,False,False
CompCars,38/1956/2008/80dc794d5094a8.jpg,909,627,RGB,179.455078125,False,False
CompCars,154/1054/2011/f3adcc76926cea.jpg,800,567,RGB,48.4384765625,False,False
CompCars,158/1259/2009/bb738029485451.jpg,909,627,RGB,145.8994140625,False,False
CompCars,81/71/2011/345c4ac6b74c5d.jpg,800,567,RGB,77.203125,False,False
CompCars,132/1222/2014/1a6c7d537814c4.jpg,908,626,RGB,78.951171875,False,False
CompCars,159/1585/2013/6f73b16d28b6c0.jpg,800,552,RGB,56.056640625,False,False
CompCars,77/153/2013/a9e0f259f2d616.jpg,908,626,RGB,49.7529296875,False,False
CompCars,132/1228/2014/553dbe4c295d52.jpg,800,567,RGB,63.4521484375,False,False
CompCars,157/1935/2014/0717af71da262a.jpg,908,626,RGB,134.2646484375,False,False
CompCars,55/1601/2009/cbc1a7717608f2.jpg,909,627,RGB,146.90234375,False,False
CompCars,39/1330/2010/d6878644baf7dd.jpg,908,626,RGB,125.0185546875,False,False
CompCars,118/966/2006/7089d6f82e7550.jpg,800,567,RGB,114.76953125,False,False
CompCars,69/1495/2009/f41c45a90b4683.jpg,800,567,RGB,100.2216796875,False,False
CompCars,118/984/2012/4073bc9930e60e.jpg,800,567,RGB,79.232421875,False,False
CompCars,81/89/2007/add899ade4bc7b.jpg,800,1151,RGB,117.1953125,False,False
CompCars,40/1091/2014/54bc640a745289.jpg,1024,718,RGB,133.275390625,False,False
CompCars,41/759/2014/b269dcfb32e918.jpg,908,626,RGB,70.3056640625,False,False
CompCars,149/1792/2014/42d6990827c70f.jpg,908,626,RGB,200.9970703125,False,False
CompCars,49/1434/2011/b0cf222a6deb9a.jpg,908,626,RGB,110.431640625,False,False
CompCars,159/1572/2012/3bb5dbbaed38a8.jpg,1024,718,RGB,111.240234375,False,False
CompCars,77/124/2014/86ab91043c1af7.jpg,908,626,RGB,128.7568359375,False,False
CompCars,140/1186/2005/dbeec3e92fd43b.jpg,800,567,RGB,163.3388671875,False,False
CompCars,39/1386/2010/3feb4cc968fece.jpg,908,626,RGB,73.193359375,False,False
CompCars,43/1899/2013/85495b50c8339e.jpg,908,626,RGB,166.4443359375,False,False
CompCars,68/937/2011/ad962476c1c2bf.jpg,800,567,RGB,62.4501953125,False,False
CompCars,118/971/2014/4c37000e9464b0.jpg,908,626,RGB,61.2216796875,False,False
CompCars,78/38/2013/eea6bd4bca8d6e.jpg,800,567,RGB,59.337890625,False,False
CompCars,77/158/2014/ec9a9384253b38.jpg,800,567,RGB,71.98828125,False,False
CompCars,137/1733/2009/96c54f42d3c305.jpg,800,567,RGB,37.5283203125,False,False
CompCars,83/374/2011/a7e9f909adae0d.jpg,800,567,RGB,186.66015625,False,False
CompCars,150/396/2010/5bf45659ebd839.jpg,909,627,RGB,99.556640625,False,False
CompCars,39/1326/2014/888177b0e5ec05.jpg,908,626,RGB,229.1611328125,False,False
CompCars,85/375/2014/11166ba8b5db90.jpg,908,626,RGB,196.4814453125,False,False
CompCars,122/586/2013/473cf33626e097.jpg,800,482,RGB,92.37109375,False,False
CompCars,15/830/2012/dbfd062515889d.jpg,800,567,RGB,74.1025390625,False,False
CompCars,39/1363/2012/7d8fc030a9a438.jpg,800,567,RGB,119.80859375,False,False
CompCars,102/272/2015/3b5923656bf09a.jpg,908,626,RGB,53.0146484375,False,True
CompCars,163/718/2012/fa66f5c36dca45.jpg,800,417,RGB,63.31640625,False,False
CompCars,158/1283/2008/6e7673e8e7cef5.jpg,908,626,RGB,89.013671875,False,False
CompCars,105/294/2015/95aadbbd90ab4d.jpg,800,567,RGB,87.001953125,False,False
CompCars,4/516/2012/5b94e5ae90f2c6.jpg,800,567,RGB,127.232421875,False,False
CompCars,102/266/2013/2510ba386dc0f1.jpg,800,484,RGB,54.35546875,False,False
CompCars,159/1571/2010/d9d7bb20a8dfd1.jpg,800,551,RGB,78.271484375,False,False
CompCars,118/955/2009/c216adfb30bab0.jpg,909,627,RGB,150.2294921875,False,False
CompCars,115/707/2012/f50b055b22e8b2.jpg,800,567,RGB,110.0078125,False,False
CompCars,148/1554/2011/8af9228d905b7b.jpg,908,626,RGB,78.4267578125,False,False
CompCars,85/375/2014/a0df5851159d69.jpg,908,626,RGB,74.529296875,False,False
CompCars,95/920/2013/1490994c5b6a3a.jpg,908,626,RGB,95.53515625,False,False
CompCars,39/1336/2010/a48cbbbca043be.jpg,800,567,RGB,51.392578125,False,False
CompCars,162/1622/2011/9b3858f23ad748.jpg,800,567,RGB,129.4287109375,False,False
CompCars,73/451/2011/d86d2f8e224578.jpg,908,626,RGB,60.810546875,False,False
CompCars,80/953/2011/a585928d829b5e.jpg,800,567,RGB,83.4091796875,False,False
CompCars,127/1179/2013/c8009dd25d8141.jpg,908,626,RGB,169.6064453125,False,False
CompCars,162/1609/2014/a77cdf71f7eead.jpg,908,626,RGB,100.822265625,False,False
CompCars,39/1388/2014/e659ea397e4ce9.jpg,800,567,RGB,78.75,False,False
CompCars,39/1346/2014/c44ca6b836cbef.jpg,800,567,RGB,183.9677734375,False,False
CompCars,140/1181/2012/8ceb39cc56d3b8.jpg,800,484,RGB,55.6787109375,False,False
CompCars,73/502/2015/3c616ff21e22eb.jpg,908,626,RGB,97.087890625,False,False
CompCars,94/1236/2010/10f7b040c19de3.jpg,908,626,RGB,76.7666015625,False,False
CompCars,154/1053/2014/e3eb833123fb9f.jpg,908,626,RGB,137.7333984375,False,False
CompCars,83/368/2014/3f7ece949fa3bf.jpg,908,626,RGB,85.111328125,False,False
CompCars,111/1707/2011/76e8b69d176692.jpg,908,626,RGB,65.6962890625,False,False
CompCars,120/1687/2011/0dd1627744b449.jpg,1024,718,RGB,114.3955078125,False,False
CompCars,68/944/2015/3b330389c312b0.jpg,800,567,RGB,71.3408203125,False,False
CompCars,157/1939/2011/b369ed9de48ed3.jpg,800,567,RGB,116.6669921875,False,False
CompCars,7/682/2013/d0d88a1387ff23.jpg,800,567,RGB,104.794921875,False,False
CompCars,149/1792/2015/911f560cf93417.jpg,800,552,RGB,88.63671875,False,False
CompCars,142/1137/2013/2f8a2f838bb2a0.jpg,908,626,RGB,142.546875,False,False
CompCars,142/1141/2013/243a43862a29d6.jpg,800,567,RGB,123.6865234375,False,False
CompCars,78/27/2015/701b3d290cad42.jpg,908,626,RGB,51.9921875,False,True
CompCars,83/373/2006/4a539507ea5075.jpg,800,567,RGB,48.55078125,False,False
CompCars,45/1035/2012/dd67dba68df462.jpg,908,626,RGB,181.572265625,False,False
CompCars,97/867/2008/c0fea483ca0acd.jpg,908,626,RGB,165.2041015625,False,False
CompCars,72/714/2009/e42e6957ce21ee.jpg,800,483,RGB,93.818359375,False,False
CompCars,77/132/2013/7aea26ba3c94a4.jpg,800,567,RGB,97.4794921875,False,False
CompCars,132/1229/2010/0bc26af1f31cde.jpg,908,626,RGB,136.0869140625,False,False
CompCars,152/407/2012/fe5779df40ed29.jpg,800,417,RGB,77.087890625,False,False
CompCars,92/756/2014/4632a439f15d6b.jpg,908,626,RGB,94.4990234375,False,False
CompCars,74/1296/2007/0be1dcc161ade2.jpg,800,567,RGB,49.8525390625,False,False
CompCars,54/196/2013/418aa6f48395cd.jpg,900,567,RGB,112.865234375,False,False
CompCars,111/1706/2014/e2eaea670b485c.jpg,908,626,RGB,115.3125,False,False
CompCars,39/1378/2010/9b5dce35901f4e.jpg,800,567,RGB,74.36328125,False,False
CompCars,108/1526/2011/e15e2f9e204734.jpg,908,626,RGB,80.3798828125,False,False
CompCars,136/1781/2006/9c9cac94ee34f2.jpg,800,567,RGB,53.900390625,False,False
CompCars,149/1793/2012/71ab12646f124e.jpg,908,626,RGB,172.8623046875,False,False
CompCars,148/1563/2015/5f6fed07711191.jpg,800,567,RGB,60.328125,False,False
CompCars,69/1490/2009/4cd4a9a919c9e3.jpg,908,626,RGB,157.80078125,False,False
CompCars,140/1182/2015/37bb748cf0dde3.jpg,800,417,RGB,85.869140625,False,False
CompCars,118/960/2009/392810250c1f32.jpg,800,551,RGB,75.8505859375,False,False
CompCars,157/1940/2014/ff2f41b6b99c88.jpg,800,567,RGB,84.07421875,False,False
CompCars,127/1175/2013/3fa00e4d7405bb.jpg,908,626,RGB,123.2490234375,False,False
CompCars,7/684/2012/feb486b765e4e7.jpg,800,567,RGB,59.96875,False,False
CompCars,78/3/2014/76bcae297323b7.jpg,908,626,RGB,73.2744140625,False,False
CompCars,77/134/2012/57ef1d0c837527.jpg,800,567,RGB,119.173828125,False,False
CompCars,69/1494/2012/22a0a0b840cd8a.jpg,800,567,RGB,96.9423828125,False,False
CompCars,162/1619/2012/2e59e7818590b2.jpg,800,567,RGB,47.0859375,False,False
CompCars,38/1957/2010/13f73eb57820e0.jpg,800,567,RGB,170.5087890625,False,False
CompCars,77/128/2014/d27e0249a425c0.jpg,908,626,RGB,58.4111328125,False,False
CompCars,27/1071/2014/ebc940befd33aa.jpg,800,485,RGB,49.490234375,False,False
CompCars,157/1925/2014/30bca44ac6a3ba.jpg,800,567,RGB,102.236328125,False,False
CompCars,160/795/2014/86ad4ed6b03844.jpg,800,567,RGB,87.97265625,False,False
CompCars,118/981/2011/b780cda879e083.jpg,908,626,RGB,67.8330078125,False,False
CompCars,111/1722/2015/33f76485d7f453.jpg,800,567,RGB,60.529296875,False,False
CompCars,37/1993/2010/3976b04821145e.jpg,908,626,RGB,85.5048828125,False,False
CompCars,77/139/2011/8028316ebea75a.jpg,800,567,RGB,107.9501953125,False,False
CompCars,84/1964/2013/e423111a6765e2.jpg,900,567,RGB,121.0263671875,False,False
CompCars,105/305/2015/a73a6d8f767503.jpg,800,417,RGB,84.517578125,False,False
CompCars,140/1185/2014/d278af55a44eb3.jpg,908,626,RGB,97.7265625,False,False
CompCars,141/1820/2011/84c47323b0a1d3.jpg,908,626,RGB,59.6005859375,False,False
CompCars,152/405/2014/98c220f4a8e03c.jpg,908,626,RGB,81.4306640625,False,False
CompCars,106/1313/2012/57778d63c6932f.jpg,800,567,RGB,138.1513671875,False,False
CompCars,134/647/2013/8321f44d0deea9.jpg,800,552,RGB,99.5,False,False
CompCars,154/1052/2010/4c98a773f8fb0e.jpg,908,626,RGB,75.5517578125,False,False
CompCars,36/552/2015/041d27d6618640.jpg,800,567,RGB,78.2998046875,False,False
CompCars,105/307/2012/d9834ad122781f.jpg,800,552,RGB,104.2099609375,False,False
CompCars,153/1747/2010/6d3ddc9b2c0eee.jpg,909,627,RGB,115.5390625,False,False
CompCars,70/1860/2013/b243cb1b297765.jpg,800,552,RGB,86.5537109375,False,False
CompCars,39/1324/2007/39a5406cda210b.jpg,800,567,RGB,66.8505859375,False,False
CompCars,158/1256/2013/cdcdb59e9f5c06.jpg,908,626,RGB,83.576171875,False,False
CompCars,139/1639/2013/76cb4991c9f51c.jpg,800,567,RGB,74.734375,False,False
CompCars,117/1168/2014/85412a9d6e1db1.jpg,800,567,RGB,162.142578125,False,False
CompCars,137/1733/2009/ae8dd51e5dfe0d.jpg,800,567,RGB,60.4658203125,False,False
CompCars,118/959/2014/21cf8524d1f499.jpg,908,626,RGB,86.91015625,False,False
CompCars,39/1350/2016/f58091710fba70.jpg,800,567,RGB,103.126953125,False,False
CompCars,113/729/2013/1404081d9a5f4c.jpg,950,445,RGB,132.71875,False,False
CompCars,97/908/2015/ae4b375865d8cc.jpg,800,552,RGB,105.880859375,False,False
CompCars,78/63/2013/6fb551d8a7598b.jpg,908,626,RGB,81.26171875,False,False
CompCars,53/776/2014/fe71689265fde0.jpg,800,567,RGB,45.2958984375,False,False
CompCars,75/1660/2014/d6580c19b11ed6.jpg,800,1033,RGB,148.4140625,False,False
CompCars,28/1885/2010/95c5e26e763801.jpg,908,626,RGB,103.8642578125,False,False
CompCars,81/105/2009/f15eb26c60f904.jpg,908,626,RGB,129.3876953125,False,False
CompCars,14/1831/2013/d7f20c2a042e2f.jpg,908,626,RGB,53.552734375,False,False
CompCars,157/1925/2013/a94676c2bf7ddd.jpg,800,567,RGB,79.330078125,False,False
CompCars,102/268/2013/ddd2a842a06f40.jpg,800,416,RGB,127.0849609375,False,False
CompCars,75/1672/2014/d8f66c51318e2c.jpg,800,567,RGB,178.36328125,False,False
CompCars,100/215/2014/d6c6ad02f7fd0c.jpg,908,626,RGB,80.341796875,False,False
CompCars,111/1708/2006/f891b8022f2d18.jpg,800,567,RGB,64.955078125,False,False
CompCars,84/1965/2012/729a833fd1d21b.jpg,800,567,RGB,124.470703125,False,False
CompCars,122/607/2013/fb2341aa559253.jpg,800,552,RGB,135.9482421875,False,False
CompCars,83/369/2010/f361e2e69cdbc2.jpg,908,626,RGB,115.6650390625,False,False
CompCars,110/1100/2005/81d8ad0ab01aac.jpg,800,567,RGB,58.9775390625,False,False
CompCars,160/797/2013/a786c8a971770d.jpg,908,626,RGB,67.7900390625,False,False
CompCars,94/1237/2011/870b8237ec62b0.jpg,800,482,RGB,53.0595703125,False,False
CompCars,122/630/2013/12d326948dfb8c.jpg,908,626,RGB,122.2109375,False,False
CompCars,73/466/2011/50989a90cdc52f.jpg,908,626,RGB,107.83984375,False,False
CompCars,114/1439/2012/268f1e48ac592a.jpg,800,552,RGB,132.1953125,False,False
CompCars,102/271/2009/71924375ad543a.jpg,800,567,RGB,74.4462890625,False,False
CompCars,73/445/2013/16d14272ad2bbd.jpg,908,626,RGB,73.818359375,False,False
CompCars,152/397/2014/e4a272a616fbc8.jpg,800,500,RGB,98.328125,False,False
CompCars,15/835/2012/5871ae9d8012a1.jpg,800,567,RGB,58.9951171875,False,False
CompCars,122/595/2010/ddf1d40a6a3e3a.jpg,908,626,RGB,101.28125,False,False
CompCars,137/1729/2011/d80c2804f7ff77.jpg,800,567,RGB,82.216796875,False,False
CompCars,28/1891/2009/b4882c88b39c3e.jpg,908,626,RGB,161.2998046875,False,False
CompCars,114/1443/2014/ca52cee7e03832.jpg,800,567,RGB,74.6416015625,False,False
CompCars,102/260/2010/ef7f3bb3c3769e.jpg,908,626,RGB,179.9521484375,False,False
CompCars,103/1854/2013/b032de8cd46354.jpg,908,626,RGB,85.552734375,False,False
CompCars,162/1633/2010/5270e0d80877f7.jpg,909,629,RGB,59.5478515625,False,False
CompCars,118/984/2012/b0620ecc748037.jpg,908,626,RGB,114.5830078125,False,False
CompCars,122/618/2011/7f5fead63b05c3.jpg,800,567,RGB,90.744140625,False,False
CompCars,117/1174/2008/da7cec99ef2512.jpg,908,626,RGB,117.787109375,False,False
CompCars,149/1818/2010/771684c22bae26.jpg,800,552,RGB,135.7021484375,False,False
CompCars,105/294/2015/0d34e7d8000539.jpg,800,567,RGB,46.10546875,False,False
CompCars,69/1509/2010/2c7ab604013a8d.jpg,908,626,RGB,143.9130859375,False,False
CompCars,48/319/2014/6a0cc7b2a90d81.jpg,908,626,RGB,50.1494140625,False,False
CompCars,39/1374/2009/b0f79c23308459.jpg,800,567,RGB,90.859375,False,False
CompCars,158/1270/2011/06689e883cd489.jpg,800,567,RGB,120.384765625,False,False
CompCars,49/1435/2011/3c09dfe7c34518.jpg,908,626,RGB,115.19921875,False,False
CompCars,73/469/2012/49fb1d40ebfd7d.jpg,800,567,RGB,70.546875,False,False
CompCars,77/154/2014/78fc649a70dc4b.jpg,800,484,RGB,105.67578125,False,False
CompCars,81/86/2011/b3d4156384c806.jpg,800,484,RGB,54.451171875,False,False
CompCars,97/892/2013/67aee7715576c8.jpg,908,626,RGB,135.9716796875,False,False
CompCars,28/1867/2009/6e28b790039be3.jpg,909,627,RGB,138.50390625,False,False
CompCars,141/1820/2015/d6eedee566573e.jpg,800,567,RGB,63.134765625,False,False
CompCars,81/91/2014/d5e91c308fe227.jpg,908,626,RGB,93.3623046875,False,False
CompCars,160/788/2009/fabcacb496ee8b.jpg,908,626,RGB,131.4716796875,False,False
CompCars,95/924/2013/460f02ea117b6f.jpg,800,567,RGB,40.0576171875,False,False
CompCars,158/1266/2006/480b07034edea8.jpg,800,567,RGB,55.8818359375,False,False
CompCars,145/532/2011/bbf07f09769a39.jpg,1024,718,RGB,187.9111328125,False,False
CompCars,39/1372/2014/82412ed44c79cc.jpg,908,626,RGB,239.5478515625,False,False
CompCars,149/1799/2012/7a53e4619c989f.jpg,908,626,RGB,98.6630859375,False,False
CompCars,118/974/2011/bfd8a54e69de4a.jpg,800,484,RGB,123.6103515625,False,False
CompCars,112/670/2013/d6c175d3755608.jpg,908,626,RGB,59.162109375,False,False
CompCars,94/1243/2007/acbc152e1f8850.jpg,800,566,RGB,73.0576171875,False,False
CompCars,140/1220/2014/41b5e69801fc8b.jpg,908,626,RGB,91.6904296875,False,False
CompCars,102/257/2013/a742dbe88bc364.jpg,908,626,RGB,63.916015625,False,False
CompCars,58/327/2010/3ecbab1ceeb0cf.jpg,908,626,RGB,181.361328125,False,False
CompCars,157/1913/2013/db9a79c8547e59.jpg,904,623,RGB,67.373046875,False,False
CompCars,103/1854/2013/08916fb7512df7.jpg,800,552,RGB,57.6767578125,False,False
CompCars,140/1185/2014/496ae3f9974d0a.jpg,800,567,RGB,89.314453125,False,False
CompCars,11/742/2015/a6117cb3eed576.jpg,800,552,RGB,100.876953125,False,False
CompCars,102/263/2015/40d662bf5eb78b.jpg,800,567,RGB,166.609375,False,False
CompCars,77/164/2015/5cf4c90210b948.jpg,800,552,RGB,74.669921875,False,False
CompCars,69/1481/2014/5cf780aea3bc9b.jpg,950,541,RGB,157.9091796875,False,False
CompCars,126/1458/2015/af8ebce6c2ec15.jpg,800,567,RGB,73.107421875,False,False
CompCars,100/252/2010/60b6e2a0e13c37.jpg,908,626,RGB,116.3203125,False,False
CompCars,81/113/2009/74fa9ebffd7737.jpg,800,567,RGB,128.91796875,False,False
CompCars,39/1332/2013/3f0d2f6faa790f.jpg,908,626,RGB,94.912109375,False,False
CompCars,39/1329/2013/b8223453057c85.jpg,908,626,RGB,52.9140625,False,False
CompCars,28/1882/2014/985c39de1d5ae3.jpg,908,626,RGB,147.896484375,False,False
CompCars,38/1957/2009/386d0086610868.jpg,908,626,RGB,82.6943359375,False,False
CompCars,108/1530/2012/5c675bd30a9804.jpg,800,567,RGB,53.3837890625,False,False
CompCars,72/716/2011/05173e6042a14c.jpg,800,1033,RGB,84.6865234375,False,False
CompCars,131/1005/2014/78e27a6753b695.jpg,950,541,RGB,80.7490234375,False,False
CompCars,92/747/2011/4caa6ec9be647a.jpg,908,626,RGB,88.5,False,False
CompCars,159/1570/2013/7c98920c39868a.jpg,800,567,RGB,58.6640625,False,False
CompCars,162/1635/2011/f2333ce7aaa9f8.jpg,1024,718,RGB,95.6162109375,False,False
CompCars,152/411/2013/2557e72f32b597.jpg,800,567,RGB,109.7099609375,False,False
CompCars,81/72/2011/337639cad27f72.jpg,906,626,RGB,85.037109375,False,False
CompCars,111/1719/2008/2137f9a7693219.jpg,908,626,RGB,126.4521484375,False,False
CompCars,122/595/2013/a62156eaf52d5d.jpg,800,552,RGB,54.24609375,False,False
CompCars,82/345/2014/7cf1396e8b337c.jpg,800,467,RGB,77.609375,False,False
CompCars,95/913/2013/02ff4048d7e667.jpg,800,567,RGB,111.5732421875,False,False
CompCars,158/1266/2006/ae24d2227bd63f.jpg,800,567,RGB,59.5986328125,False,False
CompCars,151/429/2014/9cada1e31d01e2.jpg,800,567,RGB,69.0205078125,False,False
CompCars,81/105/2011/4e6b2e43c73c3c.jpg,908,627,RGB,188.71484375,False,False
CompCars,162/1619/2014/0a13509d60518f.jpg,908,626,RGB,118.6494140625,False,False
CompCars,160/803/2013/e59138326923f1.jpg,800,552,RGB,153.50390625,False,False
CompCars,142/1140/2014/b828c9ac3a2435.jpg,908,626,RGB,158.013671875,False,False
CompCars,102/255/2010/96499622e74872.jpg,800,484,RGB,71.1455078125,False,False
CompCars,78/40/2013/ccd8290b855a96.jpg,800,567,RGB,70.9130859375,False,False
CompCars,78/23/2008/109f567a58f050.jpg,800,484,RGB,65.154296875,False,False
CompCars,73/478/2013/34b888a38d5fd5.jpg,908,626,RGB,153.251953125,False,False
CompCars,95/916/2014/6cadf9159fce6b.jpg,800,567,RGB,63.77734375,False,False
CompCars,39/1386/2009/578539dcb4dc22.jpg,909,627,RGB,128.927734375,False,False
CompCars,112/663/2011/89cbbf1f07b441.jpg,800,567,RGB,55.7138671875,False,False
CompCars,17/2004/2003/9c7c153705fd16.jpg,800,567,RGB,55.32421875,False,False
CompCars,100/218/2009/a70475c78e04dc.jpg,908,615,RGB,44.984375,False,False
CompCars,95/914/2014/118376d773eba2.jpg,800,567,RGB,66.66015625,False,False
CompCars,162/1615/2013/4bb65b3f59b2ca.jpg,800,567,RGB,84.115234375,False,False
CompCars,61/348/2014/98b1d9503e0c78.jpg,800,500,RGB,116.490234375,False,False
CompCars,142/1141/2015/05b70935aa7cc0.jpg,800,567,RGB,121.1689453125,False,False
CompCars,2/1308/2013/5c9932fe735fff.jpg,908,626,RGB,80.986328125,False,False
CompCars,108/1524/2007/e75b1404cc57c8.jpg,800,448,RGB,54.9853515625,False,False
CompCars,140/1205/2012/f306dc81c4ecfe.jpg,800,567,RGB,60.3994140625,False,False
CompCars,140/1182/2015/4b31ad6747b9c0.jpg,800,560,RGB,95.3056640625,False,False
CompCars,137/1728/2011/720692fd5271d0.jpg,908,626,RGB,122.0966796875,False,False
CompCars,153/1756/2009/a4f470289274f4.jpg,800,567,RGB,73.98828125,False,False
CompCars,69/1480/2009/84077c5d3734fc.jpg,800,567,RGB,75.9423828125,False,False
CompCars,149/1797/2014/dc0aae129dc6ef.jpg,800,567,RGB,96.0859375,False,False
CompCars,131/1023/2013/63262d5126fe5f.jpg,800,567,RGB,57.4013671875,False,False
CompCars,73/460/2012/3384b98ac465ea.jpg,908,626,RGB,78.1083984375,False,False
CompCars,84/1970/2013/0fe8a20c39f75e.jpg,800,567,RGB,80.6279296875,False,False
CompCars,111/1701/2008/3f3cc4b431857b.jpg,909,627,RGB,84.4921875,False,False
CompCars,22/948/2009/c0eeb3cf41043d.jpg,800,567,RGB,74.6728515625,False,False
CompCars,111/1721/2011/3a373296bf5e0a.jpg,908,626,RGB,144.345703125,False,False
CompCars,77/162/2014/f71b9f2c4dcf7a.jpg,908,626,RGB,95.224609375,False,False
CompCars,111/1708/2006/e2f66f86c2d8f2.jpg,800,567,RGB,67.44921875,False,False
CompCars,43/1899/2010/a1d4f821efacf8.jpg,908,626,RGB,71.7353515625,False,False
CompCars,149/1815/2011/7aa767ab08e674.jpg,908,626,RGB,119.14453125,False,False
CompCars,161/1999/2012/1c14b79ad9225b.jpg,908,626,RGB,91.890625,False,False
CompCars,162/1609/2014/82406a13f6350f.jpg,800,567,RGB,63.8076171875,False,False
CompCars,39/1380/2007/4203097d791f55.jpg,908,626,RGB,133.8564453125,False,False
CompCars,162/1636/2013/7bd50e2717e1b6.jpg,908,626,RGB,92.7587890625,False,False
CompCars,37/1993/2012/f3e033d8c73fd5.jpg,950,541,RGB,130.2353515625,False,False
CompCars,95/913/2013/4cb99de4fe3e3f.jpg,908,626,RGB,75.6728515625,False,False
CompCars,162/1611/2010/0d1b441208e253.jpg,908,626,RGB,131.2900390625,False,False
CompCars,118/987/2013/6811881054a352.jpg,908,626,RGB,94.736328125,False,False
CompCars,111/1721/2011/a2e799619584d8.jpg,908,626,RGB,74.42578125,False,False
CompCars,139/1641/2013/dc04012e1ceb3e.jpg,908,626,RGB,100.5185546875,False,False
CompCars,122/590/2012/ca6fa0680285a9.jpg,800,484,RGB,57.3408203125,False,False
CompCars,73/496/2015/f4dee319adfe51.jpg,800,567,RGB,36.9970703125,False,False
CompCars,149/1791/2013/0f2930cbdbd2a0.jpg,800,567,RGB,124.9912109375,False,False
CompCars,77/162/2012/02143cbf44178f.jpg,908,626,RGB,143.466796875,False,True
CompCars,160/801/2014/81a14b92cc081d.jpg,908,626,RGB,73.2998046875,False,False
CompCars,83/369/2010/98a940d04eb7df.jpg,908,626,RGB,60.3720703125,False,False
CompCars,118/973/2013/384666cb708126.jpg,908,626,RGB,103.396484375,False,False
CompCars,153/1748/2014/a5efc2544846b6.jpg,800,567,RGB,51.2607421875,False,False
CompCars,54/201/2014/fd278762d104eb.jpg,800,567,RGB,89.9775390625,False,False
CompCars,118/962/2014/9ff4e8943cce52.jpg,800,500,RGB,63.7841796875,False,False
CompCars,33/576/2012/78326c8689524a.jpg,950,541,RGB,129.6083984375,False,False
CompCars,151/429/2014/f1c87c02169a8d.jpg,800,552,RGB,132.3857421875,False,False
CompCars,154/1058/2013/a16bdeadedfdbf.jpg,800,552,RGB,93.3955078125,False,False
CompCars,75/1656/2011/237d4440c5bb4d.jpg,908,626,RGB,94.2958984375,False,False
CompCars,97/860/2010/a52a2f2d2d2b47.jpg,908,626,RGB,93.7392578125,False,False
CompCars,87/674/2013/138f95ab3e9134.jpg,800,567,RGB,52.2626953125,False,False
CompCars,95/931/2014/6a96c42ca8d54e.jpg,800,567,RGB,74.68359375,False,False
CompCars,157/1915/2011/f15eb49800d584.jpg,908,626,RGB,79.6904296875,False,False
CompCars,75/1672/2014/66b2972a42c541.jpg,800,417,RGB,65.0419921875,False,False
CompCars,122/612/2009/3fee3ab72760b2.jpg,909,627,RGB,101.0986328125,False,False
CompCars,44/1771/2011/bca7a7747f7af1.jpg,800,567,RGB,84.1611328125,False,False
CompCars,122/588/2013/262baa1bbb7d9d.jpg,908,626,RGB,84.9013671875,False,False
CompCars,27/1064/2015/ace36f4686fb5e.jpg,800,552,RGB,58.7587890625,False,False
CompCars,114/1448/2011/3164ba4c525b33.jpg,800,567,RGB,57.9169921875,False,False
CompCars,112/662/2015/637d48ef7c68aa.jpg,800,567,RGB,53.2265625,False,False
CompCars,97/875/unknown/b8038ef40fbdcb.jpg,909,626,RGB,111.56640625,False,False
CompCars,122/594/2008/7f83e8d5481114.jpg,908,626,RGB,80.1318359375,False,False
CompCars,139/1646/2012/737825177c4fd2.jpg,800,567,RGB,67.666015625,False,False
CompCars,162/1628/2014/15052a14ae99ef.jpg,800,567,RGB,94.291015625,False,False
CompCars,75/1679/2012/e93ff883016071.jpg,908,626,RGB,87.6923828125,False,False
CompCars,162/1621/2010/26bc7562c226e8.jpg,908,626,RGB,98.4560546875,False,False
CompCars,158/1287/2009/0dd8f47f17aebb.jpg,1024,718,RGB,264.92578125,False,False
CompCars,117/1172/2013/412c50b5024ab8.jpg,800,552,RGB,62.3056640625,False,False
CompCars,54/195/2009/cb2eb5574ccac2.jpg,909,627,RGB,147.056640625,False,False
CompCars,97/868/2013/8e07df0e18c7db.jpg,908,626,RGB,97.8056640625,False,False
CompCars,54/200/2013/67e986a4e5243d.jpg,800,567,RGB,92.6513671875,False,False
CompCars,105/297/2008/883559a270f026.jpg,800,567,RGB,77.1865234375,False,False
CompCars,77/150/2013/4b6d26f4ce923e.jpg,908,626,RGB,94.705078125,False,False
CompCars,163/718/2012/c7ec7e29ae83de.jpg,800,417,RGB,61.2041015625,False,False
CompCars,142/1138/2011/bba666f7f40557.jpg,908,626,RGB,89.125,False,False
CompCars,89/1785/2013/8741ec269a9735.jpg,1024,718,RGB,100.6259765625,False,False
CompCars,118/967/2011/55d05ca7a2abfa.jpg,950,541,RGB,147.998046875,False,False
CompCars,114/1441/2013/966fc5601072df.jpg,800,567,RGB,73.421875,False,False
CompCars,162/1619/2012/c44e94929f78a9.jpg,800,567,RGB,78.126953125,False,False
CompCars,97/909/2005/5fcd8e8a8622ed.jpg,800,567,RGB,62.3857421875,False,False
CompCars,122/591/2009/120d8a26f4b484.jpg,800,551,RGB,93.232421875,False,False
CompCars,102/272/2015/2c621e25335df6.jpg,908,626,RGB,104.3134765625,False,False
CompCars,37/1988/2011/7f2ed4a670c388.jpg,800,567,RGB,100.87890625,False,False
CompCars,14/1829/2012/553eb0193884dd.jpg,908,626,RGB,79.3310546875,False,False
CompCars,159/1582/2012/b7362db6a0f1ae.jpg,800,567,RGB,136.830078125,False,False
CompCars,4/516/2012/e2ff29b844b48e.jpg,800,567,RGB,102.162109375,False,False
CompCars,92/755/2015/d1d59ebdf94dc5.jpg,800,567,RGB,71.2373046875,False,False
CompCars,4/512/2013/21955b4e68dd36.jpg,908,626,RGB,63.46875,False,False
CompCars,159/1572/2008/79e0f465504919.jpg,800,567,RGB,99.7021484375,False,False
CompCars,131/1022/2015/04f405dd47de7e.jpg,908,626,RGB,172.13671875,False,False
CompCars,140/1182/2015/e1b7e17f4e55a5.jpg,800,567,RGB,84.8935546875,False,False
CompCars,39/1332/2013/c4b3ba572ce97e.jpg,800,567,RGB,108.80078125,False,False
CompCars,50/1131/2012/2a1bdcff238a36.jpg,908,626,RGB,109.4052734375,False,False
CompCars,15/831/2014/2690d2c1375dd0.jpg,800,567,RGB,56.3623046875,False,False
CompCars,39/1337/2011/556ed715d7f314.jpg,800,567,RGB,76.7705078125,False,False
CompCars,139/1641/2013/0cfec2493c4c65.jpg,800,567,RGB,84.4619140625,False,False
CompCars,81/76/2008/b8e187de36ad48.jpg,908,626,RGB,58.8525390625,False,False
CompCars,73/485/2009/2def9e03e77ea6.jpg,1024,717,RGB,148.2998046875,False,False
CompCars,125/781/2004/db79aaccc47b7a.jpg,800,567,RGB,101.6162109375,False,False
CompCars,159/1573/2010/fa11379286d910.jpg,908,626,RGB,66.46484375,False,False
CompCars,102/269/2014/dd0c6243d6ae9d.jpg,908,626,RGB,70.6552734375,False,False
CompCars,159/1572/2012/2222f73c0b8642.jpg,908,626,RGB,60.66015625,False,False
CompCars,77/127/2015/fe695ea6d3affc.jpg,908,626,RGB,71.4248046875,False,False
CompCars,27/1071/2014/26a9bc24d06e3d.jpg,800,567,RGB,103.9228515625,False,False
CompCars,31/543/2012/acb3ce7ad7da3e.jpg,908,626,RGB,81.5751953125,False,False
CompCars,100/210/2012/3f38c8b803a6c3.jpg,800,567,RGB,62.783203125,False,False
CompCars,162/1620/2010/fa1fb04f84545e.jpg,907,626,RGB,52.0400390625,False,False
CompCars,118/982/2013/088777bdf27819.jpg,800,567,RGB,65.220703125,False,False
CompCars,128/1894/2012/4b328b4f635e5e.jpg,908,626,RGB,120.2373046875,False,False
CompCars,157/1921/2009/f990011d33ca7c.jpg,909,627,RGB,79.3193359375,False,False
CompCars,64/1454/2004/f4d12d5cad4b65.jpg,800,567,RGB,109.7197265625,False,False
CompCars,56/825/2011/7ca3f61a87424d.jpg,800,567,RGB,81.841796875,False,False
CompCars,118/976/2008/7183c761757111.jpg,800,567,RGB,76.4091796875,False,False
CompCars,85/375/2013/24f6a09209f5c2.jpg,908,626,RGB,99.3876953125,False,False
CompCars,45/1033/2011/9015158ae782a4.jpg,800,567,RGB,95.3603515625,False,False
CompCars,155/814/2013/4d7ddc3dcefda6.jpg,800,500,RGB,93.296875,False,False
CompCars,141/1820/2011/dd8d0bfee421cb.jpg,800,567,RGB,48.314453125,False,False
CompCars,140/1188/2009/85607937638f1f.jpg,909,627,RGB,139.8974609375,False,False
CompCars,111/1701/2009/b7e0cc670ed61b.jpg,908,626,RGB,148.03515625,False,False
CompCars,68/944/2015/65e0ac5463f0e6.jpg,800,451,RGB,47.5595703125,False,False
CompCars,118/982/2015/06603b5c41c993.jpg,800,567,RGB,53.4423828125,False,False
CompCars,5/1041/2006/f77e5aef3ba7bf.jpg,800,567,RGB,95.201171875,False,False
CompCars,81/87/2013/76173e94841ccf.jpg,950,538,RGB,120.0966796875,False,False
CompCars,152/402/2010/ee575e2358f65e.jpg,908,626,RGB,85.013671875,False,False
CompCars,77/175/2015/781c7ce4f1bfb1.jpg,908,626,RGB,94.6865234375,False,False
CompCars,69/1472/2013/d2d8cd2f88c5fc.jpg,800,418,RGB,41.765625,False,False
CompCars,150/396/2014/4e7a5548f12ce9.jpg,908,626,RGB,89.341796875,False,False
CompCars,77/184/2015/37fdfec595e4d7.jpg,800,552,RGB,125.7822265625,False,True
CompCars,111/1711/2007/6ff1ea9dbe137c.jpg,800,567,RGB,86.1611328125,False,False
CompCars,158/1254/2013/de5c99fe5f51bf.jpg,800,484,RGB,65.5927734375,False,False
CompCars,132/1226/2012/03cbd153183759.jpg,800,552,RGB,62.2431640625,False,False
CompCars,150/385/2014/dcb158737c47e2.jpg,800,552,RGB,78.6318359375,False,False
CompCars,89/1786/2012/33065833d891c3.jpg,904,623,RGB,64.1328125,False,False
CompCars,111/1721/2011/70d916b63b1688.jpg,908,626,RGB,80.5087890625,False,False
CompCars,77/156/2014/3a603dddebb63c.jpg,800,567,RGB,145.76953125,False,False
CompCars,158/1285/2015/a1900451306472.jpg,800,567,RGB,59.5625,False,False
CompCars,4/516/2012/186597bb65a0ca.jpg,800,567,RGB,119.7490234375,False,False
CompCars,81/104/2014/52f15ec1126a10.jpg,800,567,RGB,83.69140625,False,False
CompCars,117/1169/2013/23db106433aa07.jpg,800,567,RGB,95.3427734375,False,False
CompCars,81/102/2013/d27f3a2c18cb67.jpg,908,626,RGB,69.9873046875,False,False
CompCars,158/1255/2011/2b52873287c7ce.jpg,908,626,RGB,70.76171875,False,False
CompCars,35/557/2011/8ab1b78ce59214.jpg,908,626,RGB,109.40234375,False,False
CompCars,97/891/2012/dd8f66075b7228.jpg,908,626,RGB,145.107421875,False,False
CompCars,111/1722/2014/b5e22f80fd4fc2.jpg,908,626,RGB,199.3232421875,False,False
CompCars,89/1785/2010/b107d4fbe384d1.jpg,908,626,RGB,144.337890625,False,False
CompCars,87/672/2013/d097f3a524bb6d.jpg,908,626,RGB,87.6171875,False,False
CompCars,84/1965/2014/40be029e86c109.jpg,800,552,RGB,50.0380859375,False,False
CompCars,162/1620/2012/ff4c7530846e84.jpg,800,567,RGB,88.423828125,False,False
CompCars,12/1318/2014/8c82e42bfa2546.jpg,908,626,RGB,73.7802734375,False,False
CompCars,162/1613/2012/ed73d093828b4c.jpg,908,626,RGB,120.537109375,False,False
CompCars,28/1891/2007/a8d15093366a9f.jpg,800,567,RGB,113.2119140625,False,False
CompCars,97/906/2014/efc48390130f8b.jpg,800,567,RGB,92.3388671875,False,False
CompCars,134/651/2005/7ab7b6a6c57d80.jpg,800,567,RGB,141.7294921875,False,False
CompCars,73/472/2010/63ede06b870a53.jpg,800,482,RGB,53.5673828125,False,False
CompCars,81/118/2013/1ef0077d75e751.jpg,908,626,RGB,137.29296875,False,False
CompCars,82/345/2015/768dcf55671196.jpg,800,567,RGB,104.7841796875,False,False
CompCars,78/24/2013/138e537fb4b7ff.jpg,908,626,RGB,54.2177734375,False,False
CompCars,142/1141/2015/f8ffb43530dc91.jpg,800,567,RGB,167.7158203125,False,False
CompCars,153/1749/2011/d1706e863ce28e.jpg,800,552,RGB,46.763671875,False,False
CompCars,102/262/2012/b6a3f857514e18.jpg,908,626,RGB,75.1767578125,False,False
CompCars,154/1063/2009/efac15f2a3c678.jpg,800,567,RGB,46.994140625,False,False
CompCars,94/1234/2013/1fb6ccb78a89d5.jpg,800,567,RGB,65.5009765625,False,False
CompCars,81/79/2016/51b66b3b6705ca.jpg,800,567,RGB,76.41796875,False,False
CompCars,143/1837/2012/c498c9171b7f14.jpg,908,626,RGB,98.3466796875,False,False
CompCars,157/1930/2014/81d914b9bdd73c.jpg,800,567,RGB,116.369140625,False,False
CompCars,57/1607/2013/ae0ec89fece1af.jpg,800,567,RGB,44.14453125,False,False
CompCars,162/1636/2013/a4534f3a604f98.jpg,800,567,RGB,131.3486328125,False,False
CompCars,148/1554/2012/7856a23aa777d0.jpg,800,567,RGB,58.4609375,False,False
CompCars,162/1610/2013/a2796acc419703.jpg,908,626,RGB,122.5009765625,False,True
CompCars,31/534/2012/ed9d40c27b8111.jpg,800,567,RGB,102.65625,False,False
CompCars,46/1288/2013/5600d0dfa292a1.jpg,800,567,RGB,78.1953125,False,False
CompCars,118/980/2009/9a7e7c8215da4b.jpg,800,567,RGB,98.1484375,False,False
CompCars,53/778/2013/3882512eb873fa.jpg,800,567,RGB,151.2265625,False,False
CompCars,151/424/2009/5120e94b5d9047.jpg,800,567,RGB,110.640625,False,False
CompCars,7/684/2013/cee614fce42058.jpg,800,567,RGB,147.126953125,False,False
CompCars,140/1200/2010/5e086b8e4655ef.jpg,906,626,RGB,140.0927734375,False,False
CompCars,103/1843/2013/8e3c3f61eb1f46.jpg,800,567,RGB,97.1884765625,False,False
CompCars,73/443/2013/3bac5d490e0c92.jpg,908,626,RGB,157.896484375,False,False
CompCars,78/13/2014/771e4a308a8398.jpg,800,567,RGB,76.4169921875,False,False
CompCars,110/1098/2013/7b419780ecccff.jpg,800,552,RGB,95.24609375,False,False
CompCars,2/1308/2013/f5213d0cfd71a9.jpg,800,567,RGB,36.7724609375,False,False
CompCars,122/619/2013/bb2bd5117cbbb2.jpg,908,626,RGB,176.0908203125,False,False
CompCars,58/342/2012/78b2fbf20e1357.jpg,908,626,RGB,150.0791015625,False,False
CompCars,81/86/2010/5a3c9c440c9c18.jpg,800,482,RGB,62.3583984375,False,False
CompCars,60/353/2011/04fa2b6e627fe3.jpg,800,567,RGB,120.9619140625,False,False
CompCars,82/343/2014/200155c11178af.jpg,800,567,RGB,63.50390625,False,False
CompCars,105/307/2014/04d0cf8e0d1733.jpg,800,567,RGB,67.0087890625,False,False
CompCars,122/597/2011/37d71657948c4f.jpg,908,626,RGB,77.634765625,False,False
CompCars,69/1487/2012/dc8c872de91b9a.jpg,908,626,RGB,144.0947265625,False,False
CompCars,57/1606/2015/f4a396f4061994.jpg,800,567,RGB,105.8193359375,False,False
CompCars,15/832/2012/4d6940cf9ec4a3.jpg,908,626,RGB,75.896484375,False,False
CompCars,163/718/2009/2258e1ed6fe50f.jpg,1024,718,RGB,102.078125,False,False
CompCars,118/1002/2016/7a140e58c9316c.jpg,800,567,RGB,127.3427734375,False,False
CompCars,122/596/2013/55cec1bbc895dd.jpg,800,567,RGB,52.669921875,False,False
CompCars,112/662/2012/14622f8a1231d8.jpg,908,626,RGB,167.3515625,False,False
CompCars,122/601/2013/4fa5e695ad7e2c.jpg,908,626,RGB,195.5263671875,False,False
CompCars,77/124/2014/7391e831493dd1.jpg,908,626,RGB,205.2783203125,False,False
CompCars,105/303/2013/b88957995c765c.jpg,800,567,RGB,109.7890625,False,False
CompCars,81/70/2013/a51c0262ad0165.jpg,908,626,RGB,93.1484375,False,False
CompCars,7/683/2013/05f024a3b65699.jpg,800,567,RGB,144.0791015625,False,False
CompCars,48/320/2015/d585a960d91b8c.jpg,908,626,RGB,136.505859375,False,False
CompCars,157/1914/2010/5709ef34e6c9a2.jpg,1024,718,RGB,123.240234375,False,False
CompCars,55/1596/2015/71da2a1ae79bbc.jpg,800,552,RGB,190.978515625,False,False
CompCars,81/118/2012/8d1c50e4c0a643.jpg,908,626,RGB,189.7939453125,False,False
CompCars,139/1646/2016/1425eea6f4815c.jpg,800,567,RGB,93.9296875,False,False
CompCars,27/1088/2011/47ba20325884e9.jpg,800,567,RGB,86.9013671875,False,False
CompCars,50/1129/2012/bc187926f2d1ec.jpg,800,567,RGB,54.3828125,False,False
CompCars,111/1706/2012/0b81be9db375e8.jpg,908,626,RGB,89.6259765625,False,False
CompCars,54/202/2014/1713036b7e144a.jpg,800,567,RGB,128.349609375,False,False
CompCars,69/1473/2010/b6ae3470da9aec.jpg,1024,718,RGB,105.5185546875,False,False
CompCars,100/251/2012/68ed0beb8a46d6.jpg,908,626,RGB,157.1357421875,False,False
CompCars,21/1303/2010/c6525358118ed3.jpg,800,484,RGB,62.6630859375,False,False
CompCars,54/195/2009/9fbbcb617d9d9f.jpg,800,567,RGB,62.494140625,False,False
CompCars,94/1235/2014/00971f3c405ac5.jpg,908,626,RGB,52.2333984375,False,False
CompCars,140/1219/2014/24c62499c363dd.jpg,800,567,RGB,93.52734375,False,False
CompCars,64/1453/2008/b2f2dbba79634d.jpg,800,567,RGB,128.42578125,False,False
CompCars,78/36/2012/5d6bd75fd873a3.jpg,908,626,RGB,106.220703125,False,False
CompCars,140/1200/2013/ceb4a6ba8a7718.jpg,908,626,RGB,96.8955078125,False,False
CompCars,73/497/2004/b735c78a06eea4.jpg,908,626,RGB,56.5927734375,False,False
CompCars,73/473/2010/8ecbfa5d9ce899.jpg,908,626,RGB,139.3818359375,False,False
CompCars,29/1246/2015/43783a7a6848db.jpg,800,567,RGB,96.1474609375,False,False
CompCars,69/1473/2012/21c4ae4f81edd8.jpg,908,626,RGB,78.69921875,False,False
CompCars,100/216/2012/d78f878b66031b.jpg,908,626,RGB,152.5205078125,False,False
CompCars,102/259/2013/04a1ffa5088d29.jpg,800,482,RGB,53.3671875,False,False
CompCars,28/1864/2013/3c8843301b91b4.jpg,800,549,RGB,106.724609375,False,False
CompCars,129/1247/2014/d2ea297a5e6d5a.jpg,800,567,RGB,98.203125,False,False
CompCars,134/647/2012/532c6ec280eb84.jpg,800,552,RGB,89.73046875,False,False
CompCars,145/518/2011/e0228ecaba63b6.jpg,908,626,RGB,66.998046875,False,False
CompCars,33/580/2013/40f6e2672e1e41.jpg,800,552,RGB,126.08203125,False,False
CompCars,73/504/2011/23d22ffbcadc02.jpg,908,626,RGB,52.2001953125,False,False
CompCars,77/136/2009/743b10716a0375.jpg,908,626,RGB,84.3828125,False,False
CompCars,95/913/2013/03f92f86d2329a.jpg,800,567,RGB,65.83984375,False,False
CompCars,155/811/2011/4b1e4899ee2013.jpg,800,567,RGB,93.666015625,False,False
CompCars,51/1159/2013/895845444b50c7.jpg,908,626,RGB,95.6318359375,False,False
CompCars,70/1858/2014/f94febb9b9d6a0.jpg,800,567,RGB,62.2451171875,False,False
CompCars,108/1533/2009/ddfc453936f448.jpg,800,567,RGB,75.68359375,False,False
CompCars,139/1643/2013/a45398e6129ddd.jpg,800,567,RGB,64.1123046875,False,False
CompCars,162/1622/2011/e6aa61edc68365.jpg,800,567,RGB,100.197265625,False,False
CompCars,142/1142/2011/87aaf436ff8c4c.jpg,908,626,RGB,118.2333984375,False,False
CompCars,114/1444/2013/e91f39fd3e6f57.jpg,908,626,RGB,55.9453125,False,False
CompCars,154/1053/2014/3808010c3312db.jpg,908,626,RGB,41.189453125,False,False
CompCars,157/1926/2014/16f9e3bc310eaf.jpg,908,626,RGB,70.771484375,False,False
CompCars,75/1670/2012/d05d9ca9ca8a5c.jpg,800,567,RGB,192.31640625,False,False
CompCars,28/1874/2013/aee40a6d0c9120.jpg,800,567,RGB,94.818359375,False,False
CompCars,73/500/2013/e5befa4a36600f.jpg,908,626,RGB,91.9248046875,False,False
CompCars,33/571/2012/0d3727d687d183.jpg,800,484,RGB,99.5830078125,False,False
CompCars,83/373/2006/494e95e6f751bc.jpg,800,567,RGB,148.783203125,False,False
CompCars,150/381/2012/9b00a8a94f21d2.jpg,908,626,RGB,64.6181640625,False,False
CompCars,37/1986/2012/288678246d3c20.jpg,908,626,RGB,150.0771484375,False,False
CompCars,111/1721/2009/990d985f11c24d.jpg,909,626,RGB,93.078125,False,False
CompCars,149/1811/2012/57f1e34ae465f1.jpg,800,567,RGB,99.2255859375,False,False
CompCars,145/527/2002/544bc228cd56b5.jpg,908,626,RGB,151.7216796875,False,False
CompCars,103/1849/2015/fe652aaf1927c9.jpg,800,552,RGB,50.0888671875,False,False
CompCars,87/674/2013/de0c0962d759b1.jpg,800,567,RGB,72.486328125,False,False
CompCars,81/114/2015/c543641d52ac0b.jpg,800,552,RGB,49.7568359375,False,False
CompCars,134/655/2013/17edebfe05b88e.jpg,908,626,RGB,93.3974609375,False,False
CompCars,73/487/2009/ef8e291f2eaa48.jpg,800,567,RGB,44.3154296875,False,True
CompCars,97/906/2014/3216a64515f4c3.jpg,800,567,RGB,117.771484375,False,False
CompCars,78/21/2013/4e420cdfe7994a.jpg,908,626,RGB,45.2275390625,False,False
CompCars,100/215/2011/e5a511fb5ca393.jpg,908,626,RGB,65.8046875,False,False
CompCars,81/69/2014/fab2bbb2f0e794.jpg,908,626,RGB,128.46484375,False,False
CompCars,39/1341/2012/c202eda977b84b.jpg,800,567,RGB,76.013671875,False,False
CompCars,77/136/2013/ad6976a06e0a9f.jpg,800,567,RGB,104.5048828125,False,False
CompCars,73/463/2012/ce2f39e368c689.jpg,908,626,RGB,183.7744140625,False,False
CompCars,95/927/2011/48c6aaf7032179.jpg,908,626,RGB,204.19140625,False,False
CompCars,106/1313/2014/e683eed0f32de2.jpg,800,567,RGB,93.8720703125,False,False
CompCars,39/1374/2011/112c8479fc268d.jpg,800,567,RGB,73.7490234375,False,False
CompCars,73/454/2008/1bca587444a209.jpg,1024,718,RGB,91.951171875,False,False
CompCars,117/1173/2014/c24ad61de909cd.jpg,908,626,RGB,161.5380859375,False,False
CompCars,3/1758/2009/f4b3d92c2395d2.jpg,800,567,RGB,142.5458984375,False,False
CompCars,73/478/2013/0d7f3575bac9ba.jpg,800,567,RGB,75.224609375,False,False
CompCars,137/1735/2012/4a0a7408f89e85.jpg,908,626,RGB,103.220703125,False,False
CompCars,77/129/2014/b00f30f79f70ad.jpg,908,626,RGB,53.693359375,False,False
CompCars,38/1961/2012/3909253d4edf53.jpg,908,626,RGB,204.3681640625,False,False
CompCars,97/852/2011/b9a9f4ce4d29de.jpg,908,626,RGB,58.548828125,False,False
CompCars,131/1023/2010/1c60edd0ab0cfb.jpg,908,626,RGB,77.2294921875,False,False
CompCars,15/829/2013/53c4806685acf5.jpg,908,626,RGB,74.4794921875,False,False
CompCars,122/618/2013/23f252bdac2905.jpg,800,567,RGB,62.4765625,False,False
CompCars,70/1863/2012/2d2192562b5763.jpg,908,626,RGB,88.6865234375,False,False
CompCars,134/657/2011/d1a49fb53a0f60.jpg,800,567,RGB,90.869140625,False,False
CompCars,125/780/2013/7f54361994881b.jpg,800,552,RGB,60.2744140625,False,False
CompCars,67/1699/2009/1b15fa293fbdc3.jpg,1024,718,RGB,188.7919921875,False,False
CompCars,95/911/2010/186406f396325f.jpg,908,626,RGB,76.61328125,False,False
CompCars,75/1669/2010/6f8790a40e5b4e.jpg,908,626,RGB,101.5068359375,False,False
CompCars,45/1029/2013/6d0a30ac009a04.jpg,800,567,RGB,87.9375,False,False
CompCars,111/1708/2006/28ca593574e8a3.jpg,800,567,RGB,51.888671875,False,False
CompCars,38/1959/2004/429e568fdd52a5.jpg,640,447,RGB,93.9765625,False,False
CompCars,134/643/2012/b6a33597a9a512.jpg,908,626,RGB,77.244140625,False,False
CompCars,118/955/2009/d6771bfb453d60.jpg,909,627,RGB,146.6484375,False,False
CompCars,39/1333/2015/c6899ab6bfb675.jpg,800,567,RGB,60.73046875,False,False
CompCars,103/1848/2009/bf5f8140bad851.jpg,907,626,RGB,140.5927734375,False,False
CompCars,150/377/2011/ab6a9c8875ce39.jpg,800,567,RGB,99.087890625,False,False
CompCars,158/1259/2014/92ff4e7dac1f9a.jpg,908,626,RGB,81.380859375,False,False
CompCars,118/959/2014/0cfdfe4cbc4cad.jpg,800,567,RGB,80.4951171875,False,False
CompCars,39/1323/2011/2f971dbd0f9954.jpg,908,626,RGB,122.5244140625,False,False
CompCars,95/930/2014/f9b90696f248d8.jpg,800,567,RGB,52.3193359375,False,False
CompCars,75/1670/2012/63f4b55ea5473c.jpg,800,552,RGB,54.1484375,False,False
CompCars,39/1350/2016/584184759e0b11.jpg,800,567,RGB,81.615234375,False,False
CompCars,87/676/2014/ad3c7ff2155b3f.jpg,950,539,RGB,148.703125,False,False
CompCars,122/596/2013/9d4e62a49d2e49.jpg,800,567,RGB,88.7744140625,False,False
CompCars,57/1607/2013/df2c5c1a6c7276.jpg,800,567,RGB,88.564453125,False,False
CompCars,97/906/2014/2b42b1a307587d.jpg,800,567,RGB,116.248046875,False,False
CompCars,97/877/2014/7e820a2ed61675.jpg,908,626,RGB,87.8466796875,False,False
CompCars,38/1954/2009/7605ee368a566f.jpg,908,626,RGB,148.400390625,False,False
CompCars,54/196/2013/9fbcbdc6d6e7c0.jpg,908,626,RGB,63.2763671875,False,False
CompCars,48/317/2013/e13c3cd74a9be0.jpg,908,626,RGB,154.9853515625,False,False
CompCars,142/1140/2011/8f51dfe460ca2c.jpg,908,626,RGB,83.771484375,False,False
CompCars,97/853/2010/c03ac35df2d89a.jpg,908,626,RGB,146.1083984375,False,False
CompCars,150/380/2010/3e558e5e1b10e3.jpg,908,626,RGB,71.916015625,False,False
CompCars,78/63/2013/94629e96cd302b.jpg,800,567,RGB,63.390625,False,False
CompCars,160/797/2013/41719450fd8666.jpg,800,567,RGB,61.6005859375,False,False
CompCars,162/1613/2010/b14871c983bde6.jpg,800,485,RGB,57.384765625,False,False
CompCars,142/1140/2014/15fc3de8bb2244.jpg,908,626,RGB,114.3466796875,False,False
CompCars,131/1023/2010/dc710b4498f5f0.jpg,800,567,RGB,68.8447265625,False,False
CompCars,77/127/2010/5d84552bca00ee.jpg,908,626,RGB,68.740234375,False,False
CompCars,73/508/2013/5e1f6538747fed.jpg,908,626,RGB,76.892578125,False,False
CompCars,87/673/2013/b1ba1f66862e48.jpg,908,626,RGB,64.888671875,False,False
CompCars,102/254/2014/cf1f1dab5dad0d.jpg,800,564,RGB,136.8623046875,False,False
CompCars,77/127/2010/bd8c42ea5aa456.jpg,908,626,RGB,70.8466796875,False,False
CompCars,100/210/2012/0429844e26783f.jpg,800,567,RGB,65.07421875,False,False
CompCars,77/137/2010/ee929927f1f2ab.jpg,908,626,RGB,65.4453125,False,False
CompCars,69/1475/2012/2fe92f3d361d75.jpg,950,541,RGB,114.43359375,False,False
CompCars,98/431/2006/b4b86f5fb5e175.jpg,800,567,RGB,144.0849609375,False,False
CompCars,150/380/2013/0335896f9fcfce.jpg,908,626,RGB,83.837890625,False,False
CompCars,97/857/2014/efb8a85585038a.jpg,800,567,RGB,93.056640625,False,False
CompCars,157/1909/2013/4bd6c107853042.jpg,800,484,RGB,50.556640625,False,False
CompCars,152/399/2014/92efe0647d32ce.jpg,908,626,RGB,74.939453125,False,False
CompCars,149/1792/2015/c7f99c52f3809c.jpg,800,552,RGB,150.93359375,False,False
CompCars,39/1322/2011/1623818593d26b.jpg,908,626,RGB,86.8154296875,False,False
CompCars,88/1425/2012/8dfb194fa5722c.jpg,950,541,RGB,132.4150390625,False,False
CompCars,73/449/2015/569b074c96c0fb.jpg,800,552,RGB,79.1572265625,False,False
CompCars,39/1342/2012/eb9356304b3319.jpg,908,603,RGB,88.6904296875,False,True
CompCars,75/1653/2013/ecef6c0f7d8dc4.jpg,800,484,RGB,92.3515625,False,False
CompCars,78/34/2012/da5e26778e4c23.jpg,908,626,RGB,83.49609375,False,False
CompCars,54/191/2014/0b8be13ad08806.jpg,908,626,RGB,125.478515625,False,False
CompCars,68/935/2014/fcf833f171605f.jpg,800,567,RGB,87.05078125,False,False
CompCars,55/1595/2013/6262901efbcd4d.jpg,800,567,RGB,79.3251953125,False,False
CompCars,114/1450/2014/481499700067c0.jpg,800,567,RGB,74.810546875,False,False
CompCars,88/1424/2013/4af724e73642fc.jpg,800,567,RGB,69.34765625,False,False
CompCars,118/984/2012/54a7f3302c7058.jpg,800,567,RGB,109.9990234375,False,False
CompCars,9/1116/2014/615de85031df0d.jpg,800,567,RGB,80.353515625,False,False
CompCars,95/931/2014/de509ac0b9e5fd.jpg,800,567,RGB,96.560546875,False,False
CompCars,131/1023/2013/3c306d070739aa.jpg,1024,718,RGB,211.8310546875,False,False
CompCars,81/86/2011/6ecb4d49a65fac.jpg,908,626,RGB,74.5771484375,False,False
CompCars,69/1512/2010/30c122daa9d012.jpg,908,626,RGB,150.1259765625,False,False
CompCars,85/376/2009/aeafcc9c2195a0.jpg,908,626,RGB,36.146484375,False,False
CompCars,5/1042/2010/969ad2bc0c9939.jpg,800,567,RGB,75.376953125,False,False
CompCars,153/1751/2010/34c2eaeb87dc7c.jpg,800,567,RGB,49.6806640625,False,False
CompCars,108/1522/2014/983bee07de0c3c.jpg,800,567,RGB,155.53125,False,False
CompCars,28/1866/2014/18b58eec6f0c14.jpg,908,626,RGB,227.431640625,False,False
CompCars,89/1785/2010/76ba1d3c14da6d.jpg,907,626,RGB,86.1708984375,False,False
CompCars,131/1023/2013/1360b6d09e13d8.jpg,908,626,RGB,58.2919921875,False,False
CompCars,100/214/2015/0e81c5efb06b21.jpg,800,552,RGB,50.240234375,False,False
CompCars,71/688/2010/0de88e2f0ea98d.jpg,908,626,RGB,140.4990234375,False,False
CompCars,69/1494/2012/e7c7015fe85bd9.jpg,800,567,RGB,55.5966796875,False,False
CompCars,141/1825/2011/63382ba4e33ccb.jpg,800,567,RGB,142.287109375,False,False
CompCars,102/291/2015/43d3975dce87d3.jpg,908,626,RGB,67.48828125,False,False
CompCars,122/619/2014/6abe0cf3c57690.jpg,908,626,RGB,77.541015625,False,False
CompCars,91/727/2013/cc6bf00d9c71a4.jpg,1024,718,RGB,104.8095703125,False,False
CompCars,73/479/2014/981b2945dd299b.jpg,908,626,RGB,77.0595703125,False,False
CompCars,58/342/2012/9d6b31259eb943.jpg,800,484,RGB,69.1787109375,False,False
CompCars,44/1771/2011/60b6b0bc09de62.jpg,800,567,RGB,79.5791015625,False,False
CompCars,149/1813/2014/e4e30d66aebce1.jpg,908,626,RGB,85.732421875,False,True
CompCars,81/105/2013/b374326eed4878.jpg,908,626,RGB,68.8125,False,False
CompCars,97/903/2015/d02b1926a73dfb.jpg,800,552,RGB,54.4287109375,False,False
CompCars,158/1253/2014/ed45c109185801.jpg,800,552,RGB,49.248046875,False,False
CompCars,108/1522/2014/fab7d4009a2cd9.jpg,908,626,RGB,119.828125,False,False
CompCars,97/894/2016/20d8d50f6235ef.jpg,800,567,RGB,135.802734375,False,False
CompCars,154/1052/2013/ac034da529c127.jpg,800,567,RGB,115.548828125,False,False
CompCars,149/1815/2008/6823fc51b06859.jpg,908,626,RGB,135.841796875,False,False
CompCars,122/623/2011/c7babd41cc6dd6.jpg,800,567,RGB,49.7041015625,False,False
CompCars,78/5/2011/e24dea994bc74c.jpg,908,626,RGB,100.7587890625,False,False
CompCars,97/861/2011/395aa71da0578f.jpg,800,496,RGB,158.8466796875,False,False
CompCars,73/504/2015/3f997db54ce590.jpg,800,567,RGB,108.2265625,False,False
CompCars,118/958/2009/e590faeb7d40ae.jpg,908,626,RGB,89.078125,False,False
CompCars,75/1683/2013/fcacd42b335ab5.jpg,908,626,RGB,85.7119140625,False,False
CompCars,158/1258/2013/26efce15383d4e.jpg,908,626,RGB,90.107421875,False,False
CompCars,140/1195/2008/a0d757f4d2d152.jpg,1024,718,RGB,190.3232421875,False,False
CompCars,33/580/2013/7cd0cdb09f013b.jpg,800,552,RGB,102.810546875,False,False
CompCars,143/1838/2012/b6e31db53c5a7b.jpg,800,567,RGB,75.19921875,False,False
CompCars,77/147/2013/3f53c504640cd0.jpg,800,567,RGB,109.8935546875,False,False
CompCars,81/121/2008/c6ebc0cba8aef9.jpg,800,567,RGB,43.7314453125,False,True
CompCars,22/948/2014/6047e49b0a34d2.jpg,800,567,RGB,210.7158203125,False,False
CompCars,162/1636/2013/50b6fe22eed1f6.jpg,800,567,RGB,61.337890625,False,False
CompCars,92/756/2012/2ea9b279cb58a5.jpg,908,626,RGB,84.078125,False,False
CompCars,15/842/2013/4eae86ae3a87e9.jpg,800,567,RGB,53.1455078125,False,False
CompCars,122/632/2015/aadb9a6f1a8ac0.jpg,800,567,RGB,147.46875,False,False
CompCars,142/1142/2011/7aae110619659d.jpg,800,567,RGB,69.904296875,False,False
CompCars,73/501/2014/e632c9b094e2dd.jpg,908,626,RGB,74.4853515625,False,False
CompCars,152/410/2009/2c30e225bf8f69.jpg,800,482,RGB,91.88671875,False,False
CompCars,145/519/2011/8358091bfcf2b2.jpg,909,627,RGB,101.767578125,False,False
CompCars,69/1483/2014/f0e40c0ce96b53.jpg,908,626,RGB,76.9375,False,False
CompCars,159/1572/2012/3f8d4354d51b33.jpg,908,626,RGB,54.52734375,False,False
CompCars,159/1570/2014/0a587d24e40615.jpg,800,567,RGB,50.705078125,False,False
CompCars,97/868/2014/82a2b6116b0d83.jpg,908,626,RGB,104.2431640625,False,False
CompCars,77/124/2014/f97d57afe9cb34.jpg,908,626,RGB,73.08203125,False,False
CompCars,100/214/2015/d82b1946266510.jpg,800,552,RGB,83.0341796875,False,False
CompCars,108/1531/2008/040730798ed12c.jpg,800,567,RGB,125.94921875,False,False
CompCars,162/1636/2012/56d2d07b0c62de.jpg,908,626,RGB,105.34765625,False,False
CompCars,123/1399/2013/a335be5be8735a.jpg,800,567,RGB,76.380859375,False,False
CompCars,68/935/2013/f2bd6f60f2b199.jpg,800,552,RGB,46.1884765625,False,False
CompCars,37/1984/2013/e9f1615f150468.jpg,908,626,RGB,181.1533203125,False,False
CompCars,102/265/2004/feae4dee1c8970.jpg,800,567,RGB,53.123046875,False,False
CompCars,81/102/2010/13bf3df5bc8f43.jpg,908,626,RGB,117.5419921875,False,False
CompCars,141/1821/2012/e89dfcd13c8bcf.jpg,800,567,RGB,72.962890625,False,False
CompCars,61/348/2014/685512df278cf5.jpg,908,626,RGB,80.55859375,False,False
CompCars,128/1893/2013/6d717e16cffc30.jpg,800,567,RGB,113.8837890625,False,False
CompCars,73/434/2012/0e7e71c3887b54.jpg,800,484,RGB,104.23828125,False,False
CompCars,149/1812/2012/a787fb750797c2.jpg,904,623,RGB,57.1142578125,False,False
CompCars,58/338/2010/19c32f60349a02.jpg,908,626,RGB,101.8251953125,False,False
CompCars,157/1946/2010/9d1aae86c1ff16.jpg,908,626,RGB,121.16015625,False,False
CompCars,78/5/2012/6d6248c76dec2e.jpg,908,626,RGB,64.0400390625,False,False
CompCars,108/1525/2015/156ee547ab2a6d.jpg,800,567,RGB,63.515625,False,False
CompCars,122/619/2015/a34669de0caea7.jpg,800,567,RGB,51.693359375,False,False
CompCars,112/667/2012/362b49c7d95aeb.jpg,800,567,RGB,119.451171875,False,False
CompCars,102/284/2010/4b4d975ad35c57.jpg,800,567,RGB,91.2509765625,False,False
CompCars,118/976/2013/bbe9f4c35db7ce.jpg,908,626,RGB,78.775390625,False,False
CompCars,49/1434/2010/a1e04cc6d1d7d6.jpg,800,567,RGB,138.927734375,False,False
CompCars,150/394/2011/d7c6e058e5571d.jpg,908,626,RGB,123.4306640625,False,False
